movie,year,production_budget,domestic_gross,foreign_gross,worldwide_gross,month,profit,profit_margin,roi,pct_foreign,match_key,popularity,release_date,original_language,vote_average,vote_count,genres,Action,Adventure,Animation,Comedy,Crime,Documentary,Drama,Family,Fantasy,History,Horror,Music,Mystery,Romance,Science Fiction,TV Movie,Thriller,War,Western,no_reported_box_office
Avatar,2009,425000000,760507625,2015837654,2776345279,12,2351345279,0.846921057,5.532577127058824,0.7260759925098639,2009 Avatar,26.526,12/18/2009,en,7.4,18676,"Action,Adventure,Fantasy,Science Fiction",1,1,0,0,0,0,0,0,1,0,0,0,0,0,1,0,0,0,0,FALSE
Pirates of the Caribbean: On Stranger Tides,2011,410600000,241063875,804600000,1045663875,5,635063875,0.6073307973845802,1.5466728567949342,0.7694633230013803,2011 Pirates of the Caribbean: On Stranger Tides,30.579,5/20/2011,en,6.4,8571,"Adventure,Action,Fantasy",1,1,0,0,0,0,0,0,1,0,0,0,0,0,0,0,0,0,0,FALSE
Avengers: Age of Ultron,2015,330600000,459005868,944008095,1403013963,5,1072413963,0.7643644263574588,3.2438413883847548,0.6728429793966348,2015 Avengers: Age of Ultron,44.383,5/1/2015,en,7.3,13457,"Action,Adventure,Science Fiction",1,1,0,0,0,0,0,0,0,0,0,0,0,0,1,0,0,0,0,FALSE
Avengers: Infinity War,2018,300000000,678815482,1369318718,2048134200,4,1748134200,0.8535252231030565,5.827114,0.6685688457328626,2018 Avengers: Infinity War,80.773,4/27/2018,en,8.3,13948,"Adventure,Action,Fantasy",1,1,0,0,0,0,0,0,1,0,0,0,0,0,0,0,0,0,0,FALSE
Justice League,2017,300000000,229024295,426920914,655945209,11,355945209,0.5426447272061713,1.18648403,0.6508484369462023,2017 Justice League,34.953,11/17/2017,en,6.2,7510,"Action,Adventure,Fantasy,Science Fiction",1,1,0,0,0,0,0,0,1,0,0,0,0,0,1,0,0,0,0,FALSE
Spectre,2015,300000000,200074175,679546748,879620923,11,579620923,0.6589439926271513,1.9320697433333331,0.7725450023202779,2015 Spectre,30.318,11/6/2015,en,6.4,6719,"Action,Adventure,Crime",1,1,0,0,1,0,0,0,0,0,0,0,0,0,0,0,0,0,0,FALSE
The Dark Knight Rises,2012,275000000,448139099,636300000,1084439099,7,809439099,0.7464126844434258,2.9434149054545453,0.586754941,2012 The Dark Knight Rises,26.22,7/20/2012,en,7.7,13933,"Action,Crime,Drama,Thriller",1,0,0,0,1,0,1,0,0,0,0,0,0,0,0,0,1,0,0,FALSE
Solo: A Star Wars Story,2018,275000000,213767512,179383835,393151347,5,118151347,0.3005238260063751,0.4296412618181818,0.4562717039349225,2018 Solo: A Star Wars Story,29.502,5/25/2018,en,6.6,3838,"Action,Adventure,Science Fiction",1,1,0,0,0,0,0,0,0,0,0,0,0,0,1,0,0,0,0,FALSE
The Lone Ranger,2013,275000000,89302115,170700000,260002115,7,-14997885,-0.057683704,-0.054537764,0.6565331208940358,2013 The Lone Ranger,12.482,7/3/2013,en,6,3789,"Action,Adventure,Western",1,1,0,0,0,0,0,0,0,0,0,0,0,0,0,0,0,0,1,FALSE
John Carter,2012,275000000,73058679,209719421,282778100,3,7778100,0.02750602,0.028284,0.741639544,2012 John Carter,18.549,3/9/2012,en,6.1,3338,"Action,Adventure,Science Fiction",1,1,0,0,0,0,0,0,0,0,0,0,0,0,1,0,0,0,0,FALSE
Tangled,2010,260000000,200821936,385655304,586477240,11,326477240,0.5566750382333677,1.2556816923076923,0.6575793188496113,2010 Tangled,21.511,11/24/2010,en,7.5,6407,"Animation,Family",0,0,1,0,0,0,0,1,0,0,0,0,0,0,0,0,0,0,0,FALSE
Captain America: Civil War,2016,250000000,408084349,731985064,1140069413,5,890069413,0.7807151063353719,3.560277652,0.642053068,2016 Captain America: Civil War,39.137,5/6/2016,en,7.4,14000,"Adventure,Action,Science Fiction",1,1,0,0,0,0,0,0,0,0,0,0,0,0,1,0,0,0,0,FALSE
Batman v Superman: Dawn of Justice,2016,250000000,330360194,537140087,867500281,3,617500281,0.7118156553081277,2.470001124,0.6191814559193209,2016 Batman v Superman: Dawn of Justice,28.088,3/25/2016,en,5.8,11991,"Action,Adventure,Fantasy",1,1,0,0,0,0,0,0,1,0,0,0,0,0,0,0,0,0,0,FALSE
The Hobbit: An Unexpected Journey,2012,250000000,303003568,714000000,1017003568,12,767003568,0.7541798201439545,3.068014272,0.7020624336688659,2012 The Hobbit: An Unexpected Journey,26.939,12/14/2012,en,7.2,12076,"Adventure,Fantasy,Action",1,1,0,0,0,0,0,0,1,0,0,0,0,0,0,0,0,0,0,FALSE
The Hobbit: The Desolation of Smaug,2013,250000000,258366855,702000000,960366855,12,710366855,0.7396828111065953,2.84146742,0.7309706664126804,2013 The Hobbit: The Desolation of Smaug,21.275,12/13/2013,en,7.6,7739,"Adventure,Fantasy,Action",1,1,0,0,0,0,0,0,1,0,0,0,0,0,0,0,0,0,0,FALSE
The Hobbit: The Battle of the Five Armies,2014,250000000,255119788,690457833,945577621,12,695577621,0.7356113401503609,2.782310484,0.7301968845982238,2014 The Hobbit: The Battle of the Five Armies,53.783,12/17/2014,en,7.3,8392,"Action,Adventure,Fantasy",1,1,0,0,0,0,0,0,1,0,0,0,0,0,0,0,0,0,0,FALSE
The Fate of the Furious,2017,250000000,225764765,1009081502,1234846267,4,984846267,0.7975456486519872,3.939385068,0.8171717637787539,2017 The Fate of the Furious,28.668,4/14/2017,en,6.9,6335,"Action,Crime,Thriller",1,0,0,0,1,0,0,0,0,0,0,0,0,0,0,0,1,0,0,FALSE
Pirates of the Caribbean: Dead Men Tell No Tales,2017,230000000,172558876,615682261,788241137,5,558241137,0.7082111181416303,2.4271353782608696,0.7810836457270562,2017 Pirates of the Caribbean: Dead Men Tell No Tales,28.101,5/26/2017,en,6.6,6931,"Adventure,Action,Fantasy,Comedy",1,1,0,1,0,0,0,0,1,0,0,0,0,0,0,0,0,0,0,FALSE
The Avengers,2012,225000000,623279547,894656350,1517935897,5,1292935897,0.851772397,5.746381764444444,0.5893900735651422,2012 The Avengers,50.289,5/4/2012,en,7.6,19673,"Science Fiction,Action,Adventure",1,1,0,0,0,0,0,0,0,0,0,0,0,0,1,0,0,0,0,FALSE
Man of Steel,2013,225000000,291045518,376954000,667999518,6,442999518,0.6631734096550651,1.9688867466666664,0.5643028023861538,2013 Man of Steel,27.667,6/14/2013,en,6.5,9758,"Action,Adventure,Fantasy,Science Fiction",1,1,0,0,0,0,0,0,1,0,0,0,0,0,1,0,0,0,0,FALSE
The Amazing Spider-Man,2012,220000000,262030663,495859604,757890267,7,537890267,0.7097205102384565,2.444955759090909,0.6542630583749138,2012 The Amazing Spider-Man,24.391,7/4/2012,en,6.5,10411,"Action,Adventure,Fantasy",1,1,0,0,0,0,0,0,1,0,0,0,0,0,0,0,0,0,0,FALSE
Battleship,2012,220000000,65233400,248244317,313477717,5,93477717,0.2981957310860472,0.4248987136363636,0.7919041882010389,2012 Battleship,21.742,5/18/2012,en,5.6,3240,"Thriller,Action,Adventure,Science Fiction",1,1,0,0,0,0,0,0,0,0,0,0,0,0,1,0,1,0,0,FALSE
Transformers: The Last Knight,2017,217000000,130168683,472724657,602893340,6,385893340,0.6400690045771612,1.7783103225806451,0.7840933472577422,2017 Transformers: The Last Knight,24.258,6/21/2017,en,6,3255,"Action,Science Fiction,Thriller,Adventure",1,1,0,0,0,0,0,0,0,0,0,0,0,0,1,0,1,0,0,FALSE
Jurassic World,2015,215000000,652270625,996584239,1648854864,6,1433854864,0.8696064737447989,6.669092390697674,0.6044099215514701,2015 Jurassic World,20.709,6/12/2015,en,6.6,14056,"Action,Adventure,Science Fiction,Thriller",1,1,0,0,0,0,0,0,0,0,0,0,0,0,1,0,1,0,0,FALSE
Men in Black 3,2012,215000000,179020854,475192631,654213485,5,439213485,0.6713611001155074,2.042853418604651,0.7263571324886402,2012 Men in Black 3,26.176,5/25/2012,en,6.4,6398,"Action,Comedy,Science Fiction",1,0,0,1,0,0,0,0,0,0,0,0,0,0,1,0,0,0,0,FALSE
Transformers: Age of Extinction,2014,210000000,245439076,858600000,1104039076,6,894039076,0.8097893411881374,4.2573289333333335,0.7776898650279295,2014 Transformers: Age of Extinction,20.961,6/27/2014,en,5.8,4805,"Science Fiction,Action,Adventure",1,1,0,0,0,0,0,0,0,0,0,0,0,0,1,0,0,0,0,FALSE
Robin Hood,2010,210000000,105487148,216971858,322459006,5,112459006,0.3487544274077431,0.5355190761904762,0.672866485,2010 Robin Hood,15.444,5/14/2010,en,6.3,2569,"Action,Adventure,Drama",1,1,0,0,0,0,1,0,0,0,0,0,0,0,0,0,0,0,0,FALSE
Black Panther,2018,200000000,700059566,648198658,1348258224,2,1148258224,0.8516604635226018,5.74129112,0.4807674423649575,2018 Black Panther,44.14,2/16/2018,en,7.4,12365,"Action,Adventure,Fantasy,Science Fiction",1,1,0,0,0,0,0,0,1,0,0,0,0,0,1,0,0,0,0,FALSE
Incredibles 2,2018,200000000,608581744,633938967,1242520711,6,1042520711,0.8390368882953775,5.212603555,0.510203944,2018 Incredibles 2,36.286,6/15/2018,en,7.6,6354,"Action,Adventure,Animation,Family",1,1,1,0,0,0,0,1,0,0,0,0,0,0,0,0,0,0,0,FALSE
Rogue One: A Star Wars Story,2016,200000000,532177324,516925532,1049102856,12,849102856,0.8093609231390749,4.24551428,0.4927310311316129,2016 Rogue One: A Star Wars Story,21.401,12/16/2016,en,7.5,9296,"Action,Adventure,Science Fiction",1,1,0,0,0,0,0,0,0,0,0,0,0,0,1,0,0,0,0,FALSE
Finding Dory,2016,200000000,486295561,534919632,1021215193,6,821215193,0.8041548917692218,4.106075965,0.5238069661190401,2016 Finding Dory,15.393,6/17/2016,en,7,7845,"Adventure,Animation,Comedy,Family",0,1,1,1,0,0,0,1,0,0,0,0,0,0,0,0,0,0,0,FALSE
Toy Story 3,2010,200000000,415004880,653874642,1068879522,6,868879522,0.812888173,4.34439761,0.6117383938430434,2010 Toy Story 3,24.445,6/17/2010,en,7.7,8340,"Animation,Family,Comedy",0,0,1,1,0,0,0,1,0,0,0,0,0,0,0,0,0,0,0,FALSE
Iron Man 3,2013,200000000,408992272,806400000,1215392272,5,1015392272,0.8354440746353536,5.07696136,0.6634894910702542,2013 Iron Man 3,32.093,5/3/2013,en,6.9,14155,"Action,Adventure,Science Fiction",1,1,0,0,0,0,0,0,0,0,0,0,0,0,1,0,0,0,0,FALSE
Alice in Wonderland,2010,200000000,334191110,691300000,1025491110,3,825491110,0.8049714931219638,4.12745555,0.6741160340239322,2010 Alice in Wonderland,22.02,3/5/2010,en,6.6,8713,"Family,Fantasy,Adventure",0,1,0,0,0,0,0,1,1,0,0,0,0,0,0,0,0,0,0,FALSE
Skyfall,2012,200000000,304360277,806166704,1110526981,11,910526981,0.8199053211477083,4.552634905,0.7259316682914524,2012 Skyfall,19.27,11/9/2012,en,7.1,10441,"Action,Adventure,Thriller",1,1,0,0,0,0,0,0,0,0,0,0,0,0,0,0,1,0,0,FALSE
Monsters University,2013,200000000,268488329,475100000,743588329,6,543588329,0.7310339710832121,2.717941645,0.6389288016918296,2013 Monsters University,20.33,6/21/2013,en,7,6362,"Animation,Family",0,0,1,0,0,0,0,1,0,0,0,0,0,0,0,0,0,0,0,FALSE
Oz the Great and Powerful,2013,200000000,234770996,255588055,490359051,3,290359051,0.5921356002461143,1.451795255,0.5212263431841906,2013 Oz the Great and Powerful,13.377,3/8/2013,en,5.8,4829,"Fantasy,Adventure,Family",0,1,0,0,0,0,0,1,1,0,0,0,0,0,0,0,0,0,0,FALSE
X-Men: Days of Future Past,2014,200000000,233921534,513941241,747862775,5,547862775,0.7325712594800563,2.739313875,0.6872132939094341,2014 X-Men: Days of Future Past,41.867,5/23/2014,en,7.5,10062,"Action,Adventure,Fantasy,Science Fiction",1,1,0,0,0,0,0,0,1,0,0,0,0,0,1,0,0,0,0,FALSE
The Amazing Spider-Man 2,2014,200000000,202853933,506142403,708996336,5,508996336,0.7179110951004971,2.54498168,0.7138857809273643,2014 The Amazing Spider-Man 2,20.847,5/2/2014,en,6.4,7220,"Action,Adventure,Fantasy",1,1,0,0,0,0,0,0,1,0,0,0,0,0,0,0,0,0,0,FALSE
Cars 2,2011,200000000,191450875,368704508,560155383,6,360155383,0.6429562116695753,1.800776915,0.6582182715541269,2011 Cars 2,23.498,6/16/2011,en,5.9,4058,"Animation,Family,Adventure,Comedy",0,1,1,1,0,0,0,1,0,0,0,0,0,0,0,0,0,0,0,FALSE
Fantastic Beasts: The Crimes of Grindelwald,2018,200000000,159555901,492664185,652220086,11,452220086,0.6933550433465184,2.26110043,0.7553649382702391,2018 Fantastic Beasts: The Crimes of Grindelwald,48.508,11/16/2018,en,6.9,4870,Adventure,0,1,0,0,0,0,0,0,0,0,0,0,0,0,0,0,0,0,0,FALSE
Green Lantern,2011,200000000,116601172,102934320,219535492,6,19535492,0.088985575,0.09767746,0.4688732517109352,2011 Green Lantern,17.257,6/17/2011,en,5.1,4290,"Adventure,Action,Thriller,Science Fiction",1,1,0,0,0,0,0,0,0,0,0,0,0,0,1,0,1,0,0,FALSE
Transformers: Dark of the Moon,2011,195000000,352390543,771400000,1123790543,6,928790543,0.8264801201481546,4.763028425641026,0.686426848,2011 Transformers: Dark of the Moon,5.339,6/28/2011,en,6.1,4961,"Action,Science Fiction,Adventure",1,1,0,0,0,0,0,0,0,0,0,0,0,0,1,0,0,0,0,FALSE
The Mummy,2017,195000000,80101125,329852780,409953905,6,214953905,0.5243367665933076,1.102327717948718,0.804609435,2017 The Mummy,18.53,6/9/2017,en,5.5,4391,"Fantasy,Thriller,Action,Adventure,Horror",1,1,0,0,0,0,0,0,1,0,1,0,0,0,0,0,1,0,0,FALSE
Jack the Giant Slayer,2013,195000000,65187603,132500000,197687603,3,2687603,0.013595203,0.013782579,0.6702494136670776,2013 Jack the Giant Slayer,12.773,3/1/2013,en,5.6,3403,"Action,Adventure,Family,Fantasy",1,1,0,0,0,0,0,1,1,0,0,0,0,0,0,0,0,0,0,FALSE
Furious 7,2015,190000000,353007020,1165715774,1518722794,4,1328722794,0.874894878,6.993277863157895,0.7675632305022216,2015 Furious 7,20.396,4/3/2015,en,7.3,6538,"Action,Crime,Thriller",1,0,0,0,1,0,0,0,0,0,0,0,0,0,0,0,1,0,0,FALSE
Star Trek Into Darkness,2013,190000000,228778661,238602923,467381584,5,277381584,0.5934799176854174,1.4599030736842105,0.5105098942024211,2013 Star Trek Into Darkness,20.487,5/16/2013,en,7.4,6182,"Action,Adventure,Science Fiction",1,1,0,0,0,0,0,0,0,0,0,0,0,0,1,0,0,0,0,FALSE
World War Z,2013,190000000,202359711,329154939,531514650,6,341514650,0.6425310196059506,1.7974455263157896,0.619277265,2013 World War Z,14.582,6/21/2013,en,6.7,9132,"Action,Drama,Horror,Science Fiction,Thriller",1,0,0,0,0,0,1,0,0,0,1,0,0,0,1,0,1,0,0,FALSE
The Great Gatsby,2013,190000000,144840419,206200000,351040419,5,161040419,0.4587517855030819,0.847581153,0.5873967464698132,2013 The Great Gatsby,15.397,5/10/2013,en,7.4,7120,"Drama,Romance",0,0,0,0,0,0,1,0,0,0,0,0,0,1,0,0,0,0,0,FALSE
Pacific Rim,2013,190000000,101802906,309200000,411002906,7,221002906,0.5377161639825486,1.1631731894736843,0.7523061162978736,2013 Pacific Rim,16.759,7/12/2013,en,6.8,7632,"Action,Science Fiction,Adventure",1,1,0,0,0,0,0,0,0,0,0,0,0,0,1,0,0,0,0,FALSE
The Good Dinosaur,2015,187500000,123087120,210683917,333771037,11,146271037,0.4382376563128813,0.7801121973333334,0.6312228852858793,2015 The Good Dinosaur,17.675,11/25/2015,en,6.7,3135,"Adventure,Animation,Family",0,1,1,0,0,0,0,1,0,0,0,0,0,0,0,0,0,0,0,FALSE
Brave,2012,185000000,237282182,317324350,554606532,6,369606532,0.6664301818933499,1.997873145945946,0.5721612200557349,2012 Brave,18.908,6/22/2012,en,6.9,8116,"Animation,Adventure,Comedy,Family,Action,Fantasy",1,1,1,1,0,0,0,1,1,0,0,0,0,0,0,0,0,0,0,FALSE
Kong: Skull Island,2017,185000000,168052812,393019247,561072059,3,376072059,0.6702740814972574,2.0328219405405403,0.700479093,2017 Kong: Skull Island,29.388,3/10/2017,en,6.3,6054,"Action,Adventure,Fantasy",1,1,0,0,0,0,0,0,1,0,0,0,0,0,0,0,0,0,0,FALSE
Star Trek Beyond,2016,185000000,158848340,176953893,335802233,7,150802233,0.4490804949471554,0.8151472054054054,0.5269586548580217,2016 Star Trek Beyond,19.142,7/22/2016,en,6.7,4275,"Action,Adventure,Science Fiction",1,1,0,0,0,0,0,0,0,0,0,0,0,0,1,0,0,0,0,FALSE
Blade Runner 2049,2017,185000000,92054159,167303249,259357408,10,74357408,0.2866986085857243,0.4019319351351351,0.6450683259450218,2017 Blade Runner 2049,48.571,10/6/2017,en,7.4,6679,"Science Fiction,Action,Thriller",1,0,0,0,0,0,0,0,0,0,0,0,0,0,1,0,1,0,0,FALSE
Thor: Ragnarok,2017,180000000,315058289,531921735,846980024,11,666980024,0.7874802298761181,3.7054445777777776,0.6280215824783135,2017 Thor: Ragnarok,43.45,11/3/2017,en,7.5,11380,"Action,Adventure,Comedy,Fantasy",1,1,0,1,0,0,0,0,1,0,0,0,0,0,0,0,0,0,0,FALSE
Maleficent,2014,180000000,241407328,517129407,758536735,5,578536735,0.7627010114414564,3.2140929722222222,0.681746029,2014 Maleficent,19.274,5/30/2014,en,7,8143,"Fantasy,Adventure,Action,Family,Romance",1,1,0,0,0,0,0,1,1,0,0,0,0,1,0,0,0,0,0,FALSE
Fantastic Beasts and Where to Find Them,2016,180000000,234037575,568365278,802402853,11,622402853,0.7756737786673846,3.457793627777778,0.7083290841688968,2016 Fantastic Beasts and Where to Find Them,28.563,11/18/2016,en,7.4,12152,"Adventure,Family,Fantasy",0,1,0,0,0,0,0,1,1,0,0,0,0,0,0,0,0,0,0,FALSE
The Legend of Tarzan,2016,180000000,126643061,222258964,348902025,7,168902025,0.4840958575691844,0.9383445833333334,0.6370240012221196,2016 The Legend of Tarzan,14.797,7/1/2016,en,5.8,4102,"Action,Adventure",1,1,0,0,0,0,0,0,0,0,0,0,0,0,0,0,0,0,0,FALSE
Hugo,2011,180000000,73864507,106183277,180047784,11,47784,0.000265396,0.000265467,0.589750535,2011 Hugo,12.936,11/23/2011,en,7.1,4124,"Adventure,Drama,Family",0,1,0,0,0,0,1,1,0,0,0,0,0,0,0,0,0,0,0,FALSE
Valerian and the City of a Thousand Planets,2017,180000000,40479370,174618986,215098356,7,35098356,0.1631735204893895,0.1949908666666666,0.8118099517227365,2017 Valerian and the City of a Thousand Planets,24.003,7/21/2017,en,6.6,4149,"Adventure,Science Fiction,Action",1,1,0,0,0,0,0,0,0,0,0,0,0,0,1,0,0,0,0,FALSE
Jupiter Ascending,2015,179000000,47482519,134500000,181982519,2,2982519,0.016389041,0.016662117,0.7390819774288321,2015 Jupiter Ascending,24.058,2/27/2015,en,5.3,4401,"Science Fiction,Fantasy,Action,Adventure",1,1,0,0,0,0,0,0,1,0,0,0,0,0,1,0,0,0,0,FALSE
X-Men: Apocalypse,2016,178000000,155442489,387095057,542537546,5,364537546,0.6719121076276627,2.047963741573034,0.7134898954993246,2016 X-Men: Apocalypse,39.293,5/27/2016,en,6.5,8348,"Action,Adventure,Science Fiction,Fantasy",1,1,0,0,0,0,0,0,1,0,0,0,0,0,1,0,0,0,0,FALSE
The Meg,2018,178000000,145443742,384086973,529530715,8,351530715,0.6638533045245544,1.9748916573033708,0.725334645,2018 The Meg,31.397,8/10/2018,en,5.9,2896,"Action,Science Fiction,Thriller,Horror",1,0,0,0,0,0,0,0,0,0,1,0,0,0,1,0,1,0,0,FALSE
Edge of Tomorrow,2014,178000000,100206256,270335000,370541256,6,192541256,0.5196216423468916,1.0816924494382023,0.7295678837986127,2014 Edge of Tomorrow,19.753,6/6/2014,en,7.6,8047,"Action,Science Fiction",1,0,0,0,0,0,0,0,0,0,0,0,0,0,1,0,0,0,0,FALSE
The Jungle Book,2016,175000000,364001123,598853424,962854547,4,787854547,0.818248768,4.502025982857143,0.6219562714491704,2016 The Jungle Book,20.129,4/15/2016,en,6.8,5257,"Adventure,Drama,Family,Fantasy",0,1,0,0,0,0,1,1,1,0,0,0,0,0,0,0,0,0,0,FALSE
Inside Out,2015,175000000,356461711,497774281,854235992,6,679235992,0.7951385780523282,3.881348525714286,0.5827128400836569,2015 Inside Out,24.797,6/19/2015,en,8,12691,"Drama,Comedy,Animation,Family",0,0,1,1,0,0,1,1,0,0,0,0,0,0,0,0,0,0,0,FALSE
Spider-Man: Homecoming,2017,175000000,334201140,545965210,880166350,7,705166350,0.8011739485382507,4.029522,0.620297754,2017 Spider-Man: Homecoming,46.775,7/7/2017,en,7.4,11585,"Action,Adventure,Science Fiction,Drama",1,1,0,0,0,0,1,0,0,0,0,0,0,0,1,0,0,0,0,FALSE
Suicide Squad,2016,175000000,325100054,420959833,746059887,8,571059887,0.7654343799347035,3.2631993542857143,0.5642440242870208,2016 Suicide Squad,16.53,8/5/2016,en,5.9,13533,"Action,Adventure,Crime,Fantasy,Science Fiction",1,1,0,0,1,0,0,0,1,0,0,0,0,0,1,0,0,0,0,FALSE
Coco,2017,175000000,209726015,588282086,798008101,11,623008101,0.780703981,3.5600462914285718,0.7371881128309499,2017 Coco,25.961,11/22/2017,en,8.2,8669,"Animation,Family,Comedy,Adventure,Fantasy",0,1,1,1,0,0,0,1,1,0,0,0,0,0,0,0,0,0,0,FALSE
Cars 3,2017,175000000,152901115,230640254,383541369,6,208541369,0.5437258816271264,1.1916649657142857,0.6013438774579751,2017 Cars 3,18.427,6/16/2017,en,6.7,2596,"Adventure,Animation,Comedy,Family",0,1,1,1,0,0,0,1,0,0,0,0,0,0,0,0,0,0,0,FALSE
King Arthur: Legend of the Sword,2017,175000000,39175066,100455270,139630336,5,-35369664,-0.25330931,-0.202112366,0.7194372861782701,2017 King Arthur: Legend of the Sword,21.793,5/12/2017,en,6.5,3305,"Action,Drama,Fantasy",1,0,0,0,0,0,1,0,1,0,0,0,0,0,0,0,0,0,0,FALSE
47 Ronin,2013,175000000,38362475,113354340,151716815,12,-23283185,-0.153464763,-0.133046771,0.7471442107455262,2013 47 Ronin,25.049,12/25/2013,en,6,2080,"Drama,Action,Adventure,Fantasy",1,1,0,0,0,0,1,0,1,0,0,0,0,0,0,0,0,0,0,FALSE
Jurassic World: Fallen Kingdom,2018,170000000,417719760,888053039,1305772799,6,1135772799,0.869808898,6.681016464705882,0.6800976706515082,2018 Jurassic World: Fallen Kingdom,34.958,6/22/2018,en,6.5,5995,"Action,Adventure,Science Fiction",1,1,0,0,0,0,0,0,0,0,0,0,0,0,1,0,0,0,0,FALSE
Guardians of the Galaxy,2014,170000000,333172112,437695404,770867516,8,600867516,0.7794692389139407,3.5345148,0.567795886,2014 Guardians of the Galaxy,49.606,8/1/2014,en,7.9,17958,"Action,Science Fiction,Adventure",1,1,0,0,0,0,0,0,0,0,0,0,0,0,1,0,0,0,0,FALSE
Iron Man 2,2010,170000000,312433331,308723058,621156389,5,451156389,0.7263169098627753,2.653861111764706,0.4970134147650214,2010 Iron Man 2,28.515,5/7/2010,en,6.8,12368,"Adventure,Action,Science Fiction",1,1,0,0,0,0,0,0,0,0,0,0,0,0,1,0,0,0,0,FALSE
Captain America: The Winter Soldier,2014,170000000,259746958,454654931,714401889,4,544401889,0.7620387031199466,3.2023640529411765,0.636413394,2014 Captain America: The Winter Soldier,18.073,4/4/2014,en,7.7,11034,"Action,Adventure,Science Fiction",1,1,0,0,0,0,0,0,0,0,0,0,0,0,1,0,0,0,0,FALSE
Dawn of the Planet of the Apes,2014,170000000,208545589,502098977,710644566,7,540644566,0.7607805531295655,3.1802621529411765,0.7065402326597119,2014 Dawn of the Planet of the Apes,27.641,7/11/2014,en,7.3,7080,"Science Fiction,Action,Drama,Thriller",1,0,0,0,0,0,1,0,0,0,0,0,0,0,1,0,1,0,0,FALSE
Snow White and the Huntsman,2012,170000000,155136755,245884991,401021746,6,231021746,0.5760828391585527,1.3589514470588235,0.6131462781073224,2012 Snow White and the Huntsman,21.233,6/1/2012,en,5.9,5258,"Adventure,Fantasy,Drama",0,1,0,0,0,0,1,0,1,0,0,0,0,0,0,0,0,0,0,FALSE
Van Helsing,2004,170000000,120150546,180000000,300150546,5,130150546,0.4336175553716967,0.7655914470588235,0.5996990590182035,2004 Van Helsing,15.259,5/7/2004,en,6.1,3047,"Horror,Adventure,Action",1,1,0,0,0,0,0,0,0,0,1,0,0,0,0,0,0,0,0,FALSE
Tomorrowland,2015,170000000,93436322,113191196,206627518,5,36627518,0.1772635046605941,0.2154559882352941,0.5478031052959752,2015 Tomorrowland,20.136,5/22/2015,en,6.2,4610,"Adventure,Family,Mystery,Science Fiction",0,1,0,0,0,0,0,1,0,0,0,0,1,0,1,0,0,0,0,FALSE
Alice Through the Looking Glass,2016,170000000,77042381,199885731,276928112,5,106928112,0.3861222727723648,0.628988894,0.7217964603030262,2016 Alice Through the Looking Glass,16.642,5/27/2016,en,6.5,3803,"Adventure,Family,Fantasy",0,1,0,0,0,0,0,1,1,0,0,0,0,0,0,0,0,0,0,FALSE
Shrek Forever After,2010,165000000,238736787,517507886,756244673,5,591244673,0.7818166449418414,3.5833010484848486,0.6843127687062729,2010 Shrek Forever After,15.041,5/16/2010,en,6.1,3843,"Comedy,Adventure,Fantasy,Animation,Family",0,1,1,1,0,0,0,1,1,0,0,0,0,0,0,0,0,0,0,FALSE
Doctor Strange,2016,165000000,232641920,443762646,676404566,11,511404566,0.7560631487517191,3.099421612121212,0.6560609852536093,2016 Doctor Strange,33.035,11/4/2016,en,7.3,12582,"Action,Adventure,Fantasy,Science Fiction",1,1,0,0,0,0,0,0,1,0,0,0,0,0,1,0,0,0,0,FALSE
Big Hero 6,2014,165000000,222527828,429600000,652127828,11,487127828,0.7469821208120565,2.952289866666667,0.658766551,2014 Big Hero 6,36.92,11/7/2014,en,7.8,10176,"Adventure,Family,Animation,Action,Comedy",1,1,1,1,0,0,0,1,0,0,0,0,0,0,0,0,0,0,0,FALSE
How to Train Your Dragon,2010,165000000,217581232,277289760,494870992,3,329870992,0.6665797699453759,1.9992181333333332,0.5603273670969181,2010 How to Train Your Dragon,28.734,3/26/2010,en,7.7,7610,"Fantasy,Adventure,Animation,Family",0,1,1,0,0,0,0,1,1,0,0,0,0,0,0,0,0,0,0,FALSE
Wreck-It Ralph,2012,165000000,189412677,307098844,496511521,11,331511521,0.6676814272754811,2.009160733333333,0.6185130274147254,2012 Wreck-It Ralph,22.967,11/2/2012,en,7.3,7780,"Family,Animation,Comedy,Adventure",0,1,1,1,0,0,0,1,0,0,0,0,0,0,0,0,0,0,0,FALSE
Interstellar,2014,165000000,188017894,478361481,666379375,11,501379375,0.7523932969864201,3.038662878787879,0.7178515706612318,2014 Interstellar,28.44,11/5/2014,en,8.2,18597,"Adventure,Drama,Science Fiction",0,1,0,0,0,0,1,0,0,0,0,0,0,0,1,0,0,0,0,FALSE
Independence Day: Resurgence,2016,165000000,103144286,281025138,384169424,6,219169424,0.5705019980975894,1.3282995393939394,0.7315135470021165,2016 Independence Day: Resurgence,15.732,6/24/2016,en,5.1,3911,"Action,Adventure,Science Fiction",1,1,0,0,0,0,0,0,0,0,0,0,0,0,1,0,0,0,0,FALSE
Beauty and the Beast,2017,160000000,504014165,755185541,1259199706,3,1099199706,0.8729351672831474,6.869998163,0.5997345277334428,2017 Beauty and the Beast,31.793,3/17/2017,en,6.9,11023,"Family,Fantasy,Romance",0,0,0,0,0,0,0,1,1,0,0,0,0,1,0,0,0,0,0,FALSE
Aquaman,2018,160000000,335061807,811832833,1146894640,12,986894640,0.8604928522466545,6.1680915,0.7078530186521754,2018 Aquaman,38.102,12/21/2018,en,6.8,6155,"Action,Adventure,Fantasy",1,1,0,0,0,0,0,0,1,0,0,0,0,0,0,0,0,0,0,FALSE
Inception,2010,160000000,292576195,542948447,835524642,7,675524642,0.8085035533877168,4.222029013,0.6498293643384847,2010 Inception,27.92,7/16/2010,en,8.3,22186,"Action,Science Fiction,Adventure",1,1,0,0,0,0,0,0,0,0,0,0,0,0,1,0,0,0,0,FALSE
The Hunger Games: Mockingjay - Part 2,2015,160000000,281723902,367262885,648986787,11,488986787,0.753461853,3.056167419,0.5659019449343581,2015 The Hunger Games: Mockingjay - Part 2,19.487,11/18/2015,en,6.8,7609,"Action,Adventure,Science Fiction",1,1,0,0,0,0,0,0,0,0,0,0,0,0,1,0,0,0,0,FALSE
Godzilla,2014,160000000,200676069,328400000,529076069,5,369076069,0.6975860195256725,2.306725431,0.6207046949235574,2014 Godzilla,24.982,5/16/2014,en,6.1,5053,"Action,Drama,Science Fiction",1,0,0,0,0,0,1,0,0,0,0,0,0,0,1,0,0,0,0,FALSE
X-Men: First Class,2011,160000000,146408305,209000000,355408305,6,195408305,0.5498135588024596,1.221301906,0.5880560388142871,2011 X-Men: First Class,1.447,6/3/2011,en,7.2,8211,"Action,Science Fiction,Adventure",1,1,0,0,0,0,0,0,0,0,0,0,0,0,1,0,0,0,0,FALSE
The Sorcerer's Apprentice,2010,160000000,63150991,154835329,217986320,7,57986320,0.2660089862519813,0.3624145,0.7102983756044875,2010 The Sorcerer's Apprentice,14.463,7/13/2010,en,5.9,2879,"Fantasy,Adventure,Action,Comedy,Drama",1,1,0,1,0,0,1,0,1,0,0,0,0,0,0,0,0,0,0,FALSE
Warcraft,2016,160000000,47225655,378296626,425522281,6,265522281,0.6239914872988754,1.659514256,0.8890171981382098,2016 Warcraft,21.464,6/10/2016,en,6.3,4071,"Action,Adventure,Fantasy",1,1,0,0,0,0,0,0,1,0,0,0,0,0,0,0,0,0,0,FALSE
Deepwater Horizon,2016,156000000,61433527,61170297,122603824,9,-33396176,-0.272390982,-0.214078051,0.4989265016725742,2016 Deepwater Horizon,13.685,9/30/2016,en,6.7,2606,"Drama,Action",1,0,0,0,0,0,1,0,0,0,0,0,0,0,0,0,0,0,0,FALSE
The Chronicles of Narnia: The Voyage of the Dawn Treader,2010,155000000,104386950,313800000,418186950,12,263186950,0.629352375,1.6979803225806451,0.7503820958544977,2010 The Chronicles of Narnia: The Voyage of the Dawn Treader,17.382,12/10/2010,en,6.3,3196,"Adventure,Family,Fantasy",0,1,0,0,0,0,0,1,1,0,0,0,0,0,0,0,0,0,0,FALSE
Pacific Rim: Uprising,2018,155000000,59874525,231055623,290930148,3,135930148,0.4672260641753772,0.8769686967741935,0.794196217,2018 Pacific Rim: Uprising,30.019,3/23/2018,en,5.9,2213,"Action,Fantasy,Science Fiction,Adventure",1,1,0,0,0,0,0,0,1,0,0,0,0,0,1,0,0,0,0,FALSE
War for the Planet of the Apes,2017,152000000,146880162,342712105,489592267,7,337592267,0.6895375800533222,2.2210017565789477,0.6999949306797364,2017 War for the Planet of the Apes,23.445,7/14/2017,en,7,5235,"Drama,Science Fiction,War",0,0,0,0,0,0,1,0,0,0,0,0,0,0,1,0,0,1,0,FALSE
Wonder Woman,2017,150000000,412563408,408569970,821133378,6,671133378,0.8173256574159138,4.47422252,0.4975683377956656,2017 Wonder Woman,31.618,6/2/2017,en,7.3,12566,"Adventure,Fantasy,War,Romance",0,1,0,0,0,0,0,0,1,0,0,0,0,1,0,0,0,1,0,FALSE
Frozen,2013,150000000,400738009,871731901,1272469910,11,1122469910,0.8821190200088896,7.483132733333333,0.6850707385292907,2013 Frozen,26.183,11/27/2013,en,7.3,9767,"Animation,Adventure,Family",0,1,1,0,0,0,0,1,0,0,0,0,0,0,0,0,0,0,0,FALSE
Zootopia,2016,150000000,341268248,678161368,1019429616,3,869429616,0.8528588951647643,5.79619744,0.6652360862939654,2016 Zootopia,27.549,3/4/2016,en,7.7,9977,"Animation,Adventure,Family,Comedy",0,1,1,1,0,0,0,1,0,0,0,0,0,0,0,0,0,0,0,FALSE
Moana,2016,150000000,248757044,388760321,637517365,11,487517365,0.7647122914055839,3.2501157666666667,0.6098035008034643,2016 Moana,4.419,11/23/2016,en,7.5,6907,"Adventure,Comedy,Family,Animation",0,1,1,1,0,0,0,1,0,0,0,0,0,0,0,0,0,0,0,FALSE
Thor: The Dark World,2013,150000000,206362140,438240376,644602516,11,494602516,0.7672984571471949,3.297350106666667,0.6798614109039562,2013 Thor: The Dark World,31.014,11/8/2013,en,6.7,10171,"Action,Adventure,Fantasy",1,1,0,0,0,0,0,0,1,0,0,0,0,0,0,0,0,0,0,FALSE
Dunkirk,2017,150000000,190068280,309769088,499837368,7,349837368,0.6999023890506721,2.33224912,0.6197397550316807,2017 Dunkirk,24.358,7/19/2017,en,7.4,9156,"War,Action,Drama",1,0,0,0,0,0,1,0,0,0,0,0,0,0,0,0,0,1,0,FALSE
Thor,2011,150000000,181030624,268295994,449326618,5,299326618,0.6661671176578281,1.9955107866666664,0.597106833,2011 Thor,38.068,5/6/2011,en,6.7,12764,"Adventure,Fantasy,Action",1,1,0,0,0,0,0,0,1,0,0,0,0,0,0,0,0,0,0,FALSE
Kung Fu Panda 2,2011,150000000,165249063,499588484,664837547,5,514837547,0.7743809737027383,3.4322503133333333,0.7514444487293676,2011 Kung Fu Panda 2,17.363,5/25/2011,en,6.7,3628,"Animation,Family",0,0,1,0,0,0,0,1,0,0,0,0,0,0,0,0,0,0,0,FALSE
Mad Max: Fury Road,2015,150000000,153636354,216461666,370098020,5,220098020,0.5947019657116782,1.4673201333333334,0.5848765848571684,2015 Mad Max: Fury Road,28.099,5/15/2015,en,7.4,14454,"Action,Adventure,Science Fiction",1,1,0,0,0,0,0,0,0,0,0,0,0,0,1,0,0,0,0,FALSE
Ready Player One,2018,150000000,137690172,441599964,579290136,3,429290136,0.7410623957180587,2.86193424,0.7623122448610103,2018 Ready Player One,30.029,3/29/2018,en,7.6,7021,"Adventure,Science Fiction",0,1,0,0,0,0,0,0,0,0,0,0,0,0,1,0,0,0,0,FALSE
The Last Airbender,2010,150000000,131772187,187941694,319713881,7,169713881,0.5308305052916986,1.131425873333333,0.5878433973906814,2010 The Last Airbender,16.595,7/1/2010,en,4.6,2143,"Action,Adventure,Family,Fantasy",1,1,0,0,0,0,0,1,1,0,0,0,0,0,0,0,0,0,0,FALSE
Wrath of the Titans,2012,150000000,83670083,221600000,305270083,3,155270083,0.5086318366808319,1.0351338866666666,0.7259145666101844,2012 Wrath of the Titans,14.991,3/29/2012,en,5.6,2442,"Fantasy,Adventure,Action",1,1,0,0,0,0,0,0,1,0,0,0,0,0,0,0,0,0,0,FALSE
Dark Shadows,2012,150000000,79727149,158475519,238202668,5,88202668,0.3702841313263544,0.5880177866666667,0.6652969940706122,2012 Dark Shadows,15.75,5/11/2012,en,5.9,4197,"Comedy,Fantasy",0,0,0,1,0,0,0,0,1,0,0,0,0,0,0,0,0,0,0,FALSE
White House Down,2013,150000000,73103784,132336603,205440387,6,55440387,0.269861188,0.36960258,0.6441606002231683,2013 White House Down,13.026,6/28/2013,en,6.4,2817,"Action,Drama,Thriller",1,0,0,0,0,0,1,0,0,0,0,0,0,0,0,0,1,0,0,FALSE
The Wolfman,2010,150000000,62189884,80444474,142634358,2,-7365642,-0.051640026,-0.04910428,0.5639908583596668,2010 The Wolfman,14.03,2/12/2010,en,5.7,1009,Horror,0,0,0,0,0,0,0,0,0,0,1,0,0,0,0,0,0,0,0,FALSE
The Great Wall,2017,150000000,45157105,289329747,334486852,2,184486852,0.5515518798329329,1.2299123466666666,0.8649958743370876,2017 The Great Wall,19.144,2/17/2017,en,5.8,2775,"Action,Adventure,Fantasy",1,1,0,0,0,0,0,0,1,0,0,0,0,0,0,0,0,0,0,FALSE
Pan,2015,150000000,35088320,116437653,151525973,10,1525973,0.010070703,0.010173153,0.7684336268871872,2015 Pan,13.054,10/9/2015,en,5.9,1701,"Adventure,Family,Fantasy",0,1,0,0,0,0,0,1,1,0,0,0,0,0,0,0,0,0,0,FALSE
Mars Needs Moms,2011,150000000,21392758,18157000,39549758,3,-110450242,-2.792690716,-0.736334947,0.4590925689102826,2011 Mars Needs Moms,8.852,3/11/2011,en,5.7,299,"Adventure,Animation,Family",0,1,1,0,0,0,0,1,0,0,0,0,0,0,0,0,0,0,0,FALSE
Madagascar 3: Europe's Most Wanted,2012,145000000,216391482,530529789,746921271,6,601921271,0.8058697674978921,4.151181179310345,0.7102887675025124,2012 Madagascar 3: Europe's Most Wanted,18.705,6/8/2012,en,6.5,3380,"Animation,Family,Comedy",0,0,1,1,0,0,0,1,0,0,0,0,0,0,0,0,0,0,0,FALSE
How to Train Your Dragon 2,2014,145000000,177002924,437583346,614586270,6,469586270,0.7640689239608298,3.238526,0.7119966184731071,2014 How to Train Your Dragon 2,27.106,6/13/2014,en,7.7,5589,"Fantasy,Action,Adventure,Animation,Comedy,Family",1,1,1,1,0,0,0,1,1,0,0,0,0,0,0,0,0,0,0,FALSE
Mr. Peabody & Sherman,2014,145000000,111506430,158300000,269806430,3,124806430,0.4625776709621042,0.860734,0.5867169288737856,2014 Mr. Peabody & Sherman,12.813,3/7/2014,en,6.6,1357,"Animation,Adventure,Family",0,1,1,0,0,0,0,1,0,0,0,0,0,0,0,0,0,0,0,FALSE
Rise of the Guardians,2012,145000000,103412758,203488144,306900902,11,161900902,0.5275347871085762,1.1165579448275862,0.6630418570747635,2012 Rise of the Guardians,14.934,11/21/2012,en,7.3,3697,"Animation,Family,Fantasy",0,0,1,0,0,0,0,1,1,0,0,0,0,0,0,0,0,0,0,FALSE
Ghostbusters,2016,144000000,128350574,100658084,229008658,7,85008658,0.3712028127774976,0.5903379027777778,0.4395383339611553,2016 Ghostbusters,16.079,7/15/2016,en,5.4,3780,"Action,Fantasy,Comedy",1,0,0,1,0,0,0,0,1,0,0,0,0,0,0,0,0,0,0,FALSE
Armageddon,1998,140000000,201578182,353021818,554600000,7,414600000,0.7475658131987017,2.9614285714285717,0.6365341110710422,1998 Armageddon,15.799,7/1/1998,en,6.7,4267,"Action,Thriller,Science Fiction,Adventure",1,1,0,0,0,0,0,0,0,0,0,0,0,0,1,0,1,0,0,FALSE
Captain America: The First Avenger,2011,140000000,176654505,193915271,370569776,7,230569776,0.6222034038739306,1.6469269714285717,0.5232894951476021,2011 Captain America: The First Avenger,25.808,7/22/2011,en,6.9,12810,"Action,Adventure,Science Fiction",1,1,0,0,0,0,0,0,0,0,0,0,0,0,1,0,0,0,0,FALSE
Kung Fu Panda 3,2016,140000000,143528619,374070523,517599142,1,377599142,0.7295204171725617,2.6971367285714285,0.7227031357791548,2016 Kung Fu Panda 3,16.248,1/29/2016,en,6.7,2944,"Action,Adventure,Animation,Comedy,Family",1,1,1,1,0,0,0,1,0,0,0,0,0,0,0,0,0,0,0,FALSE
G.I. Joe: Retaliation,2013,140000000,122523060,253217645,375740705,3,235740705,0.627402626,1.6838621785714285,0.6739159256115198,2013 G.I. Joe: Retaliation,15.065,3/29/2013,en,5.5,3883,"Adventure,Action,Science Fiction,Thriller",1,1,0,0,0,0,0,0,0,0,0,0,0,0,1,0,1,0,0,FALSE
Exodus: Gods and Kings,2014,140000000,65014513,203300000,268314513,12,128314513,0.4782242733176345,0.9165322357142855,0.7576928945323207,2014 Exodus: Gods and Kings,26.789,12/12/2014,en,5.7,2909,"Adventure,Drama,Action",1,1,0,0,0,0,1,0,0,0,0,0,0,0,0,0,0,0,0,FALSE
The BFG,2016,140000000,55483770,144162910,199646680,7,59646680,0.2987611915209409,0.4260477142857143,0.7220901945376702,2016 The BFG,20.08,7/1/2016,en,6.2,1916,"Adventure,Family,Fantasy",0,1,0,0,0,0,0,1,1,0,0,0,0,0,0,0,0,0,0,FALSE
Gods of Egypt,2016,140000000,31153464,107683292,138836756,2,-1163244,-0.008378502,-0.008308886,0.7756108332003955,2016 Gods of Egypt,18.517,2/26/2016,en,5.4,2353,"Action,Adventure,Fantasy,Science Fiction",1,1,0,0,0,0,0,0,1,0,0,0,0,0,1,0,0,0,0,FALSE
The Croods,2013,135000000,187168425,385900000,573068425,3,438068425,0.7644260369082453,3.2449512962962963,0.6733925359785788,2013 The Croods,16.29,3/22/2013,en,6.8,3873,"Action,Adventure,Animation,Comedy,Family,Fantasy",1,1,1,1,0,0,0,1,1,0,0,0,0,0,0,0,0,0,0,FALSE
The Revenant,2015,135000000,183637894,349300408,532938302,12,397938302,0.7466873754553299,2.947691125925926,0.6554237267037339,2015 The Revenant,19.41,12/25/2015,en,7.4,11064,"Western,Drama,Adventure",0,1,0,0,0,0,1,0,0,0,0,0,0,0,0,0,0,0,1,FALSE
Rango,2011,135000000,123477607,122246993,245724600,3,110724600,0.4506044571849949,0.8201822222222223,0.4974959487165713,2011 Rango,14.462,3/3/2011,en,6.6,3412,"Animation,Comedy,Family,Western,Adventure",0,1,1,1,0,0,0,1,0,0,0,0,0,0,0,0,0,0,1,FALSE
Turbo,2013,135000000,83028130,203868448,286896578,7,151896578,0.5294471584809213,1.125159837037037,0.7105990926109965,2013 Turbo,14.876,7/19/2013,en,6.1,1758,"Animation,Family",0,0,1,0,0,0,0,1,0,0,0,0,0,0,0,0,0,0,0,FALSE
Teenage Mutant Ninja Turtles: Out of the Shadows,2016,135000000,82051601,163276773,245328374,6,110328374,0.4497171370809313,0.8172472148148148,0.6655437784787177,2016 Teenage Mutant Ninja Turtles: Out of the Shadows,15.096,6/3/2016,en,5.9,1860,"Action,Adventure,Comedy,Family,Science Fiction",1,1,0,1,0,0,0,1,0,0,0,0,0,0,1,0,0,0,0,FALSE
Happy Feet Two,2011,135000000,64006466,93950000,157956466,11,22956466,0.1453341327603518,0.1700478962962963,0.5947841350160367,2011 Happy Feet Two,8.131,11/17/2011,en,5.9,754,"Animation,Comedy,Family",0,0,1,1,0,0,0,1,0,0,0,0,0,0,0,0,0,0,0,FALSE
The Nutcracker and the Four Realms,2018,132900000,54858851,115435048,170293899,11,37393899,0.2195844902229879,0.281368691,0.6778578015880651,2018 The Nutcracker and the Four Realms,26.235,11/2/2018,en,6,909,"Fantasy,Adventure,Family",0,1,0,0,0,0,0,1,1,0,0,0,0,0,0,0,0,0,0,FALSE
Penguins of Madagascar,2014,132000000,83350911,283591620,366942531,11,234942531,0.6402706449964504,1.779867659090909,0.7728502314167556,2014 Penguins of Madagascar,20.899,11/26/2014,en,6.4,2273,"Family,Animation,Adventure,Comedy",0,1,1,1,0,0,0,1,0,0,0,0,0,0,0,0,0,0,0,FALSE
The Hunger Games: Catching Fire,2013,130000000,424668047,440200000,864868047,11,734868047,0.8496880530493226,5.652831130769231,0.5089793772899093,2013 The Hunger Games: Catching Fire,20.187,11/22/2013,en,7.4,11170,"Adventure,Action,Science Fiction",1,1,0,0,0,0,0,0,0,0,0,0,0,0,1,0,0,0,0,FALSE
The Bourne Ultimatum,2007,130000000,227471070,216572326,444043396,8,314043396,0.7072358216087511,2.415718430769231,0.4877278391051671,2007 The Bourne Ultimatum,15.62,8/3/2007,en,7.4,4440,"Action,Drama,Mystery,Thriller",1,0,0,0,0,0,1,0,0,0,0,0,1,0,0,0,1,0,0,FALSE
Ant-Man and the Wasp,2018,130000000,216648740,406495920,623144660,7,493144660,0.7913807044418867,3.7934204615384615,0.6523299421357475,2018 Ant-Man and the Wasp,44.729,7/6/2018,en,7,6290,"Action,Adventure,Science Fiction,Comedy",1,1,0,1,0,0,0,0,0,0,0,0,0,0,1,0,0,0,0,FALSE
Ant-Man,2015,130000000,180202163,338656286,518858449,7,388858449,0.7494499699281181,2.9912188384615384,0.6526949433948602,2015 Ant-Man,32.715,7/17/2015,en,7.1,11949,"Science Fiction,Action,Adventure",1,1,0,0,0,0,0,0,0,0,0,0,0,0,1,0,0,0,0,FALSE
Home,2015,130000000,177397510,208600386,385997896,3,255997896,0.6632105994691743,1.9692145846153848,0.5404184534726065,2015 Home,12.835,3/27/2015,en,6.8,2372,"Fantasy,Comedy,Animation,Science Fiction,Family",0,0,1,1,0,0,0,1,1,0,0,0,0,0,1,0,0,0,0,FALSE
Mary Poppins Returns,2018,130000000,171958438,169570080,341528518,12,211528518,0.619358287,1.6271424461538462,0.4965034281558882,2018 Mary Poppins Returns,30.419,12/19/2018,en,6.6,1457,"Fantasy,Family,Comedy",0,0,0,1,0,0,0,1,1,0,0,0,0,0,0,0,0,0,0,FALSE
Puss in Boots,2011,130000000,149260504,405726973,554987477,10,424987477,0.7657604803936864,3.2691344384615384,0.7310560865141827,2011 Puss in Boots,9.078,10/28/2011,en,6.3,1422,"Action,Adventure,Animation,Family,Fantasy,Comedy",1,1,1,1,0,0,0,1,1,0,0,0,0,0,0,0,0,0,0,FALSE
Megamind,2010,130000000,148415853,173471355,321887208,11,191887208,0.5961318226724934,1.4760554461538462,0.5389196920183296,2010 Megamind,22.855,11/4/2010,en,6.8,3635,"Animation,Action,Comedy,Family,Science Fiction",1,0,1,1,0,0,0,1,0,0,0,0,0,0,1,0,0,0,0,FALSE
Rio 2,2014,130000000,131538435,361307856,492846291,4,362846291,0.7362260762149065,2.7911253153846154,0.733104545,2014 Rio 2,18.11,4/11/2014,en,6.3,1803,"Adventure,Comedy,Family,Animation",0,1,1,1,0,0,0,1,0,0,0,0,0,0,0,0,0,0,0,FALSE
Salt,2010,130000000,118311368,172339126,290650494,7,160650494,0.552727407,1.2357730307692307,0.5929428284405394,2010 Salt,13.025,7/23/2010,en,6.3,3240,"Action,Mystery,Thriller",1,0,0,0,0,0,0,0,0,0,0,0,1,0,0,0,1,0,0,FALSE
Noah,2014,130000000,101200044,251631021,352831065,3,222831065,0.6315517172502937,1.7140851153846153,0.7131770582615791,2014 Noah,13.905,3/28/2014,en,5.6,3955,"Drama,Adventure",0,1,0,0,0,0,1,0,0,0,0,0,0,0,0,0,0,0,0,FALSE
The Adventures of Tintin,2011,130000000,77591831,296402120,373993951,12,243993951,0.6524007951133948,1.876876546153846,0.7925318556823396,2011 The Adventures of Tintin,11.981,12/20/2011,en,6.8,3251,"Adventure,Animation,Mystery",0,1,1,0,0,0,0,0,0,0,0,0,1,0,0,0,0,0,0,FALSE
After Earth,2013,130000000,60522097,190977568,251499665,5,121499665,0.4831007031361254,0.9346128076923076,0.759355159,2013 After Earth,14.415,5/31/2013,en,5.1,4154,"Science Fiction,Action,Adventure",1,1,0,0,0,0,0,0,0,0,0,0,0,0,1,0,0,0,0,FALSE
R.I.P.D.,2013,130000000,33618855,45457823,79076678,7,-50923322,-0.643973967,-0.391717862,0.5748575199378001,2013 R.I.P.D.,21.377,7/19/2013,en,5.6,2047,"Fantasy,Action,Comedy,Crime",1,0,0,1,1,0,0,0,1,0,0,0,0,0,0,0,0,0,0,FALSE
Logan,2017,127000000,226277068,389184326,615461394,3,488461394,0.7936507452163604,3.846152708661417,0.6323456349887642,2017 Logan,45,3/3/2017,en,7.8,12330,"Action,Drama,Science Fiction",1,0,0,0,0,0,1,0,0,0,0,0,0,0,1,0,0,0,0,FALSE
Night at the Museum: Secret of the Tomb,2014,127000000,113746621,240010000,353756621,12,226756621,0.6409961186281231,1.7854852047244094,0.6784607997485367,2014 Night at the Museum: Secret of the Tomb,20.064,12/19/2014,en,6.1,3536,"Adventure,Comedy,Fantasy,Family",0,1,0,1,0,0,0,1,1,0,0,0,0,0,0,0,0,0,0,FALSE
The Hunger Games: Mockingjay - Part 1,2014,125000000,337135885,429439246,766575131,11,641575131,0.8369370529449122,5.132601048,0.5602050322709986,2014 The Hunger Games: Mockingjay - Part 1,33.837,11/21/2014,en,6.8,10087,"Science Fiction,Adventure,Thriller",0,1,0,0,0,0,0,0,0,0,0,0,0,0,1,0,1,0,0,FALSE
Fast Five,2011,125000000,210031325,420132129,630163454,4,505163454,0.8016387665667454,4.041307632,0.6667034185070339,2011 Fast Five,2.097,4/28/2011,en,7.2,4294,"Action,Thriller,Crime",1,0,0,0,1,0,0,0,0,0,0,0,0,0,0,0,1,0,0,FALSE
Teenage Mutant Ninja Turtles,2014,125000000,191204754,293800000,485004754,8,360004754,0.7422705675169526,2.880038032,0.6057672581081546,2014 Teenage Mutant Ninja Turtles,25.619,8/8/2014,en,5.8,4259,"Science Fiction,Action,Adventure,Fantasy,Comedy",1,1,0,1,0,0,0,0,1,0,0,0,0,0,1,0,0,0,0,FALSE
Sherlock Holmes: A Game of Shadows,2011,125000000,186848418,348815025,535663443,12,410663443,0.7666445197381148,3.285307544,0.6511831814514921,2011 Sherlock Holmes: A Game of Shadows,18.301,12/16/2011,en,7.1,6380,"Adventure,Action,Crime,Mystery",1,1,0,0,1,0,0,0,0,0,0,0,1,0,0,0,0,0,0,FALSE
The Boss Baby,2017,125000000,175003033,335875729,510878762,3,385878762,0.7553235536536161,3.087030096,0.6574470382857684,2017 The Boss Baby,7.445,3/31/2017,en,6.4,4314,"Animation,Comedy,Family",0,0,1,1,0,0,0,1,0,0,0,0,0,0,0,0,0,0,0,FALSE
Clash of the Titans,2010,125000000,163214888,330000000,493214888,4,368214888,0.746560773,2.945719104,0.6690795594961846,2010 Clash of the Titans,15.574,4/2/2010,en,5.7,3714,"Adventure,Fantasy,Action",1,1,0,0,0,0,0,0,1,0,0,0,0,0,0,0,0,0,0,FALSE
Trolls,2016,125000000,153707064,190443070,344150134,11,219150134,0.6367864264728138,1.753201072,0.5533720640655047,2016 Trolls,16.286,11/4/2016,en,6.6,1880,"Adventure,Family,Comedy,Fantasy,Music,Animation",0,1,1,1,0,0,0,1,1,0,0,1,0,0,0,0,0,0,0,FALSE
Prometheus,2012,125000000,126477084,275971181,402448265,6,277448265,0.6894010712159487,2.21958612,0.6857308255509562,2012 Prometheus,24.98,6/8/2012,en,6.4,7384,"Science Fiction,Adventure,Mystery",0,1,0,0,0,0,0,0,0,0,0,0,1,0,1,0,0,0,0,FALSE
The Bourne Legacy,2012,125000000,113203870,167152050,280355920,8,155355920,0.5541381826358438,1.24284736,0.5962137343131545,2012 The Bourne Legacy,18.05,8/10/2012,en,6.1,3630,"Action,Thriller",1,0,0,0,0,0,0,0,0,0,0,0,0,0,0,0,1,0,0,FALSE
Skyscraper,2018,125000000,68420120,235695414,304115534,7,179115534,0.5889719990429689,1.432924272,0.7750193188092785,2018 Skyscraper,26.229,7/13/2018,en,6.1,2177,Action,1,0,0,0,0,0,0,0,0,0,0,0,0,0,0,0,0,0,0,FALSE
Total Recall,2012,125000000,58877969,152978119,211856088,8,86856088,0.4099768329527542,0.694848704,0.7220850740904835,2012 Total Recall,17.243,8/3/2012,en,5.9,3486,"Action,Science Fiction,Adventure,Thriller",1,1,0,0,0,0,0,0,0,0,0,0,0,0,1,0,1,0,0,FALSE
Monster Trucks,2017,125000000,33370166,28272632,61642798,1,-63357202,-1.027811911,-0.506857616,0.4586526393561824,2017 Monster Trucks,8.827,1/13/2017,en,5.9,414,"Action,Comedy,Science Fiction",1,0,0,1,0,0,0,0,0,0,0,0,0,0,1,0,0,0,0,FALSE
Jason Bourne,2016,120000000,162192920,253975396,416168316,7,296168316,0.711655128,2.4680693,0.6102708597355114,2016 Jason Bourne,14.568,7/29/2016,en,6.1,3611,"Action,Thriller",1,0,0,0,0,0,0,0,0,0,0,0,0,0,0,0,1,0,0,FALSE
Life of Pi,2012,120000000,124987022,495924981,620912003,11,500912003,0.8067358990964779,4.174266691666666,0.7987041297380105,2012 Life of Pi,15,11/21/2012,en,7.3,8723,"Adventure,Drama,Action",1,1,0,0,0,0,1,0,0,0,0,0,0,0,0,0,0,0,0,FALSE
Rampage,2018,120000000,101028233,327028047,428056280,4,308056280,0.7196630312257071,2.5671356666666667,0.7639837616679751,2018 Rampage,24.238,4/13/2018,en,6.2,3176,"Action,Adventure,Science Fiction,Fantasy",1,1,0,0,0,0,0,0,1,0,0,0,0,0,1,0,0,0,0,FALSE
Elysium,2013,120000000,93050117,193141974,286192091,8,166192091,0.5807012011383641,1.3849340916666666,0.6748683142330443,2013 Elysium,17.663,8/9/2013,en,6.4,5406,"Science Fiction,Action,Drama,Thriller",1,0,0,0,0,0,1,0,0,0,0,0,0,0,1,0,1,0,0,FALSE
Oblivion,2013,120000000,89107235,198809398,287916633,4,167916633,0.5832126864306586,1.399305275,0.6905102908729833,2013 Oblivion,18.534,4/18/2013,en,6.5,6850,"Action,Science Fiction,Adventure,Mystery",1,1,0,0,0,0,0,0,0,0,0,0,1,0,1,0,0,0,0,FALSE
Power Rangers,2017,120000000,85364450,57167102,142531552,3,22531552,0.1580811524454599,0.1877629333333333,0.401083839,2017 Power Rangers,15.865,3/24/2017,en,6.2,2667,"Action,Adventure,Science Fiction",1,1,0,0,0,0,0,0,0,0,0,0,0,0,1,0,0,0,0,FALSE
RoboCop,2014,120000000,58607007,184374792,242981799,2,122981799,0.5061358484715145,1.024848325,0.7588008351193416,2014 RoboCop,17.851,2/12/2014,en,5.8,3390,"Action,Science Fiction",1,0,0,0,0,0,0,0,0,0,0,0,0,0,1,0,0,0,0,FALSE
Fantastic Four,2015,120000000,56117548,111731639,167849187,8,47849187,0.2850724978489172,0.398743225,0.6656668465126375,2015 Fantastic Four,16.36,8/7/2015,en,4.4,3837,"Action,Adventure,Science Fiction",1,1,0,0,0,0,0,0,0,0,0,0,0,0,1,0,0,0,0,FALSE
Knight and Day,2010,117000000,76423035,182328335,258751370,6,141751370,0.5478284810627283,1.211550170940171,0.7046468391645617,2010 Knight and Day,17.713,6/23/2010,en,6,2494,"Action,Comedy",1,0,0,1,0,0,0,0,0,0,0,0,0,0,0,0,0,0,0,FALSE
Venom,2018,116000000,213511408,640117197,853628605,10,737628605,0.8641095210252473,6.358867284482758,0.7498778663819495,2018 Venom,44.007,10/5/2018,en,6.6,6206,"Science Fiction,Action",1,0,0,0,0,0,0,0,0,0,0,0,0,0,1,0,0,0,0,FALSE
The Wolverine,2013,115000000,132556852,283900000,416456852,7,301456852,0.7238609487448174,2.6213639304347827,0.6817032752290987,2013 The Wolverine,4.323,7/25/2013,en,6.3,6176,"Action,Science Fiction,Adventure,Fantasy",1,1,0,0,0,0,0,0,1,0,0,0,0,0,1,0,0,0,0,FALSE
Dante's Peak,1997,115000000,67163857,111036143,178200000,2,63200000,0.3546576879910213,0.5495652173913044,0.6230984455667788,1997 Dante's Peak,13.514,2/7/1997,en,5.9,783,"Action,Adventure,Thriller,Drama",1,1,0,0,0,0,1,0,0,0,0,0,0,0,0,0,1,0,0,FALSE
Gulliver's Travels,2010,112000000,42779261,189238587,232017848,12,120017848,0.5172785155735088,1.0715879285714285,0.8156208181018901,2010 Gulliver's Travels,10.768,12/25/2010,en,5.1,1282,"Comedy,Adventure,Family,Fantasy",0,1,0,1,0,0,0,1,1,0,0,0,0,0,0,0,0,0,0,FALSE
Ferdinand,2017,111000000,84410380,205437550,289847930,12,178847930,0.6170405633050406,1.6112426126126127,0.7087770128287616,2017 Ferdinand,19.479,12/15/2017,en,7.1,1425,"Animation,Family,Adventure,Comedy",0,1,1,1,0,0,0,1,0,0,0,0,0,0,0,0,0,0,0,FALSE
Deadpool 2,2018,110000000,324591735,462088822,786680557,5,676680557,0.8601719604975568,6.151641427272727,0.5873906732386676,2018 Deadpool 2,38.894,5/10/2018,en,7.5,8773,"Action,Comedy,Adventure",1,1,0,1,0,0,0,0,0,0,0,0,0,0,0,0,0,0,0,FALSE
Gravity,2013,110000000,274092705,419605968,693698673,10,583698673,0.8414297096399376,5.306351572727273,0.6048821834779551,2013 Gravity,27.836,10/4/2013,en,7.2,9586,"Science Fiction,Thriller,Drama",0,0,0,0,0,0,1,0,0,0,0,0,0,0,1,0,1,0,0,FALSE
San Andreas,2015,110000000,155190832,301067707,456258539,5,346258539,0.7589086217628028,3.1478049,0.6598620765758425,2015 San Andreas,27.414,5/29/2015,en,6.1,5125,"Action,Drama,Thriller",1,0,0,0,0,0,1,0,0,0,0,0,0,0,0,0,1,0,0,FALSE
The Smurfs,2011,110000000,142614158,421135165,563749323,7,453749323,0.8048778144608078,4.124993845454545,0.7470255800200757,2011 The Smurfs,16.533,7/29/2011,en,5.6,2112,"Animation,Family,Adventure,Comedy,Fantasy",0,1,1,1,0,0,0,1,1,0,0,0,0,0,0,0,0,0,0,FALSE
300: Rise of an Empire,2014,110000000,106580051,224200000,330780051,3,220780051,0.6674527388593939,2.007091372727273,0.6777917813429444,2014 300: Rise of an Empire,23.68,3/7/2014,en,6,3870,"Action,War,Fantasy",1,0,0,0,0,0,0,0,1,0,0,0,0,0,0,0,0,1,0,FALSE
Passengers,2016,110000000,100014699,202224973,302239672,12,192239672,0.6360504255708694,1.7476333818181815,0.669088117,2016 Passengers,14.074,12/21/2016,en,6.8,7869,"Drama,Romance,Science Fiction",0,0,0,0,0,0,1,0,0,0,0,0,0,1,1,0,0,0,0,FALSE
The Green Hornet,2011,110000000,98780042,130375461,229155503,1,119155503,0.5199766160535975,1.0832318454545455,0.5689388179344749,2011 The Green Hornet,14.501,1/13/2011,en,5.5,1897,"Action,Crime,Comedy",1,0,0,1,1,0,0,0,0,0,0,0,0,0,0,0,0,0,0,FALSE
Real Steel,2011,110000000,85463309,178417032,263880341,10,153880341,0.5831443919499861,1.398912190909091,0.676128549,2011 Real Steel,14.811,10/6/2011,en,6.8,4566,"Action,Science Fiction,Drama",1,0,0,0,0,0,1,0,0,0,0,0,0,0,1,0,0,0,0,FALSE
The A-Team,2010,110000000,77222099,100019072,177241171,6,67241171,0.3793767024931244,0.6112833727272727,0.5643106025292509,2010 The A-Team,17.097,6/11/2010,en,6.3,2703,"Thriller,Action,Adventure,Comedy,Crime",1,1,0,1,1,0,0,0,0,0,0,0,0,0,0,0,1,0,0,FALSE
The Smurfs 2,2013,110000000,71017784,277529739,348547523,7,238547523,0.6844045854831681,2.1686138454545456,0.7962464820041197,2013 The Smurfs 2,12.941,7/31/2013,en,5.7,1200,"Fantasy,Family,Comedy,Animation",0,0,1,1,0,0,0,1,1,0,0,0,0,0,0,0,0,0,0,FALSE
Ender's Game,2013,110000000,61737191,66246092,127983283,11,17983283,0.1405127496221518,0.1634843909090909,0.5176151951032543,2013 Ender's Game,15.533,11/1/2013,en,6.6,3558,"Science Fiction,Action,Adventure",1,1,0,0,0,0,0,0,0,0,0,0,0,0,1,0,0,0,0,FALSE
Ghost in the Shell,2017,110000000,40563557,127347133,167910690,3,57910690,0.3448898339944883,0.5264608181818182,0.758421831,2017 Ghost in the Shell,21.308,3/31/2017,en,6,5128,"Action,Science Fiction,Thriller,Drama",1,0,0,0,0,0,1,0,0,0,0,0,0,0,1,0,1,0,0,FALSE
The Martian,2015,108000000,228433663,426837780,655271443,10,547271443,0.835182807,5.067328175925926,0.651390786,2015 The Martian,22.856,10/2/2015,en,7.7,12172,"Drama,Adventure,Science Fiction",0,1,0,0,0,0,1,0,0,0,0,0,0,0,1,0,0,0,0,FALSE
Allied,2016,106000000,40098064,79168597,119266661,11,13266661,0.1112352847708212,0.125157179,0.6637948638471568,2016 Allied,19.611,11/23/2016,en,6.7,2765,"Action,Drama,War,Romance,Thriller",1,0,0,0,0,0,1,0,0,0,0,0,0,1,0,0,1,1,0,FALSE
Ice Age: Collision Course,2016,105000000,64063008,338093674,402156682,7,297156682,0.7389077324842261,2.830063638095238,0.8407013712133222,2016 Ice Age: Collision Course,18.233,7/22/2016,en,5.9,2430,"Adventure,Animation,Family,Comedy",0,1,1,1,0,0,0,1,0,0,0,0,0,0,0,0,0,0,0,FALSE
Kingsman: The Golden Circle,2017,104000000,100234838,308568858,408803696,9,304803696,0.7455991689468483,2.930804769230769,0.7548093645415573,2017 Kingsman: The Golden Circle,24.337,9/22/2017,en,7,5531,"Action,Adventure,Comedy",1,1,0,1,0,0,0,0,0,0,0,0,0,0,0,0,0,0,0,FALSE
A Wrinkle in Time,2018,103000000,100478608,32923274,133401882,3,30401882,0.2278969497596743,0.2951639029126213,0.2467976726145437,2018 A Wrinkle in Time,12.529,3/9/2018,en,5,1073,"Adventure,Science Fiction,Family,Fantasy",0,1,0,0,0,0,0,1,1,0,0,0,0,0,1,0,0,0,0,FALSE
Bumblebee,2018,102000000,127195589,338000000,465195589,12,363195589,0.7807373878603135,3.560741068627451,0.7265761068942552,2018 Bumblebee,43.078,12/21/2018,en,6.5,2425,"Action,Adventure,Science Fiction",1,1,0,0,0,0,0,0,0,0,0,0,0,0,1,0,0,0,0,FALSE
Cloud Atlas,2012,102000000,27108272,103564882,130673154,10,28673154,0.2194265089828627,0.2811093529411764,0.7925490342109597,2012 Cloud Atlas,14.681,10/26/2012,en,6.8,4505,"Drama,Science Fiction",0,0,0,0,0,0,1,0,0,0,0,0,0,0,1,0,0,0,0,FALSE
Terminator 2: Judgment Day,1991,100000000,203464105,311955722,515419827,7,415419827,0.8059834046702282,4.15419827,0.6052458707608079,1991 Terminator 2: Judgment Day,24.604,7/3/1991,en,7.9,6682,"Action,Thriller,Science Fiction",1,0,0,0,0,0,0,0,0,0,0,0,0,0,1,0,1,0,0,FALSE
Django Unchained,2012,100000000,162805434,287142889,449948323,12,349948323,0.7777522553406649,3.49948323,0.6381685947521578,2012 Django Unchained,21.26,12/25/2012,en,8,15725,"Drama,Western",0,0,0,0,0,0,1,0,0,0,0,0,0,0,0,0,0,0,1,FALSE
Little Fockers,2010,100000000,148438600,162211974,310650574,12,210650574,0.6780949131611776,2.10650574,0.5221685957676679,2010 Little Fockers,12.153,12/21/2010,en,5.6,1883,"Comedy,Romance",0,0,0,1,0,0,0,0,0,0,0,0,0,1,0,0,0,0,0,FALSE
The Other Guys,2010,100000000,119219978,51716492,170936470,8,70936470,0.4149873341832787,0.7093647,0.3025480285160913,2010 The Other Guys,13.508,8/6/2010,en,6.2,2187,"Action,Comedy,Crime",1,0,0,1,1,0,0,0,0,0,0,0,0,0,0,0,0,0,0,FALSE
Lemony Snicket's A Series of Unfortunate Events,2004,100000000,118627117,94328907,212956024,12,112956024,0.5304194822871036,1.12956024,0.4429501698435166,2004 Lemony Snicket's A Series of Unfortunate Events,14.362,12/17/2004,en,6.8,2975,"Adventure,Comedy,Family",0,1,0,1,0,0,0,1,0,0,0,0,0,0,0,0,0,0,0,FALSE
The Wolf of Wall Street,2013,100000000,116900694,272969720,389870414,12,289870414,0.7435045173753554,2.89870414,0.7001550007331411,2013 The Wolf of Wall Street,29.518,12/25/2013,en,7.9,12411,"Crime,Drama,Comedy",0,0,0,1,1,0,1,0,0,0,0,0,0,0,0,0,0,0,0,FALSE
Epic,2013,100000000,107518682,155275759,262794441,5,162794441,0.6194744469499642,1.62794441,0.5908639406873907,2013 Epic,13.995,5/24/2013,en,6.4,1670,"Animation,Adventure,Family,Fantasy",0,1,1,0,0,0,0,1,1,0,0,0,0,0,0,0,0,0,0,FALSE
The Expendables 2,2012,100000000,85028192,226951064,311979256,8,211979256,0.6794658680768185,2.11979256,0.727455623,2012 The Expendables 2,17.216,8/17/2012,en,6.2,4219,"Action,Adventure,Thriller",1,1,0,0,0,0,0,0,0,0,0,0,0,0,0,0,1,0,0,FALSE
Hercules,2014,100000000,72688614,170700000,243388614,7,143388614,0.5891344366667868,1.43388614,0.7013475166097951,2014 Hercules,23.922,7/25/2014,en,5.6,2606,"Action,Adventure",1,1,0,0,0,0,0,0,0,0,0,0,0,0,0,0,0,0,0,FALSE
The Tourist,2010,100000000,67631157,211100212,278731369,12,178731369,0.641231626,1.78731369,0.7573607978081577,2010 The Tourist,10.307,12/10/2010,en,6.1,3133,"Action,Thriller,Romance",1,0,0,0,0,0,0,0,0,0,0,0,0,1,0,0,1,0,0,FALSE
Legend of the Guardians: The Owls of Ga'Hoole,2010,100000000,55675313,84041404,139716717,9,39716717,0.2842660338204196,0.39716717,0.6015128740822044,2010 Legend of the Guardians: The Owls of Ga'Hoole,10.754,9/24/2010,en,6.6,1223,"Animation,Adventure,Family,Fantasy",0,1,1,0,0,0,0,1,1,0,0,0,0,0,0,0,0,0,0,FALSE
The Expendables 3,2014,100000000,39322544,170138834,209461378,8,109461378,0.5225850180361173,1.09461378,0.8122682836546602,2014 The Expendables 3,18.797,8/15/2014,en,6.1,2876,"Action,Adventure,Thriller",1,1,0,0,0,0,0,0,0,0,0,0,0,0,0,0,1,0,0,FALSE
Green Zone,2010,100000000,35497337,62025683,97523020,3,-2476980,-0.025398926,-0.0247698,0.6360106875279293,2010 Green Zone,11.519,3/11/2010,en,6.4,1176,"War,Action,Adventure,Drama,Thriller",1,1,0,0,0,0,1,0,0,0,0,0,0,0,0,0,1,1,0,FALSE
Geostorm,2017,100000000,33700160,187095849,220796009,10,120796009,0.547093263,1.20796009,0.8473697049478824,2017 Geostorm,13.653,10/20/2017,en,5.8,2246,"Action,Science Fiction,Thriller",1,0,0,0,0,0,0,0,0,0,0,0,0,0,1,0,1,0,0,FALSE
Point Break,2015,100000000,28782481,97922110,126704591,12,26704591,0.2107626155393216,0.26704591,0.7728378997727083,2015 Point Break,9.435,12/25/2015,en,5.6,1260,"Action,Crime,Thriller",1,0,0,0,1,0,0,0,0,0,0,0,0,0,0,0,1,0,0,FALSE
In the Heart of the Sea,2015,100000000,25020758,64672551,89693309,12,-10306691,-0.114910366,-0.10306691,0.7210409753084257,2015 In the Heart of the Sea,14.33,12/11/2015,en,6.6,2137,"Thriller,Drama,Adventure,Action,History",1,1,0,0,0,0,1,0,0,1,0,0,0,0,0,0,1,0,0,FALSE
Transcendence,2014,100000000,23022309,80016949,103039258,4,3039258,0.029496117,0.03039258,0.7765675971773788,2014 Transcendence,11.035,4/17/2014,en,6,3491,"Thriller,Science Fiction,Drama,Mystery",0,0,0,0,0,0,1,0,0,0,0,0,1,0,1,0,1,0,0,FALSE
Mortal Engines,2018,100000000,15951040,69336377,85287417,12,-14712583,-0.172505904,-0.14712583,0.8129731141933868,2018 Mortal Engines,40.095,12/14/2018,en,6,1751,"Adventure,Fantasy",0,1,0,0,0,0,0,0,1,0,0,0,0,0,0,0,0,0,0,FALSE
The Peanuts Movie,2015,99000000,130178411,119913199,250091610,11,151091610,0.6041450570852817,1.5261778787878788,0.4794770964127905,2015 The Peanuts Movie,11.344,11/1/2015,en,6.6,894,"Adventure,Comedy,Animation,Family",0,1,1,1,0,0,0,1,0,0,0,0,0,0,0,0,0,0,0,FALSE
Robin Hood,2018,99000000,30824628,53922813,84747441,11,-14252559,-0.168176866,-0.143965242,0.6362765927056134,2018 Robin Hood,39.975,11/21/2018,en,5.8,1194,"Adventure,Action,Thriller",1,1,0,0,0,0,0,0,0,0,0,0,0,0,0,0,1,0,0,FALSE
Alien: Covenant,2017,97000000,74262031,164259216,238521247,5,141521247,0.5933276334078532,1.4589819278350515,0.6886565371679446,2017 Alien: Covenant,24.651,5/19/2017,en,5.9,4971,"Horror,Science Fiction,Thriller",0,0,0,0,0,0,0,0,0,0,1,0,0,0,1,0,1,0,0,FALSE
Cinderella,2015,95000000,201151353,333400000,534551353,3,439551353,0.8222808726105685,4.626856347368421,0.6237006007540682,2015 Cinderella,29.056,3/13/2015,en,6.7,4517,"Romance,Fantasy,Family,Drama",0,0,0,0,0,0,1,1,1,0,0,0,0,1,0,0,0,0,0,FALSE
Ice Age: Continental Drift,2012,95000000,161321843,718443294,879765137,7,784765137,0.892016635,8.260685653,0.8166307844953852,2012 Ice Age: Continental Drift,17.537,7/13/2012,en,6.3,4598,"Animation,Comedy,Adventure,Family",0,1,1,1,0,0,0,1,0,0,0,0,0,0,0,0,0,0,0,FALSE
Sex and the City 2,2010,95000000,95347692,199333086,294680778,5,199680778,0.6776172485875547,2.1019029263157893,0.6764373548654062,2010 Sex and the City 2,9.986,5/27/2010,en,5.9,809,"Comedy,Drama,Romance",0,0,0,1,0,0,1,0,0,0,0,0,0,1,0,0,0,0,0,FALSE
Percy Jackson & the Olympians: The Lightning Thief,2010,95000000,88768303,134282571,223050874,2,128050874,0.5740881965788666,1.3479039368421053,0.6020266524488042,2010 Percy Jackson & the Olympians: The Lightning Thief,26.691,2/11/2010,en,6.1,4229,"Adventure,Fantasy,Family",0,1,0,0,0,0,0,1,1,0,0,0,0,0,0,0,0,0,0,FALSE
The Campaign,2012,95000000,86907746,18000000,104907746,8,9907746,0.094442464,0.1042920631578947,0.1715793226555453,2012 The Campaign,10.266,8/10/2012,en,5.7,982,Comedy,0,0,0,1,0,0,0,0,0,0,0,0,0,0,0,0,0,0,0,FALSE
Unstoppable,2010,95000000,81562942,84157979,165720921,11,70720921,0.426747091,0.7444307473684211,0.5078295395184294,2010 Unstoppable,14.01,11/12/2010,en,6.4,1913,"Action,Thriller",1,0,0,0,0,0,0,0,0,0,0,0,0,0,0,0,1,0,0,FALSE
Ben-Hur,2016,95000000,26410477,65259171,91669648,8,-3330352,-0.036329931,-0.035056337,0.7118950756743389,2016 Ben-Hur,10.11,8/19/2016,en,5.6,1068,"Action,Adventure,Drama",1,1,0,0,0,0,1,0,0,0,0,0,0,0,0,0,0,0,0,FALSE
Seventh Son,2015,95000000,17725785,91149182,108874967,2,13874967,0.1274394599816503,0.1460522842105263,0.8371913628226404,2015 Seventh Son,22.856,2/6/2015,en,5.3,1549,"Adventure,Fantasy",0,1,0,0,0,0,0,0,1,0,0,0,0,0,0,0,0,0,0,FALSE
Kingsman: The Secret Service,2015,94000000,128261724,276300000,404561724,2,310561724,0.7676497937802934,3.3038481276595744,0.6829612976436693,2015 Kingsman: The Secret Service,26.103,2/13/2015,en,7.6,10287,"Crime,Comedy,Action,Adventure",1,1,0,1,1,0,0,0,0,0,0,0,0,0,0,0,0,0,0,FALSE
Rise of the Planet of the Apes,2011,93000000,176760185,294226015,470986200,8,377986200,0.8025419853065758,4.064367741935484,0.6247019870221251,2011 Rise of the Planet of the Apes,22.995,8/4/2011,en,7.2,7259,"Thriller,Action,Drama,Science Fiction",1,0,0,0,0,0,1,0,0,0,0,0,0,0,1,0,1,0,0,FALSE
A Good Day to Die Hard,2013,92000000,67349198,236900000,304249198,2,212249198,0.6976162941274212,2.3070565,0.7786380426218905,2013 A Good Day to Die Hard,15.858,2/14/2013,en,5.2,4437,"Action,Thriller",1,0,0,0,0,0,0,0,0,0,0,0,0,0,0,0,1,0,0,FALSE
The Secret Life of Walter Mitty,2013,91000000,58236838,129624345,187861183,12,96861183,0.5155997713481875,1.0644086043956045,0.6900006852400158,2013 The Secret Life of Walter Mitty,10.743,12/25/2013,en,7.1,4859,"Adventure,Comedy,Drama,Fantasy",0,1,0,1,0,0,1,0,1,0,0,0,0,0,0,0,0,0,0,FALSE
Jumanji: Welcome to the Jungle,2017,90000000,404508916,559987277,964496193,12,874496193,0.9066870344816385,9.716624366666666,0.5806008163269132,2017 Jumanji: Welcome to the Jungle,20.395,12/20/2017,en,6.7,7213,"Action,Adventure,Comedy,Fantasy",1,1,0,1,0,0,0,0,1,0,0,0,0,0,0,0,0,0,0,FALSE
Toy Story 2,1999,90000000,245852179,265506097,511358276,11,421358276,0.823998155,4.681758622222223,0.5192173657124892,1999 Toy Story 2,22.698,11/24/1999,en,7.5,7553,"Animation,Comedy,Family",0,0,1,1,0,0,0,1,0,0,0,0,0,0,0,0,0,0,0,FALSE
Rio,2011,90000000,143619809,343900000,487519809,4,397519809,0.8153921167129436,4.416886766666667,0.7054072340268742,2011 Rio,14.695,4/15/2011,en,6.6,3730,"Animation,Adventure,Comedy,Family",0,1,1,1,0,0,0,1,0,0,0,0,0,0,0,0,0,0,0,FALSE
The Girl with the Dragon Tattoo,2011,90000000,102515793,136858177,239373970,12,149373970,0.62401927,1.6597107777777778,0.5717337478256304,2011 The Girl with the Dragon Tattoo,17.823,12/14/2011,en,7.3,3971,"Thriller,Crime,Mystery,Drama",0,0,0,0,1,0,1,0,0,0,0,0,1,0,0,0,1,0,0,FALSE
The Magnificent Seven,2016,90000000,93432655,69092501,162525156,9,72525156,0.4462395716759072,0.8058350666666667,0.4251188105304757,2016 The Magnificent Seven,18.487,9/23/2016,en,6.2,3647,"Adventure,Action,Western",1,1,0,0,0,0,0,0,0,0,0,0,0,0,0,0,0,0,1,FALSE
Alvin and the Chipmunks: The Road Chip,2015,90000000,85886987,163630969,249517956,12,159517956,0.6393045156237173,1.7724217333333334,0.6557883513601722,2015 Alvin and the Chipmunks: The Road Chip,14.973,12/18/2015,en,5.8,852,"Adventure,Animation,Comedy,Family",0,1,1,1,0,0,0,1,0,0,0,0,0,0,0,0,0,0,0,FALSE
Pixels,2015,90000000,78765986,165275818,244041804,7,154041804,0.6312107248641712,1.7115756,0.6772438790855685,2015 Pixels,23.029,7/24/2015,en,5.6,4423,"Action,Comedy,Science Fiction",1,0,0,1,0,0,0,0,0,0,0,0,0,0,1,0,0,0,0,FALSE
Percy Jackson: Sea of Monsters,2013,90000000,68559554,132300000,200859554,8,110859554,0.5519257201975067,1.2317728222222222,0.6586691913096651,2013 Percy Jackson: Sea of Monsters,15.762,8/7/2013,en,5.9,3109,"Adventure,Family,Fantasy",0,1,0,0,0,0,0,1,1,0,0,0,0,0,0,0,0,0,0,FALSE
Now You See Me 2,2016,90000000,65075540,263249467,328325007,6,238325007,0.7258813733917014,2.648055633333333,0.8017953594378512,2016 Now You See Me 2,25.805,6/10/2016,en,6.8,6744,"Action,Comedy,Thriller",1,0,0,1,0,0,0,0,0,0,0,0,0,0,0,0,1,0,0,FALSE
Tomb Raider,2018,90000000,58250803,215226698,273477501,3,183477501,0.6709052859160066,2.0386389,0.7869996515727997,2018 Tomb Raider,24.968,3/16/2018,en,6.3,4310,"Action,Adventure,Fantasy",1,1,0,0,0,0,0,0,1,0,0,0,0,0,0,0,0,0,0,FALSE
Conan the Barbarian,2011,90000000,21295021,42061112,63356133,8,-26643867,-0.420541244,-0.296042967,0.663883826,2011 Conan the Barbarian,17.046,8/19/2011,en,5.2,1024,"Adventure,Fantasy,Action",1,1,0,0,0,0,0,0,1,0,0,0,0,0,0,0,0,0,0,FALSE
The Three Musketeers,2011,90000000,20377913,119500000,139877913,10,49877913,0.3565817642703891,0.5541990333333333,0.8543164352187611,2011 The Three Musketeers,11.932,10/20/2011,en,5.7,1596,"Adventure,Action,Thriller",1,1,0,0,0,0,0,0,0,0,0,0,0,0,0,0,1,0,0,FALSE
The Promise,2017,90000000,8224288,2327129,10551417,4,-79448583,-7.529660045,-0.882762033,0.220551325,2017 The Promise,10.158,4/21/2017,en,7.1,195,"History,Romance,Drama",0,0,0,0,0,0,1,0,0,1,0,0,0,1,0,0,0,0,0,FALSE
The Nutcracker in 3D,2010,90000000,195459,20270557,20466016,11,-69533984,-3.397533941,-0.772599822,0.9904495823710876,2010 The Nutcracker in 3D,7.566,11/24/2010,en,5.5,97,"Music,Fantasy,Action,Family",1,0,0,0,0,0,0,1,1,0,0,1,0,0,0,0,0,0,0,FALSE
Bright,2017,90000000,0,0,0,12,,,,0,2017 Bright,15.677,12/22/2017,en,6.2,3181,"Action,Crime,Fantasy",1,0,0,0,1,0,0,0,1,0,0,0,0,0,0,0,0,0,0,TRUE
The Predator,2018,88000000,51024708,108462855,159487563,9,71487563,0.4482328380677557,0.8123586704545455,0.6800709281638468,2018 The Predator,29.473,9/14/2018,en,5.2,2018,"Science Fiction,Action,Thriller,Adventure,Horror",1,1,0,0,0,0,0,0,0,0,1,0,0,0,1,0,1,0,0,FALSE
The Bourne Supremacy,2004,85000000,176087450,134913674,311001124,7,226001124,0.7266890906799424,2.6588367529411765,0.4338044578899978,2004 The Bourne Supremacy,18.199,7/23/2004,en,7.3,4367,"Action,Drama,Thriller",1,0,0,0,0,0,1,0,0,0,0,0,0,0,0,0,1,0,0,FALSE
Divergent,2014,85000000,150947895,125067070,276014965,3,191014965,0.692045683,2.247234882352941,0.4531169895081595,2014 Divergent,16.982,3/21/2014,en,6.9,8279,"Action,Adventure,Science Fiction",1,1,0,0,0,0,0,0,0,0,0,0,0,0,1,0,0,0,0,FALSE
Hotel Transylvania,2012,85000000,148313048,230192764,378505812,9,293505812,0.7754327745963383,3.4530095529411766,0.6081617684644695,2012 Hotel Transylvania,15.318,9/28/2012,en,6.9,5013,"Animation,Comedy,Family,Fantasy",0,0,1,1,0,0,0,1,1,0,0,0,0,0,0,0,0,0,0,FALSE
Safe House,2012,85000000,126181630,82360532,208542162,2,123542162,0.5924085605288776,1.4534372,0.3949346799233816,2012 Safe House,13.116,2/10/2012,en,6.4,1997,"Action,Thriller",1,0,0,0,0,0,0,0,0,0,0,0,0,0,0,0,1,0,0,FALSE
Tower Heist,2011,85000000,78046570,72376376,150422946,11,65422946,0.4349266367911715,0.7696817176470588,0.4811524965080793,2011 Tower Heist,12.213,11/4/2011,en,6,1592,"Action,Comedy",1,0,0,1,0,0,0,0,0,0,0,0,0,0,0,0,0,0,0,FALSE
Mirror Mirror,2012,85000000,64935167,108678315,173613482,3,88613482,0.5104066860429652,1.0425115529411764,0.6259785458366649,2012 Mirror Mirror,13.221,3/30/2012,en,5.8,2099,"Adventure,Comedy,Drama,Family,Fantasy",0,1,0,1,0,0,1,1,1,0,0,0,0,0,0,0,0,0,0,FALSE
Arthur Christmas,2011,85000000,46462469,103254655,149717124,11,64717124,0.4322626715698867,0.7613779294117647,0.6896649644432122,2011 Arthur Christmas,12.981,11/23/2011,en,6.7,692,"Drama,Animation,Family,Comedy",0,0,1,1,0,0,1,1,0,0,0,0,0,0,0,0,0,0,0,FALSE
xXx: Return of Xander Cage,2017,85000000,44898413,300134946,345033359,1,260033359,0.7536470089548646,3.059215988235294,0.8698722548737672,2017 xXx: Return of Xander Cage,21.749,1/20/2017,en,5.6,2452,"Action,Adventure,Crime",1,1,0,0,1,0,0,0,0,0,0,0,0,0,0,0,0,0,0,FALSE
Cats & Dogs: The Revenge of Kitty Galore,2010,85000000,43585753,69440630,113026383,7,28026383,0.2479631945755532,0.3297221529411764,0.6143754064924823,2010 Cats & Dogs: The Revenge of Kitty Galore,10.544,7/30/2010,en,4.9,273,"Comedy,Family,Action,Fantasy",1,0,0,1,0,0,0,1,1,0,0,0,0,0,0,0,0,0,0,FALSE
The Greatest Showman,2017,84000000,174340174,212325376,386665550,12,302665550,0.7827579933097221,3.603161309523809,0.5491189375417593,2017 The Greatest Showman,22.009,12/20/2017,en,8,5197,Drama,0,0,0,0,0,0,1,0,0,0,0,0,0,0,0,0,0,0,0,FALSE
RED 2,2013,84000000,53262560,88244795,141507355,7,57507355,0.4063912790964116,0.6846113690476191,0.6236057129327306,2013 RED 2,14.994,7/19/2013,en,6.5,2368,"Action,Comedy,Crime,Thriller",1,0,0,1,1,0,0,0,0,0,0,0,0,0,0,0,1,0,0,FALSE
Hellboy II: The Golden Army,2008,82500000,75986503,84401560,160388063,7,77888063,0.4856225678091767,0.9440977333333334,0.526233427,2008 Hellboy II: The Golden Army,16.266,7/11/2008,en,6.7,2820,"Adventure,Fantasy",0,1,0,0,0,0,0,0,1,0,0,0,0,0,0,0,0,0,0,FALSE
The Expendables,2010,82000000,103068524,165199650,268268174,8,186268174,0.6943357134864607,2.271563097560976,0.615800404,2010 The Expendables,21.517,8/3/2010,en,6.1,4647,"Thriller,Adventure,Action",1,1,0,0,0,0,0,0,0,0,0,0,0,0,0,0,1,0,0,FALSE
The Hunger Games,2012,80000000,408010692,269912687,677923379,3,597923379,0.8819925636463409,7.474042238,0.398146303,2012 The Hunger Games,14.212,3/23/2012,en,7.1,14587,"Science Fiction,Adventure,Fantasy",0,1,0,0,0,0,0,0,1,0,0,0,0,0,1,0,0,0,0,FALSE
The Hangover Part II,2011,80000000,254464305,332000000,586464305,5,506464305,0.8635893108618093,6.330803813,0.56610436,2011 The Hangover Part II,32.266,5/25/2011,en,6.4,6231,Comedy,0,0,0,1,0,0,0,0,0,0,0,0,0,0,0,0,0,0,0,FALSE
The Lego Batman Movie,2017,80000000,175750384,134909634,310660018,2,230660018,0.7424837592071472,2.883250225,0.4342677724302456,2017 The Lego Batman Movie,19.352,2/10/2017,en,7.2,2882,"Action,Animation,Comedy,Family,Fantasy",1,0,1,1,0,0,0,1,1,0,0,0,0,0,0,0,0,0,0,FALSE
Hotel Transylvania 2,2015,80000000,169700110,299800188,469500298,9,389500298,0.8296060719433239,4.868753725,0.6385516458181247,2015 Hotel Transylvania 2,16.553,9/25/2015,en,6.7,3184,"Animation,Comedy,Family,Fantasy",0,0,1,1,0,0,0,1,1,0,0,0,0,0,0,0,0,0,0,FALSE
Grown Ups 2,2013,80000000,133668525,113355283,247023808,7,167023808,0.6761445763154943,2.0877976,0.4588840400355256,2013 Grown Ups 2,11.289,7/12/2013,en,5.9,2090,Comedy,0,0,0,1,0,0,0,0,0,0,0,0,0,0,0,0,0,0,0,FALSE
Alvin and the Chipmunks: Chipwrecked,2011,80000000,133107389,215981134,349088523,12,269088523,0.7708317669326528,3.363606538,0.6187001856832743,2011 Alvin and the Chipmunks: Chipwrecked,12.672,12/16/2011,en,5.5,1055,"Comedy,Fantasy,Family,Music,Animation",0,0,1,1,0,0,0,1,1,0,0,1,0,0,0,0,0,0,0,FALSE
Shutter Island,2010,80000000,128012934,171448848,299461782,2,219461782,0.7328540574837026,2.743272275,0.5725233011536678,2010 Shutter Island,18.06,2/18/2010,en,8.1,12625,"Drama,Thriller,Mystery",0,0,0,0,0,0,1,0,0,0,0,0,1,0,0,0,1,0,0,FALSE
Yogi Bear,2010,80000000,100246011,104528679,204774690,12,124774690,0.609326719,1.559683625,0.5104570247426574,2010 Yogi Bear,9.096,12/17/2010,en,5.3,387,"Comedy,Family,Animation,Adventure",0,1,1,1,0,0,0,1,0,0,0,0,0,0,0,0,0,0,0,FALSE
The Book of Eli,2010,80000000,94835059,63915758,158750817,1,78750817,0.496065586,0.984385213,0.402616876,2010 The Book of Eli,18.985,1/11/2010,en,6.7,3495,"Action,Thriller,Science Fiction",1,0,0,0,0,0,0,0,0,0,0,0,0,0,1,0,1,0,0,FALSE
Fury,2014,80000000,85817906,124497775,210315681,10,130315681,0.6196194234323402,1.628946013,0.5919566929486346,2014 Fury,29.117,10/17/2014,en,7.4,6653,"War,Drama,Action",1,0,0,0,0,0,1,0,0,0,0,0,0,0,0,0,0,1,0,FALSE
Smallfoot,2018,80000000,83240103,130451174,213691277,9,133691277,0.625628144,1.671140963,0.6104656017381561,2018 Smallfoot,26.231,9/28/2018,en,6.6,600,"Animation,Family,Adventure,Fantasy",0,1,1,0,0,0,0,1,1,0,0,0,0,0,0,0,0,0,0,FALSE
Zookeeper,2011,80000000,80360866,90444659,170805525,7,90805525,0.5316310757512088,1.135069063,0.5295183454984843,2011 Zookeeper,10.764,7/8/2011,en,5.3,886,"Comedy,Romance,Family",0,0,0,1,0,0,0,1,0,0,0,0,0,1,0,0,0,0,0,FALSE
Conspiracy Theory,1997,80000000,76118990,66664728,142783718,8,62783718,0.4397120265491335,0.784796475,0.4668930668971654,1997 Conspiracy Theory,10.151,8/8/1997,en,6.5,707,"Action,Drama,Mystery,Thriller",1,0,0,0,0,0,1,0,0,0,0,0,1,0,0,0,1,0,0,FALSE
Walking with Dinosaurs,2013,80000000,36076121,87292721,123368842,12,43368842,0.351538049,0.542110525,0.7075751023098685,2013 Walking with Dinosaurs,10.56,12/20/2013,en,5.4,210,"Animation,Family,Adventure",0,1,1,0,0,0,0,1,0,0,0,0,0,0,0,0,0,0,0,FALSE
The Last Witch Hunter,2015,80000000,27367660,103451252,130818912,10,50818912,0.388467625,0.6352364,0.7907973733950638,2015 The Last Witch Hunter,16.685,10/23/2015,en,5.8,2193,"Fantasy,Action,Adventure,Science Fiction",1,1,0,0,0,0,0,0,1,0,0,0,0,0,1,0,0,0,0,FALSE
Pompeii,2014,80000000,23169033,85300000,108469033,2,28469033,0.2624623103259342,0.355862913,0.7863995616149726,2014 Pompeii,25.215,2/21/2014,en,5.4,2078,"Action,Adventure,History,Romance,Drama",1,1,0,0,0,0,1,0,0,1,0,0,0,1,0,0,0,0,0,FALSE
Oceans,2010,80000000,19422319,67365211,86787530,4,6787530,0.078208586,0.084844125,0.7762084138124452,2010 Oceans,7.532,4/21/2010,en,7.2,167,"Documentary,Family",0,0,0,0,0,1,0,1,0,0,0,0,0,0,0,0,0,0,0,FALSE
The Lion King,1994,79300000,421785283,564429585,986214868,6,906914868,0.9195915590272769,11.43650527112232,0.5723190790508342,1994 The Lion King,28.583,6/23/1994,en,8.2,10160,"Family,Animation,Drama",0,0,1,0,0,0,1,1,0,0,0,0,0,0,0,0,0,0,0,FALSE
Journey 2: The Mysterious Island,2012,79000000,103860290,214285872,318146162,2,239146162,0.7516864591313221,3.027166607594937,0.6735453624614212,2012 Journey 2: The Mysterious Island,14.454,2/10/2012,en,5.9,2152,"Adventure,Action,Science Fiction",1,1,0,0,0,0,0,0,0,0,0,0,0,0,1,0,0,0,0,FALSE
Jack and Jill,2011,79000000,74158157,76361060,150519217,11,71519217,0.4751500733623933,0.9053065443037974,0.5073176802401251,2011 Jack and Jill,11.277,11/11/2011,en,4.1,1124,Comedy,0,0,0,1,0,0,0,0,0,0,0,0,0,0,0,0,0,0,0,FALSE
Cloudy with a Chance of Meatballs 2,2013,78000000,119793567,154599082,274392649,9,196392649,0.7157358249783142,2.517854474358974,0.5634228269723072,2013 Cloudy with a Chance of Meatballs 2,18.335,9/27/2013,en,6.4,1679,"Animation,Family,Comedy",0,0,1,1,0,0,0,1,0,0,0,0,0,0,0,0,0,0,0,FALSE
The Little Prince,2016,77500000,1311213,100717706,102028919,2,24528919,0.2404114366829663,0.3165021806451613,0.9871486142080952,2016 The Little Prince,8.512,8/5/2016,en,7.6,1493,"Adventure,Animation,Fantasy,Family",0,1,1,0,0,0,0,1,1,0,0,0,0,0,0,0,0,0,0,FALSE
The Equalizer 2,2018,77000000,102084362,88368770,190453132,7,113453132,0.5957010567828309,1.4734172987012988,0.4639922120052087,2018 The Equalizer 2,22.961,7/20/2018,en,6.4,2089,"Thriller,Action,Crime",1,0,0,0,1,0,0,0,0,0,0,0,0,0,0,0,1,0,0,FALSE
Despicable Me 2,2013,76000000,368065385,607151450,975216835,7,899216835,0.922068614,11.831800460526315,0.622580977,2013 Despicable Me 2,19.014,7/3/2013,en,6.9,7319,"Animation,Comedy,Family",0,0,1,1,0,0,0,1,0,0,0,0,0,0,0,0,0,0,0,FALSE
The Secret Life of Pets,2016,75000000,368384330,518366204,886750534,7,811750534,0.9154215338764036,10.823340453333332,0.584568246,2016 The Secret Life of Pets,9.909,7/8/2016,en,6.1,5374,"Adventure,Comedy,Animation,Family",0,1,1,1,0,0,0,1,0,0,0,0,0,0,0,0,0,0,0,FALSE
Sing,2016,75000000,270329045,364125744,634454789,12,559454789,0.8817882671857332,7.459397186666667,0.5739191354736547,2016 Sing,17.572,12/21/2016,en,6.9,4303,"Animation,Comedy,Drama,Family",0,0,1,1,0,0,1,1,0,0,0,0,0,0,0,0,0,0,0,FALSE
Despicable Me 3,2017,75000000,264624300,770103450,1034727750,6,959727750,0.927517166,12.79637,0.7442570763179011,2017 Despicable Me 3,16.407,6/30/2017,en,6.3,4106,"Action,Animation,Comedy,Family,Adventure",1,1,1,1,0,0,0,1,0,0,0,0,0,0,0,0,0,0,0,FALSE
Grown Ups,2010,75000000,162001186,110222244,272223430,6,197223430,0.724491018,2.629645733333333,0.4048962427664657,2010 Grown Ups,14.291,6/24/2010,en,6.1,3171,Comedy,0,0,0,1,0,0,0,0,0,0,0,0,0,0,0,0,0,0,0,FALSE
Now You See Me,2013,75000000,117723989,225045211,342769200,5,267769200,0.7811938762292528,3.570256,0.6565502705610656,2013 Now You See Me,16.646,5/31/2013,en,7.4,9871,"Thriller,Crime",0,0,0,0,1,0,0,0,0,0,0,0,0,0,0,0,1,0,0,FALSE
Christopher Robin,2018,75000000,99215042,98289716,197504758,8,122504758,0.6202623128704575,1.6333967733333334,0.4976574589661278,2018 Christopher Robin,20.931,8/3/2018,en,7.4,1280,"Adventure,Comedy,Family,Fantasy",0,1,0,1,0,0,0,1,1,0,0,0,0,0,0,0,0,0,0,FALSE
Immortals,2011,75000000,83504017,128058418,211562435,11,136562435,0.6454947212155125,1.8208324666666664,0.6052984689838723,2011 Immortals,14.774,11/11/2011,en,5.8,1431,"Fantasy,Action,Drama",1,0,0,0,0,0,1,0,1,0,0,0,0,0,0,0,0,0,0,FALSE
Killers,2010,75000000,47059963,48512786,95572749,6,20572749,0.2152574788865809,0.27430332,0.5076006132250104,2010 Killers,10.221,6/4/2010,en,5.8,1314,"Action,Comedy,Thriller,Romance",1,0,0,1,0,0,0,0,0,0,0,0,0,1,0,0,1,0,0,FALSE
Sucker Punch,2011,75000000,36392502,53365887,89758389,3,14758389,0.1644235058630564,0.19677852,0.5945504102129106,2011 Sucker Punch,14.416,3/25/2011,en,6,2716,"Action,Fantasy,Thriller",1,0,0,0,0,0,0,0,1,0,0,0,0,0,0,0,1,0,0,FALSE
Inferno,2016,75000000,34343574,185175793,219519367,10,144519367,0.6583444958640028,1.9269248933333332,0.8435510521493076,2016 Inferno,17.41,10/28/2016,en,5.9,3877,"Mystery,Thriller,Drama",0,0,0,0,0,0,1,0,0,0,0,0,1,0,0,0,1,0,0,FALSE
Minions,2015,74000000,336045770,824290403,1160336173,7,1086336173,0.936225379,14.680218554054054,0.710389301,2015 Minions,9.338,7/10/2015,en,6.4,7343,"Family,Animation,Adventure,Comedy",0,1,1,1,0,0,0,1,0,0,0,0,0,0,0,0,0,0,0,FALSE
The SpongeBob Movie: Sponge Out of Water,2015,74000000,162994032,148019149,311013181,2,237013181,0.7620679620006202,3.2028808243243243,0.4759256457365387,2015 The SpongeBob Movie: Sponge Out of Water,13.815,2/6/2015,en,5.7,1165,"Adventure,Comedy,Family,Fantasy,Animation",0,1,1,1,0,0,0,1,1,0,0,0,0,0,0,0,0,0,0,FALSE
The Angry Birds Movie,2016,73000000,107509366,244818521,352327887,5,279327887,0.7928066363932186,3.826409410958904,0.6948599019072255,2016 The Angry Birds Movie,17.998,5/20/2016,en,6,1851,"Animation,Adventure,Comedy",0,1,1,1,0,0,0,0,0,0,0,0,0,0,0,0,0,0,0,FALSE
Olympus Has Fallen,2013,70000000,98927592,73951336,172878928,3,102878928,0.5950923527244454,1.4696989714285715,0.427763735,2013 Olympus Has Fallen,13.864,3/22/2013,en,6.2,4086,"Action,Thriller",1,0,0,0,0,0,0,0,0,0,0,0,0,0,0,0,1,0,0,FALSE
Battle: Los Angeles,2011,70000000,83552429,129911547,213463976,3,143463976,0.6720758166708185,2.0494853714285712,0.6085876850715083,2011 Battle: Los Angeles,12.721,3/8/2011,en,5.6,2049,"Action,Science Fiction",1,0,0,0,0,0,0,0,0,0,0,0,0,0,1,0,0,0,0,FALSE
War Horse,2011,70000000,79883359,76932170,156815529,12,86815529,0.5536156371350187,1.2402218428571428,0.4905902527038632,2011 War Horse,10.378,12/25/2011,en,7.2,1849,"Drama,War",0,0,0,0,0,0,1,0,0,0,0,0,0,0,0,0,0,1,0,FALSE
The Monuments Men,2014,70000000,78031620,80671128,158702748,2,88702748,0.5589238316150644,1.2671821142857145,0.5083158862504384,2014 The Monuments Men,12.861,2/7/2014,en,5.9,2229,"War,Drama,History,Action",1,0,0,0,0,0,1,0,0,1,0,0,0,0,0,0,0,1,0,FALSE
Storks,2016,70000000,72679278,110674153,183353431,9,113353431,0.6182236698914022,1.6193347285714286,0.6036110281459637,2016 Storks,12.101,9/23/2016,en,6.5,1308,"Adventure,Animation,Comedy,Family",0,1,1,1,0,0,0,1,0,0,0,0,0,0,0,0,0,0,0,FALSE
Underworld: Awakening,2012,70000000,62321039,98058891,160379930,1,90379930,0.5635364100732554,1.2911418571428572,0.6114162227156478,2012 Underworld: Awakening,13.242,1/19/2012,en,6.2,2588,"Fantasy,Action,Horror",1,0,0,0,0,0,0,0,1,0,1,0,0,0,0,0,0,0,0,FALSE
The Lego Ninjago Movie,2017,70000000,59281555,63455646,122737201,9,52737201,0.429675767,0.7533885857142857,0.5170041803381193,2017 The Lego Ninjago Movie,14.607,9/22/2017,en,6.3,424,"Action,Animation,Adventure,Family",1,1,1,0,0,0,0,1,0,0,0,0,0,0,0,0,0,0,0,FALSE
Dracula Untold,2014,70000000,55991880,164249843,220241723,10,150241723,0.6821673975007906,2.1463103285714284,0.7457707865825224,2014 Dracula Untold,29.043,10/3/2014,en,6.2,3719,"Horror,Action,Drama,Fantasy,War",1,0,0,0,0,0,1,0,1,0,1,0,0,0,0,0,0,1,0,FALSE
The Dilemma,2011,70000000,48475290,22071575,70546865,1,546865,0.007751797,0.007812357,0.3128640089109558,2011 The Dilemma,9.518,1/13/2011,en,5.3,448,"Comedy,Drama",0,0,0,1,0,0,1,0,0,0,0,0,0,0,0,0,0,0,0,FALSE
Rock of Ages,2012,70000000,38518613,22513319,61031932,6,-8968068,-0.146940588,-0.128115257,0.3688777048709518,2012 Rock of Ages,11.369,6/15/2012,en,6.1,686,"Comedy,Drama,Music,Romance",0,0,0,1,0,0,1,0,0,0,0,1,0,1,0,0,0,0,0,FALSE
The Finest Hours,2016,70000000,27569558,21683203,49252761,1,-20747239,-0.421240121,-0.296389129,0.440243401,2016 The Finest Hours,12.673,1/29/2016,en,6.4,943,"Action,Drama,History,Thriller",1,0,0,0,0,0,1,0,0,1,0,0,0,0,0,0,1,0,0,FALSE
Escape Plan,2013,70000000,25135965,78600000,103735965,10,33735965,0.325209921,0.4819423571428571,0.7576928599449574,2013 Escape Plan,17.88,10/18/2013,en,6.7,2799,"Action,Thriller",1,0,0,0,0,0,0,0,0,0,0,0,0,0,0,0,1,0,0,FALSE
Killer Elite,2011,70000000,25124986,40284060,65409046,9,-4590954,-0.070188365,-0.065585057,0.6158790330010316,2011 Killer Elite,15.135,9/23/2011,en,6.2,1093,"Action,Adventure,Thriller",1,1,0,0,0,0,0,0,0,0,0,0,0,0,0,0,1,0,0,FALSE
The Legend of Hercules,2014,70000000,18848538,40104781,58953319,1,-11046681,-0.187380137,-0.157809729,0.6802802909196681,2014 The Legend of Hercules,13.754,1/10/2014,en,4.5,805,"Action,Adventure",1,1,0,0,0,0,0,0,0,0,0,0,0,0,0,0,0,0,0,FALSE
Blackhat,2015,70000000,8005980,11659024,19665004,1,-50334996,-2.559622973,-0.719071371,0.5928818524522039,2015 Blackhat,16.824,1/16/2015,en,5.3,1165,"Crime,Thriller,Action",1,0,0,0,1,0,0,0,0,0,0,0,0,0,0,0,1,0,0,FALSE
Despicable Me,2010,69000000,251513985,291950588,543464573,7,474464573,0.873036802,6.876298159,0.5372026117330743,2010 Despicable Me,23.673,7/9/2010,en,7.2,10057,"Animation,Family,Comedy",0,0,1,1,0,0,0,1,0,0,0,0,0,0,0,0,0,0,0,FALSE
Dinner for Schmucks,2010,69000000,73026337,13770165,86796502,7,17796502,0.2050370877849432,0.2579203188405797,0.1586488473924905,2010 Dinner for Schmucks,6.632,7/30/2010,en,5.6,920,Comedy,0,0,0,1,0,0,0,0,0,0,0,0,0,0,0,0,0,0,0,FALSE
Red Sparrow,2018,69000000,46874505,99077356,145951861,3,76951861,0.5272413826912423,1.1152443623188406,0.6788358525966312,2018 Red Sparrow,18.117,3/2/2018,en,6.5,3406,"Mystery,Thriller",0,0,0,0,0,0,0,0,0,0,0,0,1,0,0,0,1,0,0,FALSE
The Twilight Saga: Eclipse,2010,68000000,300531751,405571077,706102828,6,638102828,0.9036967459929222,9.383865117647058,0.5743796242096343,2010 The Twilight Saga: Eclipse,20.34,6/23/2010,en,6,4909,"Adventure,Fantasy,Drama,Romance",0,1,0,0,0,0,1,0,1,0,0,0,0,1,0,0,0,0,0,FALSE
Ted 2,2015,68000000,81476385,135737758,217214143,6,149214143,0.6869448781702948,2.194325632352941,0.6249029465820741,2015 Ted 2,17.684,6/26/2015,en,6.1,4227,Comedy,0,0,0,1,0,0,0,0,0,0,0,0,0,0,0,0,0,0,0,FALSE
Hall Pass,2011,68000000,45060734,42112741,87173475,2,19173475,0.219946205,0.2819628676470588,0.4830912270045446,2011 Hall Pass,9.984,2/25/2011,en,5.5,1009,"Comedy,Romance",0,0,0,1,0,0,0,0,0,0,0,0,0,1,0,0,0,0,0,FALSE
Downsizing,2017,68000000,24449754,30013217,54462971,12,-13537029,-0.248554729,-0.199073956,0.551075647,2017 Downsizing,10.682,12/22/2017,en,5.1,1887,"Comedy,Drama,Science Fiction",0,0,0,1,0,0,1,0,0,0,0,0,0,0,1,0,0,0,0,FALSE
Abraham Lincoln: Vampire Hunter,2012,67500000,37519139,99970591,137489730,6,69989730,0.5090542399057734,1.0368848888888889,0.7271131523787268,2012 Abraham Lincoln: Vampire Hunter,12.498,6/22/2012,en,5.6,2009,"Action,Fantasy,Horror",1,0,0,0,0,0,0,0,1,0,1,0,0,0,0,0,0,0,0,FALSE
Need for Speed,2014,66000000,43568507,150601112,194169619,3,128169619,0.6600910052771953,1.9419639242424245,0.7756162512735837,2014 Need for Speed,13.723,3/14/2014,en,6.1,2389,"Action,Crime,Drama,Thriller",1,0,0,0,1,0,1,0,0,0,0,0,0,0,0,0,1,0,0,FALSE
Lincoln,2012,65000000,182207973,91138308,273346281,11,208346281,0.7622063861187122,3.2053274,0.3334170403437828,2012 Lincoln,12.693,11/16/2012,en,6.8,2261,"History,Drama",0,0,0,0,0,0,1,0,0,1,0,0,0,0,0,0,0,0,0,FALSE
Apollo 13,1995,65000000,173772767,162029504,335802271,6,270802271,0.8064337093181838,4.166188784615384,0.4825146164660691,1995 Apollo 13,15.855,6/30/1995,en,7.4,2821,"Drama,History",0,0,0,0,0,0,1,0,0,1,0,0,0,0,0,0,0,0,0,FALSE
Hotel Transylvania 3: Summer Vacation,2018,65000000,167500092,359579870,527079962,7,462079962,0.8766790531111103,7.108922492307692,0.682211232,2018 Hotel Transylvania 3: Summer Vacation,26.815,6/30/2018,en,6.8,1673,"Family,Fantasy,Comedy,Animation",0,0,1,1,0,0,0,1,1,0,0,0,0,0,0,0,0,0,0,FALSE
Unbroken,2014,65000000,115637895,47889929,163527824,12,98527824,0.602514126,1.5158126769230769,0.2928549272446749,2014 Unbroken,12.354,12/25/2014,en,7.4,2240,"Drama,War",0,0,0,0,0,0,1,0,0,0,0,0,0,0,0,0,0,1,0,FALSE
Due Date,2010,65000000,100539043,111200000,211739043,11,146739043,0.6930183537289342,2.2575237384615385,0.5251747548514234,2010 Due Date,12.445,11/4/2010,en,6.3,2973,"Comedy,Drama",0,0,0,1,0,0,1,0,0,0,0,0,0,0,0,0,0,0,0,FALSE
Annie,2014,65000000,85911262,53918363,139829625,12,74829625,0.5351485781357134,1.151225,0.385600426,2014 Annie,13.422,12/19/2014,en,6.1,770,"Comedy,Drama,Family",0,0,0,1,0,0,1,1,0,0,0,0,0,0,0,0,0,0,0,FALSE
The Dictator,2012,65000000,59650222,120498675,180148897,5,115148897,0.6391873551132539,1.7715214923076923,0.6688837789553604,2012 The Dictator,12.592,5/16/2012,en,6,3042,Comedy,0,0,0,1,0,0,0,0,0,0,0,0,0,0,0,0,0,0,0,FALSE
This Means War,2012,65000000,54760791,102213766,156974557,2,91974557,0.5859201564747847,1.4149931846153847,0.6511486189446613,2012 This Means War,12.017,2/17/2012,en,6,2096,"Action,Comedy,Romance",1,0,0,1,0,0,0,0,0,0,0,0,0,1,0,0,0,0,0,FALSE
Focus,2015,65000000,53862963,114202737,168065700,2,103065700,0.6132464863443284,1.5856261538461538,0.6795124585206856,2015 Focus,10.704,2/27/2015,en,6.8,4173,"Romance,Comedy,Crime,Drama",0,0,0,1,1,0,1,0,0,0,0,0,0,1,0,0,0,0,0,FALSE
Blade: Trinity,2004,65000000,52397389,78955776,131353165,12,66353165,0.5051508656072353,1.020817923076923,0.6010953447524466,2004 Blade: Trinity,15.99,12/8/2004,en,5.7,2058,"Science Fiction,Action,Horror,Thriller,Adventure,Fantasy",1,1,0,0,0,0,0,0,1,0,1,0,0,0,1,0,1,0,0,FALSE
Red Dawn,2012,65000000,44806783,3357367,48164150,11,-16835850,-0.349551482,-0.259013077,0.069706763,2012 Red Dawn,13.904,11/21/2012,en,5.4,849,"War,Action,Thriller,Science Fiction",1,0,0,0,0,0,0,0,0,0,0,0,0,0,1,0,1,1,0,FALSE
Everest,2015,65000000,43482270,177814791,221297061,9,156297061,0.7062771656059182,2.404570169230769,0.8035117601494038,2015 Everest,19.9,9/18/2015,en,6.7,2874,"Adventure,Drama",0,1,0,0,0,0,1,0,0,0,0,0,0,0,0,0,0,0,0,FALSE
Resident Evil: Retribution,2012,65000000,42345531,198302098,240647629,9,175647629,0.7298955311959463,2.702271215384616,0.824035121,2012 Resident Evil: Retribution,1.325,9/14/2012,en,5.7,2321,"Action,Horror,Science Fiction",1,0,0,0,0,0,0,0,0,0,1,0,0,0,1,0,0,0,0,FALSE
"I, Frankenstein",2014,65000000,19075290,55500000,74575290,1,9575290,0.128397623,0.1473121538461538,0.744214337,"2014 I, Frankenstein",12.7,1/24/2014,en,5.2,1090,"Horror,Thriller",0,0,0,0,0,0,0,0,0,0,1,0,0,0,0,0,1,0,0,FALSE
Sin City: A Dame to Kill For,2014,65000000,13757804,26893038,40650842,8,-24349158,-0.59898287,-0.374602431,0.6615616473577596,2014 Sin City: A Dame to Kill For,20.896,8/22/2014,en,6.3,2210,"Crime,Thriller",0,0,0,0,1,0,0,0,0,0,0,0,0,0,0,0,1,0,0,FALSE
Live by Night,2016,65000000,10378555,11395877,21774432,12,-43225568,-1.985152494,-0.665008738,0.5233604715842874,2016 Live by Night,11.322,12/25/2016,en,6.2,759,"Crime,Drama,Thriller",0,0,0,0,1,0,1,0,0,0,0,0,0,0,0,0,1,0,0,FALSE
Air Strike,2018,65000000,0,516279,516279,10,-64483721,-124.9009179,-0.992057246,1,2018 Air Strike,6.971,10/26/2018,en,3.9,56,"Drama,War,Action,Adventure",1,1,0,0,0,0,1,0,0,0,0,0,0,0,0,0,0,1,0,FALSE
Hop,2011,63000000,108085305,80572288,188657593,4,125657593,0.6660616782066121,1.9945649682539683,0.4270821371075162,2011 Hop,14.738,4/1/2011,en,5.6,611,"Animation,Comedy,Family",0,0,1,1,0,0,0,1,0,0,0,0,0,0,0,0,0,0,0,FALSE
American Assassin,2017,63000000,36249674,32060466,68310140,9,5310140,0.077735751,0.084287937,0.4693368510150909,2017 American Assassin,15.434,9/15/2017,en,6.3,1596,"Action,Thriller",1,0,0,0,0,0,0,0,0,0,0,0,0,0,0,0,1,0,0,FALSE
The Hateful Eight,2015,62000000,54117416,93747470,147864886,12,85864886,0.5806982869482616,1.3849175161290324,0.6340076575042976,2015 The Hateful Eight,20.681,12/25/2015,en,7.7,8065,"Crime,Drama,Mystery,Western",0,0,0,0,1,0,1,0,0,0,0,0,1,0,0,0,0,0,1,FALSE
Gone Girl,2014,61000000,167767189,200800000,368567189,10,307567189,0.8344942202654941,5.042085065573771,0.5448124683719472,2014 Gone Girl,31.215,10/3/2014,en,7.9,10459,"Mystery,Thriller,Drama",0,0,0,0,0,0,1,0,0,0,0,0,1,0,0,0,1,0,0,FALSE
Maze Runner: The Scorch Trials,2015,61000000,81697192,228868970,310566162,9,249566162,0.8035845257346484,4.091248557,0.7369411030684019,2015 Maze Runner: The Scorch Trials,17.31,9/18/2015,en,6.6,6365,"Action,Science Fiction,Thriller",1,0,0,0,0,0,0,0,0,0,0,0,0,0,1,0,1,0,0,FALSE
2 Guns,2013,61000000,75612460,56880555,132493015,8,71493015,0.5395983705254198,1.1720166393442624,0.4293098394658767,2013 2 Guns,14.8,8/2/2013,en,6.5,2368,"Action,Comedy,Crime",1,0,0,1,1,0,0,0,0,0,0,0,0,0,0,0,0,0,0,FALSE
Maze Runner: The Death Cure,2018,61000000,58032443,207846093,265878536,1,204878536,0.7705719276263805,3.358664524590164,0.7817332535635746,2018 Maze Runner: The Death Cure,23.166,1/26/2018,en,7,3894,"Action,Science Fiction",1,0,0,0,0,0,0,0,0,0,0,0,0,0,1,0,0,0,0,FALSE
The Lego Movie,2014,60000000,257784718,199944670,457729388,2,397729388,0.8689181827232819,6.628823133333333,0.436818512,2014 The Lego Movie,19.375,2/7/2014,en,7.4,4839,"Adventure,Animation,Comedy,Family,Fantasy",0,1,1,1,0,0,0,1,1,0,0,0,0,0,0,0,0,0,0,FALSE
Sully,2016,60000000,125070033,113454523,238524556,9,178524556,0.7484535722183673,2.9754092666666665,0.4756513329386514,2016 Sully,18.148,9/9/2016,en,7.1,3924,"Drama,History",0,0,0,0,0,0,1,0,0,1,0,0,0,0,0,0,0,0,0,FALSE
The Bourne Identity,2002,60000000,121468960,92888411,214357371,6,154357371,0.7200936001403003,2.57262285,0.4333343451949688,2002 The Bourne Identity,17.935,6/14/2002,en,7.4,5406,"Action,Drama,Mystery,Thriller",1,0,0,0,0,0,1,0,0,0,0,0,1,0,0,0,1,0,0,FALSE
Eat Pray Love,2010,60000000,80574010,126024779,206598789,8,146598789,0.7095820343845287,2.44331315,0.6099976655719894,2010 Eat Pray Love,9.991,8/12/2010,en,6,1208,Drama,0,0,0,0,0,0,1,0,0,0,0,0,0,0,0,0,0,0,0,FALSE
Jack Reacher,2012,60000000,80070736,137300000,217370736,12,157370736,0.723973884,2.6228456,0.6316397622171183,2012 Jack Reacher,18.312,12/21/2012,en,6.4,4155,"Crime,Drama,Thriller,Action",1,0,0,0,1,0,1,0,0,0,0,0,0,0,0,0,1,0,0,FALSE
Contagion,2011,60000000,75658097,61893497,137551594,9,77551594,0.5638000385513526,1.2925265666666668,0.4499656834220329,2011 Contagion,10.444,9/9/2011,en,6.3,2128,"Drama,Thriller,Science Fiction",0,0,0,0,0,0,1,0,0,0,0,0,0,0,1,0,1,0,0,FALSE
London Has Fallen,2016,60000000,62524260,132669825,195194085,3,135194085,0.6926136363199735,2.25323475,0.6796815846135912,2016 London Has Fallen,15.287,3/4/2016,en,5.9,2591,"Action,Thriller",1,0,0,0,0,0,0,0,0,0,0,0,0,0,0,0,1,0,0,FALSE
Jack Reacher: Never Go Back,2016,60000000,58697076,101249413,159946489,10,99946489,0.6248745416349839,1.6657748166666666,0.6330205410135636,2016 Jack Reacher: Never Go Back,17.085,10/21/2016,en,5.6,2831,"Action,Thriller",1,0,0,0,0,0,0,0,0,0,0,0,0,0,0,0,1,0,0,FALSE
Baywatch,2017,60000000,58060186,117803597,175863783,5,115863783,0.6588268546457914,1.93106305,0.6698570620421602,2017 Baywatch,14.429,5/26/2017,en,6.1,4748,"Action,Comedy",1,0,0,1,0,0,0,0,0,0,0,0,0,0,0,0,0,0,0,FALSE
Joy,2015,60000000,56451232,44682827,101134059,12,41134059,0.4067280538992309,0.68556765,0.4418177955262332,2015 Joy,10.305,12/25/2015,en,6.5,2723,"Drama,Comedy",0,0,0,1,0,0,1,0,0,0,0,0,0,0,0,0,0,0,0,FALSE
ParaNorman,2012,60000000,56003051,52116611,108119662,8,48119662,0.4450593084539979,0.8019943666666667,0.4820271358228996,2012 ParaNorman,13.32,8/17/2012,en,6.8,1358,"Family,Animation,Adventure,Comedy",0,1,1,1,0,0,0,1,0,0,0,0,0,0,0,0,0,0,0,FALSE
The Tale of Despereaux,2008,60000000,50877145,39605172,90482317,12,30482317,0.3368870074359391,0.5080386166666667,0.4377117354322392,2008 The Tale of Despereaux,8.978,12/19/2008,en,5.8,464,"Adventure,Animation,Family",0,1,1,0,0,0,0,1,0,0,0,0,0,0,0,0,0,0,0,FALSE
The Boxtrolls,2014,60000000,50837305,61108946,111946251,9,51946251,0.4640285006060631,0.86577085,0.545877557,2014 The Boxtrolls,11.219,9/26/2014,en,6.7,1016,"Animation,Comedy,Family,Fantasy",0,0,1,1,0,0,0,1,1,0,0,0,0,0,0,0,0,0,0,FALSE
The Dark Tower,2017,60000000,50701325,62760202,113461527,8,53461527,0.4711863872588283,0.89102545,0.5531408192664286,2017 The Dark Tower,15.517,8/4/2017,en,5.6,2842,"Action,Fantasy,Science Fiction,Western,Horror",1,0,0,0,0,0,0,0,1,0,1,0,0,0,1,0,0,0,1,FALSE
Jack Ryan: Shadow Recruit,2014,60000000,50577412,80800000,131377412,1,71377412,0.5433004876058908,1.1896235333333334,0.6150220100240672,2014 Jack Ryan: Shadow Recruit,11.061,1/17/2014,en,6.1,1687,"Action,Drama,Thriller",1,0,0,0,0,0,1,0,0,0,0,0,0,0,0,0,1,0,0,FALSE
Vice,2018,60000000,47836282,23046889,70883171,12,10883171,0.1535367400535735,0.1813861833333333,0.3251390799093906,2018 Vice,20.125,12/25/2018,en,7.1,1213,"Drama,History,Comedy",0,0,0,1,0,0,1,0,0,1,0,0,0,0,0,0,0,0,0,FALSE
Gangster Squad,2013,60000000,46000903,58100000,104100903,1,44100903,0.423636124,0.73501505,0.5581123537420227,2013 Gangster Squad,13.029,1/11/2013,en,6.3,2527,"Crime,Drama,Action,Thriller",1,0,0,0,1,0,1,0,0,0,0,0,0,0,0,0,1,0,0,FALSE
Smurfs: The Lost Village,2017,60000000,45020282,152558304,197578586,4,137578586,0.6963233657315474,2.292976433333333,0.7721398714737234,2017 Smurfs: The Lost Village,15.663,4/7/2017,en,6.2,736,"Adventure,Animation,Comedy,Family",0,1,1,1,0,0,0,1,0,0,0,0,0,0,0,0,0,0,0,FALSE
First Man,2018,60000000,44936545,60267280,105203825,10,45203825,0.4296785311750785,0.7533970833333333,0.5728620608613803,2018 First Man,22.958,10/12/2018,en,7.1,2304,"History,Drama",0,0,0,0,0,0,1,0,0,1,0,0,0,0,0,0,0,0,0,FALSE
Edge of Darkness,2010,60000000,43313890,39498566,82812456,1,22812456,0.2754713131560788,0.3802076,0.4769640692699659,2010 Edge of Darkness,11.252,1/29/2010,en,6.3,794,"Crime,Drama,Mystery,Thriller",0,0,0,0,1,0,1,0,0,0,0,0,1,0,0,0,1,0,0,FALSE
Trouble with the Curve,2012,60000000,35763137,12055776,47818913,9,-12181087,-0.254733666,-0.203018117,0.2521131335628646,2012 Trouble with the Curve,8.548,9/21/2012,en,6.7,613,"Drama,Romance",0,0,0,0,0,0,1,0,0,0,0,0,0,1,0,0,0,0,0,FALSE
Almost Famous,2000,60000000,32522352,14848839,47371191,9,-12628809,-0.266592601,-0.21048015,0.3134571600701363,2000 Almost Famous,11.022,9/15/2000,en,7.5,1339,"Drama,Music",0,0,0,0,0,0,1,0,0,0,0,1,0,0,0,0,0,0,0,FALSE
The Mortal Instruments: City of Bones,2013,60000000,31165421,44800146,75965567,8,15965567,0.2101684701438482,0.2660927833333333,0.589742798,2013 The Mortal Instruments: City of Bones,16.484,8/21/2013,en,6.3,2915,"Action,Adventure,Drama,Mystery,Romance,Fantasy",1,1,0,0,0,0,1,0,1,0,0,0,1,1,0,0,0,0,0,FALSE
Priest,2011,60000000,29136626,55017400,84154026,5,24154026,0.2870216334034928,0.4025671,0.653770266,2011 Priest,15.318,5/13/2011,en,5.5,1157,"Fantasy,Horror",0,0,0,0,0,0,0,0,1,0,1,0,0,0,0,0,0,0,0,FALSE
Rock Dog,2017,60000000,9420546,14727942,24148488,2,-35851512,-1.484627609,-0.5975252,0.6098908552783926,2017 Rock Dog,10.362,2/24/2017,en,5.7,123,"Adventure,Animation,Comedy,Family,Music",0,1,1,1,0,0,0,1,0,0,0,1,0,0,0,0,0,0,0,FALSE
Mortdecai,2015,60000000,7696134,22700000,30396134,1,-29603866,-0.973935238,-0.493397767,0.7468054983571266,2015 Mortdecai,13.263,1/23/2015,en,5.4,1666,"Comedy,Adventure",0,1,0,1,0,0,0,0,0,0,0,0,0,0,0,0,0,0,0,FALSE
The Ridiculous 6,2015,60000000,0,0,0,12,,,,0,2015 The Ridiculous 6,10.187,12/11/2015,en,5,676,"Comedy,Western",0,0,0,1,0,0,0,0,0,0,0,0,0,0,0,0,0,0,1,TRUE
Sherlock Gnomes,2018,59000000,43242871,44284780,87527651,3,28527651,0.3259273003910501,0.4835195084745762,0.5059518848506513,2018 Sherlock Gnomes,12.987,3/23/2018,en,5.4,343,"Romance,Animation,Comedy,Family,Fantasy,Mystery,Adventure",0,1,1,1,0,0,0,1,1,0,0,0,1,1,0,0,0,0,0,FALSE
Deadpool,2016,58000000,363070709,437954884,801025593,2,743025593,0.9275928253643202,12.810786086206896,0.5467426856609812,2016 Deadpool,35.067,2/12/2016,en,7.6,20175,"Action,Adventure,Comedy",1,1,0,1,0,0,0,0,0,0,0,0,0,0,0,0,0,0,0,FALSE
American Sniper,2014,58000000,350126372,197200000,547326372,12,489326372,0.894030321,8.436661586206897,0.3602969089163494,2014 American Sniper,18.473,12/25/2014,en,7.4,7658,"War,Action",1,0,0,0,0,0,0,0,0,0,0,0,0,0,0,0,0,1,0,FALSE
Goosebumps,2015,58000000,80069458,78835866,158905324,10,100905324,0.6350027894597163,1.7397469655172413,0.4961184686297861,2015 Goosebumps,18.957,10/16/2015,en,6.2,2147,"Adventure,Horror,Comedy",0,1,0,1,0,0,0,0,0,0,1,0,0,0,0,0,0,0,0,FALSE
Red Tails,2012,58000000,49876377,489121,50365498,1,-7634502,-0.151581982,-0.131629345,0.00971143,2012 Red Tails,10.247,1/11/2012,en,6,256,"Drama,Action,Adventure,History,War",1,1,0,0,0,0,1,0,0,1,0,0,0,0,0,0,0,1,0,FALSE
The Internship,2013,58000000,44672764,49000000,93672764,6,35672764,0.3808232241337514,0.6150476551724138,0.5230976209904514,2013 The Internship,0.6,6/7/2013,en,6.2,2631,Comedy,0,0,0,1,0,0,0,0,0,0,0,0,0,0,0,0,0,0,0,FALSE
Life,2017,58000000,30234022,70695644,100929666,3,42929666,0.4253423963574793,0.7401666551724138,0.7004446442931853,2017 Life,17.021,3/24/2017,en,6.4,4180,"Horror,Science Fiction,Thriller",0,0,0,0,0,0,0,0,0,0,1,0,0,0,1,0,1,0,0,FALSE
Resident Evil: Afterlife,2010,57500000,60128566,235745624,295874190,9,238374190,0.805660642,4.145638086956522,0.7967765758817963,2010 Resident Evil: Afterlife,0.667,9/10/2010,en,5.9,2119,"Action,Adventure,Horror,Science Fiction",1,1,0,0,0,0,0,0,0,0,1,0,0,0,1,0,0,0,0,FALSE
That's My Boy,2012,57500000,36931089,21154146,58085235,6,585235,0.010075452,0.010178,0.3641914507189305,2012 That's My Boy,12.817,6/15/2012,en,5.5,831,Comedy,0,0,0,1,0,0,0,0,0,0,0,0,0,0,0,0,0,0,0,FALSE
Into the Woods,2014,56200000,128002372,85114029,213116401,12,156916401,0.7362943455487502,2.7921067793594307,0.399378127,2014 Into the Woods,13.726,12/25/2014,en,5.7,2880,"Fantasy,Comedy",0,0,0,1,0,0,0,0,1,0,0,0,0,0,0,0,0,0,0,FALSE
Bohemian Rhapsody,2018,55000000,216303339,678682003,894985342,11,839985342,0.9385464795690476,15.272460763636364,0.758316333,2018 Bohemian Rhapsody,37.197,11/2/2018,en,8.1,7629,"Drama,Music",0,0,0,0,0,0,1,0,0,0,0,1,0,0,0,0,0,0,0,FALSE
Fifty Shades Darker,2017,55000000,114434010,266964482,381398492,2,326398492,0.8557938713611903,5.934518036363636,0.6999620806051849,2017 Fifty Shades Darker,12.083,2/10/2017,en,6.1,4489,"Drama,Romance",0,0,0,0,0,0,1,0,0,0,0,0,0,1,0,0,0,0,0,FALSE
Captain Phillips,2013,55000000,107136417,113511767,220648184,10,165648184,0.7507344089448749,3.011785163636364,0.5144468671448481,2013 Captain Phillips,15.483,10/11/2013,en,7.6,3909,"Action,Drama,Thriller",1,0,0,0,0,0,1,0,0,0,0,0,0,0,0,0,1,0,0,FALSE
Murder on the Orient Express,2017,55000000,102826543,243096187,345922730,11,290922730,0.8410049550661213,5.289504181818182,0.7027470759149016,2017 Murder on the Orient Express,15.937,11/10/2017,en,6.7,5406,"Crime,Drama,Mystery",0,0,0,0,1,0,1,0,0,0,0,0,1,0,0,0,0,0,0,FALSE
The Equalizer,2014,55000000,101530738,91372886,192903624,9,137903624,0.7148835316852316,2.507338618181818,0.4736711737463263,2014 The Equalizer,28.942,9/26/2014,en,7.2,4989,"Thriller,Action,Crime",1,0,0,0,1,0,0,0,0,0,0,0,0,0,0,0,1,0,0,FALSE
Fifty Shades Freed,2018,55000000,100407760,270942859,371350619,2,316350619,0.851891993,5.751829436363637,0.7296146690952466,2018 Fifty Shades Freed,22.512,2/9/2018,en,6.1,3535,"Drama,Romance",0,0,0,0,0,0,1,0,0,0,0,0,0,1,0,0,0,0,0,FALSE
Date Night,2010,55000000,98711404,53557629,152269033,4,97269033,0.6387972070460315,1.7685278727272726,0.3517302759780447,2010 Date Night,12.498,4/8/2010,en,6,1743,Comedy,0,0,0,1,0,0,0,0,0,0,0,0,0,0,0,0,0,0,0,FALSE
Paddington,2015,55000000,76223578,182565519,258789097,1,203789097,0.7874717264460334,3.705256309090909,0.7054606284282525,2015 Paddington,13.565,1/16/2015,en,7,1904,"Comedy,Adventure,Family",0,1,0,1,0,0,0,1,0,0,0,0,0,0,0,0,0,0,0,FALSE
Executive Decision,1996,55000000,56679192,65400000,122079192,3,67079192,0.5494727717398392,1.2196216727272726,0.5357178314220822,1996 Executive Decision,13.86,3/15/1996,en,6.1,402,"Action,Adventure,Drama,Thriller",1,1,0,0,0,0,1,0,0,0,0,0,0,0,0,0,1,0,0,FALSE
Free Birds,2013,55000000,55750480,54636592,110387072,11,55387072,0.5017532487862347,1.0070376727272727,0.4949546265707636,2013 Free Birds,11.062,11/1/2013,en,5.8,410,"Animation,Comedy,Family",0,0,1,1,0,0,0,1,0,0,0,0,0,0,0,0,0,0,0,FALSE
Muppets Most Wanted,2014,55000000,51178893,28133408,79312301,3,24312301,0.3065388431991148,0.4420418363636363,0.3547168301169323,2014 Muppets Most Wanted,9.118,3/21/2014,en,6.2,473,"Comedy,Adventure,Crime,Family",0,1,0,1,1,0,0,1,0,0,0,0,0,0,0,0,0,0,0,FALSE
Kubo and the Two Strings,2016,55000000,48023088,29525034,77548122,8,22548122,0.2907629665100078,0.4099658545454545,0.3807317732336574,2016 Kubo and the Two Strings,13.847,8/19/2016,en,7.7,2029,"Animation,Adventure,Family",0,1,1,0,0,0,0,1,0,0,0,0,0,0,0,0,0,0,0,FALSE
Burlesque,2010,55000000,39440655,51112020,90552675,11,35552675,0.3926187161229638,0.6464122727272728,0.5644451696208864,2010 Burlesque,8.676,11/23/2010,en,7.1,1195,"Drama,Romance",0,0,0,0,0,0,1,0,0,0,0,0,0,1,0,0,0,0,0,FALSE
The Watch,2012,55000000,34353000,32777045,67130045,7,12130045,0.1806947246944345,0.2205462727272727,0.4882619250441438,2012 The Watch,10.228,7/27/2012,en,5.4,1356,"Action,Comedy,Science Fiction",1,0,0,1,0,0,0,0,0,0,0,0,0,0,1,0,0,0,0,FALSE
Annihilation,2018,55000000,32732301,10338614,43070915,2,-11929085,-0.276963817,-0.216892455,0.2400370180201651,2018 Annihilation,25.197,2/23/2018,en,6.3,4465,Science Fiction,0,0,0,0,0,0,0,0,0,0,0,0,0,0,1,0,0,0,0,FALSE
Crimson Peak,2015,55000000,31090320,43876534,74966854,10,19966854,0.2663424291487541,0.3630337090909091,0.5852791154874927,2015 Crimson Peak,9.897,10/16/2015,en,6.5,2986,"Drama,Fantasy,Horror,Mystery,Romance,Thriller",0,0,0,0,0,0,1,0,1,0,1,0,1,1,0,0,1,0,0,FALSE
Bullet to the Head,2013,55000000,9489829,13108140,22597969,2,-32402031,-1.433847042,-0.589127836,0.5800583229404377,2013 Bullet to the Head,17.574,2/1/2013,en,5.4,681,"Action,Crime,Thriller",1,0,0,0,1,0,0,0,0,0,0,0,0,0,0,0,1,0,0,FALSE
Black Mass,2015,53000000,62575678,36262194,98837872,9,45837872,0.4637683012843498,0.8648655094339622,0.3668856205240841,2015 Black Mass,14.646,9/18/2015,en,6.4,2020,"Drama,Crime",0,0,0,0,1,0,1,0,0,0,0,0,0,0,0,0,0,0,0,FALSE
Zero Dark Thirty,2012,52500000,95720716,38891719,134612435,12,82112435,0.6099914543556099,1.564046380952381,0.2889162431390532,2012 Zero Dark Thirty,14.239,12/19/2012,en,6.9,2553,"Thriller,Drama,History",0,0,0,0,0,0,1,0,0,1,0,0,0,0,0,0,1,0,0,FALSE
The Break-Up,2006,52000000,118703275,87024032,205727307,6,153727307,0.7472382215162132,2.956294365384615,0.4230067134451918,2006 The Break-Up,11.165,6/2/2006,en,5.7,1480,"Romance,Comedy",0,0,0,1,0,0,0,0,0,0,0,0,0,1,0,0,0,0,0,FALSE
Valentine's Day,2010,52000000,110485654,107083674,217569328,2,165569328,0.7609957227059138,3.1840255384615386,0.4921818483531833,2010 Valentine's Day,11.187,2/11/2010,en,5.8,1907,"Comedy,Romance",0,0,0,1,0,0,0,0,0,0,0,0,0,1,0,0,0,0,0,FALSE
The Change-Up,2011,52000000,37243418,38753649,75997067,8,23997067,0.3157630675404881,0.4614820576923077,0.5099361137187044,2011 The Change-Up,12.122,8/5/2011,en,6,1406,Comedy,0,0,0,1,0,0,0,0,0,0,0,0,0,0,0,0,0,0,0,FALSE
Alpha,2018,51000000,35851379,63773494,99624873,8,48624873,0.4880796485431906,0.9534288823529412,0.6401362639629161,2018 Alpha,24.536,8/17/2018,en,5.9,1167,"Adventure,Drama",0,1,0,0,0,0,1,0,0,0,0,0,0,0,0,0,0,0,0,FALSE
The Adjustment Bureau,2011,50200000,62495645,64435680,126931325,3,76731325,0.6045105493068791,1.5285124501992031,0.5076420655027433,2011 The Adjustment Bureau,13.717,3/4/2011,en,6.6,2615,"Science Fiction,Thriller,Romance",0,0,0,0,0,0,0,0,0,0,0,0,0,1,1,0,1,0,0,FALSE
Ted,2012,50000000,218665740,337350887,556016627,6,506016627,0.9100746316350716,10.12033254,0.6067280556342067,2012 Ted,14.475,6/29/2012,en,6.3,7727,"Comedy,Fantasy",0,0,0,1,0,0,0,0,1,0,0,0,0,0,0,0,0,0,0,FALSE
22 Jump Street,2014,50000000,191719337,139614539,331333876,6,281333876,0.849094815,5.62667752,0.4213711579554878,2014 22 Jump Street,11.176,6/13/2014,en,6.9,5167,"Crime,Comedy,Action",1,0,0,1,1,0,0,0,0,0,0,0,0,0,0,0,0,0,0,FALSE
Central Intelligence,2016,50000000,127440871,89753934,217194805,6,167194805,0.769791916,3.3438961,0.4132416242644477,2016 Central Intelligence,14.478,6/17/2016,en,6.3,3133,"Action,Comedy,Mystery",1,0,0,1,0,0,0,0,0,0,0,0,1,0,0,0,0,0,0,FALSE
Anchorman 2: The Legend Continues,2013,50000000,127352707,44833047,172185754,12,122185754,0.7096159302470517,2.44371508,0.2603760529457042,2013 Anchorman 2: The Legend Continues,12.08,12/18/2013,en,6.1,1408,Comedy,0,0,0,1,0,0,0,0,0,0,0,0,0,0,0,0,0,0,0,FALSE
Super 8,2011,50000000,127004179,130968566,257972745,6,207972745,0.8061810754465554,4.1594549,0.5076837322485366,2011 Super 8,14.39,6/9/2011,en,6.7,3934,"Thriller,Science Fiction,Mystery",0,0,0,0,0,0,0,0,0,0,0,0,1,0,1,0,1,0,0,FALSE
Creed II,2018,50000000,115715889,97875633,213591522,11,163591522,0.7659083116604225,3.27183044,0.4582374435254972,2018 Creed II,26.907,11/21/2018,en,6.7,2236,Drama,0,0,0,0,0,0,1,0,0,0,0,0,0,0,0,0,0,0,0,FALSE
Peter Rabbit,2018,50000000,115234093,231902384,347136477,2,297136477,0.8559644309577987,5.94272954,0.6680438368336612,2018 Peter Rabbit,15.974,2/9/2018,en,6.5,650,"Animation,Adventure,Family",0,1,1,0,0,0,0,1,0,0,0,0,0,0,0,0,0,0,0,FALSE
The Mule,2018,50000000,103804407,67053269,170857676,12,120857676,0.7073587726898498,2.41715352,0.392451019,2018 The Mule,33.83,12/14/2018,en,6.5,1584,"Crime,Drama,Thriller",0,0,0,0,1,0,1,0,0,0,0,0,0,0,0,0,1,0,0,FALSE
Non-Stop,2014,50000000,91742160,130640895,222383055,2,172383055,0.7751627254153874,3.4476611,0.5874588556218908,2014 Non-Stop,13.562,2/28/2014,en,6.8,3330,"Action,Thriller,Mystery",1,0,0,0,0,0,0,0,0,0,0,0,1,0,0,0,1,0,0,FALSE
The Emoji Movie,2017,50000000,86089513,130472799,216562312,7,166562312,0.7691195686902346,3.33124624,0.6024723221462468,2017 The Emoji Movie,14.88,7/23/2017,en,5.4,1447,"Animation,Family,Comedy",0,0,1,1,0,0,0,1,0,0,0,0,0,0,0,0,0,0,0,FALSE
The Post,2017,50000000,81903458,97845422,179748880,12,129748880,0.7218341499540915,2.5949776,0.5443450996746128,2017 The Post,15.551,12/22/2017,en,7,2506,"Drama,History",0,0,0,0,0,0,1,0,0,1,0,0,0,0,0,0,0,0,0,FALSE
We Bought a Zoo,2011,50000000,75624550,43104523,118729073,12,68729073,0.5788731543452714,1.37458146,0.3630494360888339,2011 We Bought a Zoo,9.931,12/23/2011,en,6.7,1523,"Drama,Comedy,Family",0,0,0,1,0,0,1,1,0,0,0,0,0,0,0,0,0,0,0,FALSE
Moneyball,2011,50000000,75605492,35695343,111300835,9,61300835,0.5507670719631169,1.2260167,0.3207104690634171,2011 Moneyball,15.393,9/22/2011,en,7.1,2255,Drama,0,0,0,0,0,0,1,0,0,0,0,0,0,0,0,0,0,0,0,FALSE
American Reunion,2012,50000000,56758835,180040376,236799211,4,186799211,0.7888506478174034,3.73598422,0.7603081751822222,2012 American Reunion,17.199,4/6/2012,en,6.2,2679,Comedy,0,0,0,1,0,0,0,0,0,0,0,0,0,0,0,0,0,0,0,FALSE
Hansel & Gretel: Witch Hunters,2013,50000000,55703475,159246241,214949716,1,164949716,0.767387457,3.29899432,0.7408534608159241,2013 Hansel & Gretel: Witch Hunters,15.982,1/25/2013,en,5.9,4548,"Fantasy,Horror,Action",1,0,0,0,0,0,0,0,1,0,1,0,0,0,0,0,0,0,0,FALSE
13 Hours: The Secret Soldiers of Benghazi,2016,50000000,52853219,16558151,69411370,1,19411370,0.2796569207609646,0.3882274,0.2385509895568982,2016 13 Hours: The Secret Soldiers of Benghazi,21.486,1/15/2016,en,7,1573,"Action,Drama,History,Thriller,War",1,0,0,0,0,0,1,0,0,1,0,0,0,0,0,0,1,1,0,FALSE
American Made,2017,50000000,51342000,84227212,135569212,9,85569212,0.6311846970092295,1.71138424,0.6212856942769572,2017 American Made,16.748,9/29/2017,en,6.7,2188,"Action,Crime",1,0,0,0,1,0,0,0,0,0,0,0,0,0,0,0,0,0,0,FALSE
The Book of Life,2014,50000000,50151543,47500000,97651543,10,47651543,0.4879753205742996,0.95303086,0.4864234454544154,2014 The Book of Life,11.392,10/17/2014,en,7.4,1228,"Romance,Animation,Adventure,Comedy,Family,Fantasy",0,1,1,1,0,0,0,1,1,0,0,0,0,1,0,0,0,0,0,FALSE
Into the Storm,2014,50000000,47602194,102827177,150429371,8,100429371,0.6676181009890682,2.00858742,0.6835578472238643,2014 Into the Storm,8.884,8/8/2014,en,5.8,1169,"Action,Thriller",1,0,0,0,0,0,0,0,0,0,0,0,0,0,0,0,1,0,0,FALSE
The Judge,2014,50000000,47119388,29000000,76119388,10,26119388,0.3431371255901321,0.52238776,0.3809804671577233,2014 The Judge,16.464,10/10/2014,en,7.3,2356,Drama,0,0,0,0,0,0,1,0,0,0,0,0,0,0,0,0,0,0,0,FALSE
War Dogs,2016,50000000,43034523,43199980,86234503,8,36234503,0.4201856767238515,0.72469006,0.500959343,2016 War Dogs,10.654,8/19/2016,en,6.8,2387,"Comedy,Crime,Drama",0,0,0,1,1,0,1,0,0,0,0,0,0,0,0,0,0,0,0,FALSE
The Nice Guys,2016,50000000,36261763,23334984,59596747,5,9596747,0.1610280339629946,0.19193494,0.3915479480784413,2016 The Nice Guys,13.743,5/20/2016,en,7.1,4272,"Comedy,Crime,Mystery",0,0,0,1,1,0,0,0,0,0,0,0,1,0,0,0,0,0,0,FALSE
Marmaduke,2010,50000000,33644788,56251142,89895930,6,39895930,0.4438012933399766,0.7979186,0.6257362485709864,2010 Marmaduke,8.487,6/4/2010,en,5.1,367,"Family,Comedy",0,0,0,1,0,0,0,1,0,0,0,0,0,0,0,0,0,0,0,FALSE
Hereafter,2010,50000000,32746941,75913329,108660270,10,58660270,0.5398502138822221,1.1732054,0.6986300420567702,2010 Hereafter,7.886,10/22/2010,en,5.9,848,"Drama,Fantasy",0,0,0,0,0,0,1,0,1,0,0,0,0,0,0,0,0,0,0,FALSE
Assassins,1995,50000000,30306268,53000000,83306268,10,33306268,0.3998050662886495,0.66612536,0.6362066297340315,1995 Assassins,10.579,10/6/1995,en,6.2,666,"Action,Adventure,Crime,Thriller",1,1,0,0,1,0,0,0,0,0,0,0,0,0,0,0,1,0,0,FALSE
Zoolander 2,2016,50000000,28848693,26500000,55348693,2,5348693,0.096636302,0.10697386,0.4787827600554181,2016 Zoolander 2,12.997,2/12/2016,en,4.7,1374,Comedy,0,0,0,1,0,0,0,0,0,0,0,0,0,0,0,0,0,0,0,FALSE
The Host,2013,50000000,26623701,37853350,64477051,3,14477051,0.2245302906300724,0.28954102,0.587082526,2013 The Host,11.458,3/29/2013,en,6.2,2788,"Action,Adventure,Romance,Science Fiction,Thriller",1,1,0,0,0,0,0,0,0,0,0,0,0,1,1,0,1,0,0,FALSE
Run All Night,2015,50000000,26461644,40500000,66961644,3,16961644,0.2533038764699385,0.33923288,0.6048238600593498,2015 Run All Night,17.592,3/13/2015,en,6.4,1684,"Action,Drama,Thriller",1,0,0,0,0,0,1,0,0,0,0,0,0,0,0,0,1,0,0,FALSE
Blood Work,2002,50000000,26199517,0,26199517,8,-23800483,-0.908432129,-0.47600966,0,2002 Blood Work,9.839,8/6/2002,en,6.2,356,"Crime,Thriller",0,0,0,0,1,0,0,0,0,0,0,0,0,0,0,0,1,0,0,FALSE
Your Highness,2011,50000000,21596445,4525193,26121638,4,-23878362,-0.914121925,-0.47756724,0.1732354226790831,2011 Your Highness,12.254,4/8/2011,en,5.3,735,"Comedy,Adventure,Fantasy",0,1,0,1,0,0,0,0,1,0,0,0,0,0,0,0,0,0,0,FALSE
Snowden,2016,50000000,21587519,13793399,35380918,9,-14619082,-0.413191144,-0.29238164,0.3898541863724395,2016 Snowden,13.703,9/16/2016,en,7.1,2427,"Drama,History,Crime,Thriller",0,0,0,0,1,0,1,0,0,1,0,0,0,0,0,0,1,0,0,FALSE
Dream House,2011,50000000,21302340,20339826,41642166,9,-8357834,-0.200706034,-0.16715668,0.488443036,2011 Dream House,9.047,9/30/2011,en,6,670,"Drama,Thriller,Mystery",0,0,0,0,0,0,1,0,0,0,0,0,1,0,0,0,1,0,0,FALSE
Free State of Jones,2016,50000000,20810036,2427216,23237252,6,-26762748,-1.151717423,-0.53525496,0.1044536591504021,2016 Free State of Jones,8.574,6/24/2016,en,6.6,787,"Action,Drama,History,War",1,0,0,0,0,0,1,0,0,1,0,0,0,0,0,0,0,1,0,FALSE
Beautiful Creatures,2013,50000000,19452138,40830738,60282876,2,10282876,0.1705770640405411,0.20565752,0.6773190117870289,2013 Beautiful Creatures,11.198,2/14/2013,en,5.7,1826,"Fantasy,Drama,Romance",0,0,0,0,0,0,1,0,1,0,0,0,0,1,0,0,0,0,0,FALSE
Drive Angry,2011,50000000,10721033,30321550,41042583,2,-8957417,-0.218246912,-0.17914834,0.7387826930873235,2011 Drive Angry,14.096,2/24/2011,en,5.3,959,"Fantasy,Thriller,Action,Crime",1,0,0,0,1,0,0,0,1,0,0,0,0,0,0,0,1,0,0,FALSE
Early Man,2018,50000000,8267544,37018346,45285890,2,-4714110,-0.104096662,-0.0942822,0.817436645,2018 Early Man,16.675,2/16/2018,en,5.9,338,"Family,Comedy,Animation,Adventure",0,1,1,1,0,0,0,1,0,0,0,0,0,0,0,0,0,0,0,FALSE
Child 44,2015,50000000,1224330,6779891,8004221,4,-41995779,-5.246704083,-0.83991558,0.8470394558071298,2015 Child 44,26.386,4/17/2015,en,6.2,903,"Crime,Thriller",0,0,0,0,1,0,0,0,0,0,0,0,0,0,0,0,1,0,0,FALSE
Upside Down,2013,50000000,102118,26284921,26387039,3,-23612961,-0.894869674,-0.47225922,0.9961299939716616,2013 Upside Down,12.454,3/14/2013,en,6.2,1645,"Romance,Science Fiction,Drama,Fantasy",0,0,0,0,0,0,1,0,1,0,0,0,0,1,1,0,0,0,0,FALSE
Chappie,2015,49000000,31569268,73432788,105002056,3,56002056,0.5333424709321882,1.1428991020408164,0.6993461918498053,2015 Chappie,24.52,3/6/2015,en,6.7,4995,"Crime,Action,Science Fiction",1,0,0,0,1,0,0,0,0,0,0,0,0,0,1,0,0,0,0,FALSE
Anna Karenina,2012,49000000,12816367,58188260,71004627,11,22004627,0.3099041277971927,0.4490740204081632,0.8194995517686474,2012 Anna Karenina,9.987,11/16/2012,en,6.7,1265,"Drama,Romance",0,0,0,0,0,0,1,0,0,0,0,0,0,1,0,0,0,0,0,FALSE
Taken 3,2015,48000000,89256424,238400000,327656424,1,279656424,0.8535050849483726,5.8261755,0.7275914114230826,2015 Taken 3,27.679,1/9/2015,en,6.1,3406,"Thriller,Action",1,0,0,0,0,0,0,0,0,0,0,0,0,0,0,0,1,0,0,FALSE
Instant Family,2018,48000000,67363237,52372951,119736188,11,71736188,0.5991186891635468,1.4945039166666667,0.4374028593594444,2018 Instant Family,22.634,11/16/2018,en,7.6,782,"Comedy,Drama",0,0,0,1,0,0,1,0,0,0,0,0,0,0,0,0,0,0,0,FALSE
Tooth Fairy,2010,48000000,60022256,52588130,112610386,1,64610386,0.5737515720796836,1.3460497083333334,0.4669918279118588,2010 Tooth Fairy,12.65,1/22/2010,en,5.3,1058,"Comedy,Family,Fantasy",0,0,0,1,0,0,0,1,1,0,0,0,0,0,0,0,0,0,0,FALSE
The Infiltrator,2016,47500000,15436808,5281296,20718104,7,-26781896,-1.292680836,-0.563829389,0.2549121290249339,2016 The Infiltrator,9.588,7/13/2016,en,6.6,943,"Crime,Drama,Thriller",0,0,0,0,1,0,1,0,0,0,0,0,0,0,0,0,1,0,0,FALSE
Arrival,2016,47000000,100546139,102581755,203127894,11,156127894,0.7686186811940264,3.321870085106383,0.5050106756878994,2016 Arrival,25.442,11/11/2016,en,7.4,10387,"Drama,Science Fiction,Mystery",0,0,0,0,0,0,1,0,0,0,0,0,1,0,1,0,0,0,0,FALSE
Jonah Hex,2010,47000000,10547117,475579,11022696,6,-35977304,-3.263929623,-0.765474553,0.043145434,2010 Jonah Hex,13.467,6/18/2010,en,4.6,708,"Action,Western,Drama,Fantasy,Thriller",1,0,0,0,0,0,1,0,1,0,0,0,0,0,0,0,1,0,1,FALSE
Silence,2016,46500000,7100177,16626449,23726626,12,-22773374,-0.959823533,-0.489749978,0.7007506672040096,2016 Silence,10.617,12/23/2016,en,7.1,1560,"Drama,History",0,0,0,0,0,0,1,0,0,1,0,0,0,0,0,0,0,0,0,FALSE
Prisoners,2013,46000000,61002302,52400000,113402302,9,67402302,0.5943644953521314,1.465267434782609,0.4620717487727894,2013 Prisoners,14.358,9/21/2013,en,8,5785,"Drama,Thriller,Crime",0,0,0,0,1,0,1,0,0,0,0,0,0,0,0,0,1,0,0,FALSE
Taken 2,2012,45000000,139854287,237953117,377807404,10,332807404,0.8808916936948118,7.395720088888889,0.6298265054646732,2012 Taken 2,16.078,10/4/2012,en,6.2,4035,"Action,Crime,Thriller",1,0,0,0,1,0,0,0,0,0,0,0,0,0,0,0,1,0,0,FALSE
Pitch Perfect 3,2017,45000000,104897530,80838882,185736412,12,140736412,0.7577211731644735,3.1274758222222223,0.4352344331923457,2017 Pitch Perfect 3,14.89,12/22/2017,en,6.5,1884,"Comedy,Music",0,0,0,1,0,0,0,0,0,0,0,1,0,0,0,0,0,0,0,FALSE
The Muppets,2011,45000000,88625922,72346000,160971922,11,115971922,0.7204481412603124,2.5771538222222223,0.4494324171640318,2011 The Muppets,11.324,11/23/2011,en,6.6,831,"Comedy,Family,Music",0,0,0,1,0,0,0,1,0,0,0,1,0,0,0,0,0,0,0,FALSE
The Girl on the Train,2016,45000000,75395035,98883179,174278214,10,129278214,0.7417921668625775,2.8728492,0.5673869196295528,2016 The Girl on the Train,11.927,10/7/2016,en,6.3,3479,"Crime,Drama,Mystery,Romance,Thriller",0,0,0,0,1,0,1,0,0,0,0,0,1,1,0,0,1,0,0,FALSE
Blade,1998,45000000,70141876,61095812,131237688,8,86237688,0.6571106921664149,1.9163930666666664,0.4655355708491299,1998 Blade,17.175,8/21/1998,en,6.6,3137,"Horror,Action",1,0,0,0,0,0,0,0,0,0,1,0,0,0,0,0,0,0,0,FALSE
The Bounty Hunter,2010,45000000,67061228,68747609,135808837,3,90808837,0.6686519007595949,2.017974155555556,0.5062086570993903,2010 The Bounty Hunter,9.861,3/19/2010,en,5.7,1627,"Action,Comedy,Drama",1,0,0,1,0,0,1,0,0,0,0,0,0,0,0,0,0,0,0,FALSE
Office Christmas Party,2016,45000000,54767494,36555805,91323299,12,46323299,0.507245134,1.0294066444444443,0.4002900179942032,2016 Office Christmas Party,10.729,12/9/2016,en,5.6,1191,Comedy,0,0,0,1,0,0,0,0,0,0,0,0,0,0,0,0,0,0,0,FALSE
Savages,2012,45000000,47323100,35190390,82513490,7,37513490,0.4546346300465536,0.8336331111111112,0.426480446,2012 Savages,7.504,7/6/2012,en,6.3,1246,"Crime,Drama,Thriller",0,0,0,0,1,0,1,0,0,0,0,0,0,0,0,0,1,0,0,FALSE
Blended,2014,45000000,46290741,81700000,127990741,5,82990741,0.6484120675572931,1.8442386888888889,0.638327424,2014 Blended,10.613,5/23/2014,en,6.7,1709,Comedy,0,0,0,1,0,0,0,0,0,0,0,0,0,0,0,0,0,0,0,FALSE
All Eyez on Me,2017,45000000,44922302,9954553,54876855,6,9876855,0.179982162,0.2194856666666666,0.181398023,2017 All Eyez on Me,7.249,6/16/2017,en,6.4,695,"Drama,Music",0,0,0,0,0,0,1,0,0,0,0,1,0,0,0,0,0,0,0,FALSE
The Ghost Writer,2010,45000000,15541549,49990942,65532491,2,20532491,0.3133177250960901,0.4562775777777778,0.7628420839366536,2010 The Ghost Writer,7.829,2/12/2010,en,6.8,1135,"Thriller,Mystery",0,0,0,0,0,0,0,0,0,0,0,0,1,0,0,0,1,0,0,FALSE
Dredd,2012,45000000,13414714,28052892,41467606,9,-3532394,-0.085184421,-0.078497644,0.6765013634980519,2012 Dredd,13.223,9/21/2012,en,6.7,2788,"Action,Science Fiction",1,0,0,0,0,0,0,0,0,0,0,0,0,0,1,0,0,0,0,FALSE
The Rum Diary,2011,45000000,13109815,8434917,21544732,10,-23455268,-1.088677641,-0.521228178,0.3915071675061913,2011 The Rum Diary,12.011,10/27/2011,en,5.7,652,"Drama,Comedy",0,0,0,1,0,0,1,0,0,0,0,0,0,0,0,0,0,0,0,FALSE
Welcome to Marwen,2018,45000000,10763520,2111402,12874922,12,-32125078,-2.495166806,-0.713890622,0.1639933818628182,2018 Welcome to Marwen,22.032,12/21/2018,en,6.6,286,"Drama,Comedy,Fantasy",0,0,0,1,0,0,1,0,1,0,0,0,0,0,0,0,0,0,0,FALSE
Johnny English Reborn,2011,45000000,8406711,156233690,164640401,10,119640401,0.7266770505497008,2.6586755777777777,0.9489389545400828,2011 Johnny English Reborn,15.542,10/21/2011,en,6.1,1810,"Crime,Adventure,Action,Comedy,Thriller",1,1,0,1,1,0,0,0,0,0,0,0,0,0,0,0,1,0,0,FALSE
Argo,2012,44500000,136025503,91115254,227140757,10,182640757,0.8040862389130806,4.104286674157303,0.4011400472703364,2012 Argo,15.793,10/12/2012,en,7.2,5127,"Drama,Thriller",0,0,0,0,0,0,1,0,0,0,0,0,0,0,0,0,1,0,0,FALSE
Charlie St. Cloud,2010,44000000,31206263,17271821,48478084,7,4478084,0.09237337,0.1017746363636363,0.3562810155615886,2010 Charlie St. Cloud,9.454,5/1/2010,en,6.9,1398,"Drama,Romance",0,0,0,0,0,0,1,0,0,0,0,0,0,1,0,0,0,0,0,FALSE
The Interview,2014,44000000,6105175,6237457,12342632,2,-31657368,-2.564879841,-0.719485636,0.5053587435807857,2014 The Interview,15.501,12/25/2014,en,6.2,3579,"Action,Comedy",1,0,0,1,0,0,0,0,0,0,0,0,0,0,0,0,0,0,0,FALSE
The Heat,2013,43000000,159581587,70146187,229727774,6,186727774,0.8128219359318739,4.342506372093023,0.3053448252190873,2013 The Heat,16.912,6/28/2013,en,6.6,2441,"Action,Comedy,Crime",1,0,0,1,1,0,0,0,0,0,0,0,0,0,0,0,0,0,0,FALSE
The Mechanic,2011,42500000,29121498,47225895,76347393,1,33847393,0.4433339721239728,0.7964092470588235,0.6185659148833019,2011 The Mechanic,14.387,1/28/2011,en,6.3,1676,"Action,Thriller,Crime",1,0,0,0,1,0,0,0,0,0,0,0,0,0,0,0,1,0,0,FALSE
21 Jump Street,2012,42000000,138447667,64364762,202812429,3,160812429,0.7929121000764702,3.828867357142857,0.3173610331347099,2012 21 Jump Street,14.836,3/12/2012,en,6.8,6527,"Action,Comedy,Crime",1,0,0,1,1,0,0,0,0,0,0,0,0,0,0,0,0,0,0,FALSE
Snatched,2017,42000000,45852178,11999999,57852177,5,15852177,0.2740117627725574,0.3774327857142857,0.2074251933509779,2017 Snatched,10.92,5/12/2017,en,5.3,495,"Action,Comedy",1,0,0,1,0,0,0,0,0,0,0,0,0,0,0,0,0,0,0,FALSE
Here Comes the Boom,2012,42000000,45290318,27948940,73239258,10,31239258,0.4265370629505831,0.7437918571428571,0.3816114576147126,2012 Here Comes the Boom,10.265,10/12/2012,en,6,812,"Action,Comedy",1,0,0,1,0,0,0,0,0,0,0,0,0,0,0,0,0,0,0,FALSE
Red Riding Hood,2011,42000000,37662162,54016280,91678442,3,49678442,0.5418770314617694,1.1828200476190476,0.5891928224521965,2011 Red Riding Hood,11.856,3/11/2011,en,5.9,1884,"Fantasy,Thriller,Horror",0,0,0,0,0,0,0,0,1,0,1,0,0,0,0,0,1,0,0,FALSE
Holmes & Watson,2018,42000000,30568743,11357862,41926605,12,-73395,-0.001750559,-0.0017475,0.2708986811596121,2018 Holmes & Watson,19.331,12/25/2018,en,4.1,217,"Mystery,Adventure,Comedy,Crime",0,1,0,1,1,0,0,0,0,0,0,0,1,0,0,0,0,0,0,FALSE
One for the Money,2012,42000000,26414527,9782694,36197221,1,-5802779,-0.160310069,-0.138161405,0.2702609131236897,2012 One for the Money,8.62,1/27/2012,en,5.5,615,"Action,Comedy,Crime",1,0,0,1,1,0,0,0,0,0,0,0,0,0,0,0,0,0,0,FALSE
Man on a Ledge,2012,42000000,18620000,31001440,49621440,1,7621440,0.1535916732767126,0.1814628571428571,0.624758975,2012 Man on a Ledge,11.263,1/27/2012,en,6.3,1460,"Action,Thriller,Crime",1,0,0,0,1,0,0,0,0,0,0,0,0,0,0,0,1,0,0,FALSE
The Warrior's Way,2010,42000000,5666340,2847985,8514325,12,-33485675,-3.932863145,-0.797277976,0.3344933391666397,2010 The Warrior's Way,8.259,12/3/2010,en,6.1,203,"Adventure,Fantasy,Action,Western,Thriller",1,1,0,0,0,0,0,0,1,0,0,0,0,0,0,0,1,0,1,FALSE
The Big Year,2011,41000000,7204138,480386,7684524,10,-33315476,-4.335398783,-0.812572585,0.062513436,2011 The Big Year,7.077,10/14/2011,en,5.8,393,Comedy,0,0,0,1,0,0,0,0,0,0,0,0,0,0,0,0,0,0,0,FALSE
The Karate Kid,2010,40000000,176591618,175183320,351774938,6,311774938,0.886290933,7.79437345,0.4979982968542233,2010 The Karate Kid,12.256,6/10/2010,en,6.3,3140,"Action,Adventure,Drama,Family",1,1,0,0,0,0,1,1,0,0,0,0,0,0,0,0,0,0,0,FALSE
Fifty Shades of Grey,2015,40000000,166167230,404830871,570998101,2,530998101,0.9299472276178375,13.27495253,0.7089881214858892,2015 Fifty Shades of Grey,21.229,2/13/2015,en,5.4,6451,"Drama,Romance,Thriller",0,0,0,0,0,0,1,0,0,0,0,0,0,1,0,0,1,0,0,FALSE
American Hustle,2013,40000000,150117807,107760487,257878294,12,217878294,0.8448880695635438,5.44695735,0.417873429,2013 American Hustle,12.481,12/12/2013,en,6.8,4443,"Drama,Crime",0,0,0,0,1,0,1,0,0,0,0,0,0,0,0,0,0,0,0,FALSE
Lucy,2014,40000000,126573960,330933816,457507776,7,417507776,0.912569792,10.4376944,0.7233403088650454,2014 Lucy,16.73,7/25/2014,en,6.3,10019,"Action,Science Fiction",1,0,0,0,0,0,0,0,0,0,0,0,0,0,1,0,0,0,0,FALSE
Lone Survivor,2013,40000000,125095601,24709031,149804632,12,109804632,0.7329855594852367,2.7451158,0.1649417022031735,2013 Lone Survivor,15.404,12/24/2013,en,7.4,2289,"Action,Drama,War",1,0,0,0,0,0,1,0,0,0,0,0,0,0,0,0,0,1,0,FALSE
The Social Network,2010,40000000,96962694,127959441,224922135,10,184922135,0.8221606779608419,4.623053375,0.5689055058987413,2010 The Social Network,15.889,10/1/2010,en,7.2,6116,Drama,0,0,0,0,0,0,1,0,0,0,0,0,0,0,0,0,0,0,0,FALSE
Ride Along 2,2016,40000000,90862685,33964631,124827316,1,84827316,0.679557317,2.1206829,0.2720929367735504,2016 Ride Along 2,12.977,1/15/2016,en,6.2,939,"Action,Comedy",1,0,0,1,0,0,0,0,0,0,0,0,0,0,0,0,0,0,0,FALSE
Get Hard,2015,40000000,90411453,16100000,106511453,3,66511453,0.6244535317718368,1.662786325,0.1511574534618357,2015 Get Hard,12.129,3/27/2015,en,6,1469,Comedy,0,0,0,1,0,0,0,0,0,0,0,0,0,0,0,0,0,0,0,FALSE
The Accountant,2016,40000000,86260045,66702038,152962083,10,112962083,0.7384972849774804,2.824052075,0.4360691008633819,2016 The Accountant,13.81,10/14/2016,en,6.9,3407,"Crime,Thriller,Drama",0,0,0,0,1,0,1,0,0,0,0,0,0,0,0,0,1,0,0,FALSE
Dumb and Dumber To,2014,40000000,86208010,70345582,156553592,11,116553592,0.744496441,2.9138398,0.4493386648068733,2014 Dumb and Dumber To,15.964,11/14/2014,en,5.5,1842,Comedy,0,0,0,1,0,0,0,0,0,0,0,0,0,0,0,0,0,0,0,FALSE
The Other Woman,2014,40000000,83911193,111200000,195111193,4,155111193,0.7949886965223979,3.877779825,0.5699314236677339,2014 The Other Woman,11.894,4/25/2014,en,6.3,2276,"Comedy,Romance",0,0,0,1,0,0,0,0,0,0,0,0,0,1,0,0,0,0,0,FALSE
The Intern,2015,40000000,75764672,121351038,197115710,9,157115710,0.7970735057089057,3.92789275,0.6156335179981341,2015 The Intern,14.377,9/25/2015,en,7.1,3373,Comedy,0,0,0,1,0,0,0,0,0,0,0,0,0,0,0,0,0,0,0,FALSE
Bridge of Spies,2015,40000000,72313754,90184584,162498338,10,122498338,0.7538436362346057,3.06245845,0.554987732,2015 Bridge of Spies,12.836,10/16/2015,en,7.2,4313,"Thriller,Drama",0,0,0,0,0,0,1,0,0,0,0,0,0,0,0,0,1,0,0,FALSE
"I Love You, Man",2009,40000000,72013010,20289492,92302502,3,52302502,0.5666422996854408,1.30756255,0.2198151898417661,"2009 I Love You, Man",9.37,3/20/2009,en,6.5,897,Comedy,0,0,0,1,0,0,0,0,0,0,0,0,0,0,0,0,0,0,0,FALSE
Hacksaw Ridge,2016,40000000,67209615,101695067,168904682,11,128904682,0.7631800402075296,3.22261705,0.6020855419508147,2016 Hacksaw Ridge,24.074,11/4/2016,en,8.1,6608,"Drama,History,War",0,0,0,0,0,0,1,0,0,1,0,0,0,0,0,0,0,1,0,FALSE
Unknown,2011,40000000,63686397,72436686,136123083,2,96123083,0.7061482952160288,2.403077075,0.5321410917500303,2011 Unknown,12.08,2/18/2011,en,6.6,2043,"Action,Mystery,Thriller",1,0,0,0,0,0,0,0,0,0,0,0,1,0,0,0,1,0,0,FALSE
Get Him to the Greek,2010,40000000,61153526,30302349,91455875,6,51455875,0.5626306128501859,1.286396875,0.3313329952832445,2010 Get Him to the Greek,8.485,6/4/2010,en,5.9,980,Comedy,0,0,0,1,0,0,0,0,0,0,0,0,0,0,0,0,0,0,0,FALSE
Behind Enemy Lines,2001,40000000,58855732,0,58855732,11,18855732,0.3203720582389494,0.4713933,0,2001 Behind Enemy Lines,10.886,11/30/2001,en,6.1,705,"Action,Drama,Thriller,War",1,0,0,0,0,0,1,0,0,0,0,0,0,0,0,0,1,1,0,FALSE
The Lincoln Lawyer,2011,40000000,58009200,29135886,87145086,3,47145086,0.5409953465419726,1.17862715,0.3343376814155648,2011 The Lincoln Lawyer,11.812,3/18/2011,en,7.1,1525,"Crime,Drama,Thriller",0,0,0,0,1,0,1,0,0,0,0,0,0,0,0,0,1,0,0,FALSE
Horrible Bosses 2,2014,40000000,54445357,51500000,105945357,11,65945357,0.6224468808010152,1.648633925,0.4860996409686929,2014 Horrible Bosses 2,18.421,11/26/2014,en,6.2,2581,Comedy,0,0,0,1,0,0,0,0,0,0,0,0,0,0,0,0,0,0,0,FALSE
Predators,2010,40000000,52000688,75233701,127234389,7,87234389,0.6856195851264708,2.180859725,0.5913000533212762,2010 Predators,16.216,7/3/2010,en,6.1,1979,"Action,Science Fiction,Adventure,Thriller",1,1,0,0,0,0,0,0,0,0,0,0,0,0,1,0,1,0,0,FALSE
The Odd Life of Timothy Green,2012,40000000,51853450,3395709,55249159,8,15249159,0.276007079,0.381228975,0.061461732,2012 The Odd Life of Timothy Green,9.216,8/15/2012,en,6.7,605,"Fantasy,Drama,Comedy,Family",0,0,0,1,0,0,1,1,1,0,0,0,0,0,0,0,0,0,0,FALSE
Jersey Boys,2014,40000000,47047013,18235719,65282732,6,25282732,0.3872805445703467,0.6320683,0.2793344953762045,2014 Jersey Boys,6.933,6/20/2014,en,6.9,380,"Music,Drama",0,0,0,0,0,0,1,0,0,0,0,1,0,0,0,0,0,0,0,FALSE
Final Destination 5,2011,40000000,42587643,112423522,155011165,8,115011165,0.7419540715018819,2.875279125,0.7252608029879655,2011 Final Destination 5,13.392,8/12/2011,en,6,1701,"Horror,Mystery",0,0,0,0,0,0,0,0,0,0,1,0,1,0,0,0,0,0,0,FALSE
Widows,2018,40000000,42402632,31463456,73866088,11,33866088,0.4584795122763236,0.8466522,0.4259526509648108,2018 Widows,20.628,11/16/2018,en,6.5,941,"Crime,Thriller",0,0,0,0,1,0,0,0,0,0,0,0,0,0,0,0,1,0,0,FALSE
Sex Tape,2014,40000000,38543473,87526036,126069509,7,86069509,0.6827147157366973,2.151737725,0.6942680803175016,2014 Sex Tape,20.429,7/18/2014,en,5.3,2684,Comedy,0,0,0,1,0,0,0,0,0,0,0,0,0,0,0,0,0,0,0,FALSE
Scream 4,2011,40000000,38180928,57808662,95989590,4,55989590,0.5832881461416806,1.39973975,0.6022388677772246,2011 Scream 4,16.082,4/11/2011,en,6.2,1610,"Horror,Mystery",0,0,0,0,0,0,0,0,0,0,1,0,1,0,0,0,0,0,0,FALSE
Paul,2011,40000000,37412945,63749161,101162106,3,61162106,0.6045950249394768,1.52905265,0.6301683853833568,2011 Paul,15.234,3/17/2011,en,6.5,3017,"Adventure,Comedy,Science Fiction",0,1,0,1,0,0,0,0,0,0,0,0,0,0,1,0,0,0,0,FALSE
The Guilt Trip,2012,40000000,37134215,4160459,41294674,12,1294674,0.031352082,0.03236685,0.1007504987204887,2012 The Guilt Trip,8.939,12/19/2012,en,5.4,403,Comedy,0,0,0,1,0,0,0,0,0,0,0,0,0,0,0,0,0,0,0,FALSE
Colombiana,2011,40000000,36665854,35629408,72295262,8,32295262,0.4467133959622416,0.80738155,0.4928318539048935,2011 Colombiana,10.584,8/26/2011,en,6.5,1371,"Action,Thriller,Crime,Drama",1,0,0,0,1,0,1,0,0,0,0,0,0,0,0,0,1,0,0,FALSE
The Commuter,2018,40000000,36343858,65641573,101985431,1,61985431,0.6077871161813299,1.549635775,0.6436367661180938,2018 The Commuter,20.063,1/12/2018,en,6.2,2394,"Action,Thriller",1,0,0,0,0,0,0,0,0,0,0,0,0,0,0,0,1,0,0,FALSE
Arthur,2011,40000000,33035397,14752546,47787943,4,7787943,0.162968785,0.194698575,0.3087085376325991,2011 Arthur,7.886,4/8/2011,en,5.5,399,"Comedy,Romance",0,0,0,1,0,0,0,0,0,0,0,0,0,1,0,0,0,0,0,FALSE
Patriots Day,2016,40000000,31886361,20951628,52837989,12,12837989,0.2429689176853418,0.320949725,0.3965258405273524,2016 Patriots Day,15.435,12/21/2016,en,6.9,1337,"Action,Drama,Thriller,Crime,History",1,0,0,0,1,0,1,0,0,1,0,0,0,0,0,0,1,0,0,FALSE
Morning Glory,2010,40000000,31011732,28783338,59795070,11,19795070,0.3310485295861348,0.49487675,0.481366407,2010 Morning Glory,10.595,11/10/2010,en,6.3,717,"Comedy,Drama,Romance",0,0,0,1,0,0,1,0,0,0,0,0,0,1,0,0,0,0,0,FALSE
Grudge Match,2013,40000000,29807260,40000000,69807260,12,29807260,0.4269936966441599,0.7451815,0.573006303,2013 Grudge Match,7.918,12/25/2013,en,6,711,Comedy,0,0,0,1,0,0,0,0,0,0,0,0,0,0,0,0,0,0,0,FALSE
The Nut Job 2: Nutty by Nature,2017,40000000,28370522,29067867,57438389,8,17438389,0.303601638,0.435959725,0.506070374,2017 The Nut Job 2: Nutty by Nature,8.975,8/11/2017,en,5.7,227,"Family,Animation,Adventure,Comedy",0,1,1,1,0,0,0,1,0,0,0,0,0,0,0,0,0,0,0,FALSE
Resident Evil: The Final Chapter,2017,40000000,26844692,287256498,314101190,1,274101190,0.8726525041181793,6.85252975,0.9145348924020312,2017 Resident Evil: The Final Chapter,0.844,1/27/2017,en,5.9,1859,"Action,Horror,Science Fiction",1,0,0,0,0,0,0,0,0,0,1,0,0,0,1,0,0,0,0,FALSE
The House,2017,40000000,25584504,5607921,31192425,6,-8807575,-0.282362625,-0.220189375,0.179784707,2017 The House,9.62,6/30/2017,en,5.7,474,Comedy,0,0,0,1,0,0,0,0,0,0,0,0,0,0,0,0,0,0,0,FALSE
Season of the Witch,2011,40000000,24827228,66299372,91126600,1,51126600,0.5610502312167907,1.278165,0.7275523502467995,2011 Season of the Witch,12.535,1/7/2011,en,5.3,1352,"Adventure,Fantasy,Action",1,1,0,0,0,0,0,0,1,0,0,0,0,0,0,0,0,0,0,FALSE
Mechanic: Resurrection,2016,40000000,21218403,88520437,109738840,8,69738840,0.635498243,1.743471,0.8066463706013295,2016 Mechanic: Resurrection,16.302,8/26/2016,en,5.6,1929,"Action,Crime,Thriller",1,0,0,0,1,0,0,0,0,0,0,0,0,0,0,0,1,0,0,FALSE
Big Miracle,2012,40000000,20157300,5111380,25268680,2,-14731320,-0.582987319,-0.368283,0.2022812430249621,2012 Big Miracle,6.76,2/3/2012,en,6.6,250,"Adventure,Drama,Romance",0,1,0,0,0,0,1,0,0,0,0,0,0,1,0,0,0,0,0,FALSE
A Thousand Words,2012,40000000,18450127,2340359,20790486,3,-19209514,-0.923956948,-0.48023785,0.1125687489941312,2012 A Thousand Words,8.017,3/8/2012,en,6.1,685,"Drama,Comedy",0,0,0,1,0,0,1,0,0,0,0,0,0,0,0,0,0,0,0,FALSE
The Gunman,2015,40000000,10664749,7929478,18594227,3,-21405773,-1.151205318,-0.535144325,0.4264483809948109,2015 The Gunman,10.388,3/20/2015,en,5.7,583,"Action,Drama,Crime",1,0,0,0,1,0,1,0,0,0,0,0,0,0,0,0,0,0,0,FALSE
Paranoia,2013,40000000,7388654,8952113,16340767,8,-23659233,-1.447865513,-0.591480825,0.5478392170942772,2013 Paranoia,7.674,8/16/2013,en,5.7,518,"Drama,Thriller",0,0,0,0,0,0,1,0,0,0,0,0,0,0,0,0,1,0,0,FALSE
The Hurricane Heist,2018,40000000,6115824,24847860,30963684,3,-9036316,-0.291835946,-0.2259079,0.8024839679929558,2018 The Hurricane Heist,13.335,3/9/2018,en,5.4,476,"Action,Crime,Thriller",1,0,0,0,1,0,0,0,0,0,0,0,0,0,0,0,1,0,0,FALSE
Victor Frankenstein,2015,40000000,5775076,25349291,31124367,11,-8875633,-0.285166699,-0.221890825,0.8144516159959173,2015 Victor Frankenstein,9.061,11/10/2015,en,5.8,1200,"Drama,Science Fiction,Thriller",0,0,0,0,0,0,1,0,0,0,0,0,0,0,1,0,1,0,0,FALSE
Snowpiercer,2014,40000000,4563029,83506851,88069880,6,48069880,0.5458152094677544,1.201747,0.948188541,2014 Snowpiercer,14.735,6/27/2014,ko,6.8,4748,"Action,Science Fiction,Drama",1,0,0,0,0,0,1,0,0,0,0,0,0,0,1,0,0,0,0,FALSE
Frankenweenie,2012,39000000,35287788,45863000,81150788,10,42150788,0.5194131694691615,1.080789435897436,0.5651577899650216,2012 Frankenweenie,14.627,10/5/2012,en,6.8,1685,"Animation,Comedy,Family",0,0,1,1,0,0,0,1,0,0,0,0,0,0,0,0,0,0,0,FALSE
Captain Underpants: The First Epic Movie,2017,38000000,73921000,52656874,126577874,6,88577874,0.6997895540574492,2.3309966842105263,0.4160037796179133,2017 Captain Underpants: The First Epic Movie,18.31,6/2/2017,en,6,587,"Action,Animation,Comedy,Family",1,0,1,1,0,0,0,1,0,0,0,0,0,0,0,0,0,0,0,FALSE
Paul Blart: Mall Cop 2,2015,38000000,71091594,36559052,107650646,4,69650646,0.647006299,1.8329117368421053,0.3396082918071852,2015 Paul Blart: Mall Cop 2,15.941,4/17/2015,en,5,900,"Action,Comedy,Family",1,0,0,1,0,0,0,1,0,0,0,0,0,0,0,0,0,0,0,FALSE
Why Him?,2016,38000000,60323786,57101370,117425156,12,79425156,0.6763896145047489,2.0901356842105265,0.4862788515264991,2016 Why Him?,15.044,12/23/2016,en,6.2,2494,Comedy,0,0,0,1,0,0,0,0,0,0,0,0,0,0,0,0,0,0,0,FALSE
Water for Elephants,2011,38000000,58709717,58100000,116809717,4,78809717,0.6746845983712125,2.073939921052632,0.4973901272271723,2011 Water for Elephants,6.209,4/22/2011,en,6.9,1627,"Drama,Romance",0,0,0,0,0,0,1,0,0,0,0,0,0,1,0,0,0,0,0,FALSE
Riddick,2013,38000000,42025135,52738623,94763758,9,56763758,0.5990028170896304,1.4937831052631578,0.5565273487782112,2013 Riddick,17.434,9/6/2013,en,6.2,2852,"Science Fiction,Action,Thriller",1,0,0,0,0,0,0,0,0,0,0,0,0,0,1,0,1,0,0,FALSE
The 5th Wave,2016,38000000,34912982,76423416,111336398,1,73336398,0.6586920298966381,1.929905210526316,0.6864189732453891,2016 The 5th Wave,12.967,1/15/2016,en,5.8,3657,"Adventure,Science Fiction",0,1,0,0,0,0,0,0,0,0,0,0,0,0,1,0,0,0,0,FALSE
Rush,2013,38000000,26947624,71283215,98230839,9,60230839,0.6131561087450348,1.5850220789473684,0.7256704282043239,2013 Rush,14.623,9/27/2013,en,7.7,3877,"Drama,Action",1,0,0,0,0,0,1,0,0,0,0,0,0,0,0,0,0,0,0,FALSE
Only the Brave,2017,38000000,18340051,6215126,24555177,10,-13444823,-0.547535169,-0.353811132,0.2531085807282106,2017 Only the Brave,14.163,10/20/2017,en,7,603,Drama,0,0,0,0,0,0,1,0,0,0,0,0,0,0,0,0,0,0,0,FALSE
The Thing,2011,38000000,16999934,10573144,27573078,10,-10426922,-0.378155895,-0.274392684,0.3834589667501031,2011 The Thing,12.349,10/14/2011,en,6.1,1404,"Horror,Science Fiction,Mystery,Thriller",0,0,0,0,0,0,0,0,0,0,1,0,1,0,1,0,1,0,0,FALSE
The Sisters Brothers,2018,38000000,3143056,10000000,13143056,9,-24856944,-1.891260602,-0.654130105,0.760858053,2018 The Sisters Brothers,13.738,9/21/2018,en,7,590,"Comedy,Drama,Western",0,0,0,1,0,0,1,0,0,0,0,0,0,0,0,0,0,0,1,FALSE
The Upside,2019,37500000,108235497,10789039,119024536,1,81524536,0.6849389104108753,2.1739876266666665,0.090645504,2019 The Upside,28.138,1/11/2019,en,7.3,274,"Comedy,Drama",0,0,0,1,0,0,1,0,0,0,0,0,0,0,0,0,0,0,0,FALSE
What to Expect When You're Expecting,2012,37500000,41152203,47320813,88473016,5,50973016,0.5761419504450939,1.3592804266666667,0.5348615333741985,2012 What to Expect When You're Expecting,12.27,5/18/2012,en,5.9,1130,"Romance,Comedy,Drama",0,0,0,1,0,0,1,0,0,0,0,0,0,1,0,0,0,0,0,FALSE
The Master,2012,37500000,16247159,34400257,50647416,9,13147416,0.2595871031209174,0.35059776,0.679210505,2012 The Master,12.829,9/14/2012,en,7.1,1323,Drama,0,0,0,0,0,0,1,0,0,0,0,0,0,0,0,0,0,0,0,FALSE
We're the Millers,2013,37000000,150394119,117422157,267816276,8,230816276,0.8618455885033663,6.23827773,0.4384429458648734,2013 We're the Millers,14.746,8/7/2013,en,6.8,5231,"Comedy,Crime",0,0,0,1,1,0,0,0,0,0,0,0,0,0,0,0,0,0,0,FALSE
Creed,2015,37000000,109767581,63800000,173567581,11,136567581,0.7868265502876369,3.691015702702703,0.3675801646391557,2015 Creed,16.356,11/25/2015,en,7.3,4010,Drama,0,0,0,0,0,0,1,0,0,0,0,0,0,0,0,0,0,0,0,FALSE
The Town,2010,37000000,92186262,60380619,152566881,9,115566881,0.7574834082109865,3.1234292162162163,0.3957649170267825,2010 The Town,13.476,9/17/2010,en,7.1,2386,"Crime,Drama,Thriller",0,0,0,0,1,0,1,0,0,0,0,0,0,0,0,0,1,0,0,FALSE
Dolphin Tale,2011,37000000,72286779,23781945,96068724,9,59068724,0.6148590461136967,1.596452,0.2475513779073405,2011 Dolphin Tale,10.679,9/23/2011,en,6.8,327,"Drama,Family",0,0,0,0,0,0,1,1,0,0,0,0,0,0,0,0,0,0,0,FALSE
Game Night,2018,37000000,69179066,48199018,117378084,2,80378084,0.6847793153618013,2.1723806486486485,0.4106304716986179,2018 Game Night,19.459,2/23/2018,en,6.9,2756,"Mystery,Comedy,Crime",0,0,0,1,1,0,0,0,0,0,0,0,1,0,0,0,0,0,0,FALSE
Cop Out,2010,37000000,44875481,11034429,55909910,2,18909910,0.3382210774440524,0.5110786486486486,0.1973608793145973,2010 Cop Out,8.82,2/26/2010,en,5.4,796,"Action,Comedy,Crime",1,0,0,1,1,0,0,0,0,0,0,0,0,0,0,0,0,0,0,FALSE
The Rite,2011,37000000,33047633,64096354,97143987,1,60143987,0.6191220770051367,1.625513162162162,0.6598077346773918,2011 The Rite,9.676,1/28/2011,en,5.9,994,"Drama,Thriller,Horror",0,0,0,0,0,0,1,0,0,0,1,0,0,0,0,0,1,0,0,FALSE
Aloha,2015,37000000,21052030,4335061,25387091,5,-11612909,-0.457433622,-0.313862405,0.1707584772119026,2015 Aloha,9.685,5/29/2015,en,5.3,1226,"Drama,Comedy,Romance",0,0,0,1,0,0,1,0,0,0,0,0,0,1,0,0,0,0,0,FALSE
Hot Tub Time Machine,2010,36000000,50269859,15697891,65967750,3,29967750,0.4542787953204407,0.8324375,0.2379631107624559,2010 Hot Tub Time Machine,10.15,3/26/2010,en,6,1383,"Science Fiction,Comedy,Adventure",0,1,0,1,0,0,0,0,0,0,0,0,0,0,1,0,0,0,0,FALSE
Dolphin Tale 2,2014,36000000,42024533,15800000,57824533,9,21824533,0.3774268786571955,0.6062370277777778,0.2732404254782308,2014 Dolphin Tale 2,7.403,9/12/2014,en,6.7,173,"Family,Drama",0,0,0,0,0,0,1,1,0,0,0,0,0,0,0,0,0,0,0,FALSE
Collateral Beauty,2016,36000000,31016021,54293072,85309093,12,49309093,0.5780051254325257,1.3696970277777778,0.6364277252367458,2016 Collateral Beauty,12.857,12/16/2016,en,7.2,3270,"Drama,Romance",0,0,0,0,0,0,1,0,0,0,0,0,0,1,0,0,0,0,0,FALSE
There Be Dragons,2011,36000000,1069334,2951656,4020990,5,-31979010,-7.953019033,-0.888305833,0.7340620096045999,2011 There Be Dragons,7.058,5/6/2011,en,5.1,93,"Drama,War",0,0,0,0,0,0,1,0,0,0,0,0,0,0,0,0,0,1,0,FALSE
It,2017,35000000,327481748,369976221,697457969,9,662457969,0.9498177645741402,18.927370542857144,0.5304638235483405,2017 It,13.966,9/8/2017,en,7.2,10931,"Horror,Thriller",0,0,0,0,0,0,0,0,0,0,1,0,0,0,0,0,1,0,0,FALSE
True Grit,2010,35000000,171243005,81033923,252276928,12,217276928,0.8612635714352761,6.207912228571429,0.3212102019888239,2010 True Grit,13.118,12/22/2010,en,7.2,2816,"Drama,Adventure,Western",0,1,0,0,0,0,1,0,0,0,0,0,0,0,0,0,0,0,1,FALSE
Identity Thief,2013,35000000,134506920,40854658,175361578,2,140361578,0.80041238,4.0103308,0.2329738273682733,2013 Identity Thief,13.553,2/9/2013,en,5.8,2230,"Comedy,Crime",0,0,0,1,1,0,0,0,0,0,0,0,0,0,0,0,0,0,0,FALSE
Horrible Bosses,2011,35000000,117538559,94879042,212417601,7,177417601,0.8352302265196941,5.069074314285714,0.4466628073819551,2011 Horrible Bosses,14.058,7/8/2011,en,6.5,3842,"Comedy,Crime",0,0,0,1,1,0,0,0,0,0,0,0,0,0,0,0,0,0,0,FALSE
Trainwreck,2015,35000000,110212700,30911197,141123897,7,106123897,0.7519909757027189,3.0321113428571427,0.2190358802237441,2015 Trainwreck,18.423,7/17/2015,en,5.8,1731,"Comedy,Romance",0,0,0,1,0,0,0,0,0,0,0,0,0,1,0,0,0,0,0,FALSE
Saving Mr. Banks,2013,35000000,83299761,31662764,114962525,12,79962525,0.6955529638897545,2.284643571428572,0.275418133,2013 Saving Mr. Banks,9.585,12/20/2013,en,7.4,2050,"Comedy,Drama,History",0,0,0,1,0,0,1,0,0,1,0,0,0,0,0,0,0,0,0,FALSE
A Nightmare on Elm Street,2010,35000000,63075011,54654610,117729621,4,82729621,0.7027086326898139,2.363703457142857,0.4642383924772849,2010 A Nightmare on Elm Street,9.795,4/30/2010,en,5.5,1408,"Horror,Mystery,Thriller",0,0,0,0,0,0,0,0,0,0,1,0,1,0,0,0,1,0,0,FALSE
Secretariat,2010,35000000,59699513,676734,60376247,10,25376247,0.420301828,0.7250356285714286,0.011208613,2010 Secretariat,9.059,10/8/2010,en,7,200,Drama,0,0,0,0,0,0,1,0,0,0,0,0,0,0,0,0,0,0,0,FALSE
Friends with Benefits,2011,35000000,55802754,90793137,146595891,7,111595891,0.7612484240775889,3.1884540285714285,0.6193429869054106,2011 Friends with Benefits,14.019,7/21/2011,en,6.6,4637,"Romance,Comedy",0,0,0,1,0,0,0,0,0,0,0,0,0,1,0,0,0,0,0,FALSE
Neighbors 2: Sorority Rising,2016,35000000,55340730,53416891,108757621,5,73757621,0.6781834718506761,2.1073606,0.4911553830328819,2016 Neighbors 2: Sorority Rising,17.662,5/20/2016,en,5.7,2829,Comedy,0,0,0,1,0,0,0,0,0,0,0,0,0,0,0,0,0,0,0,FALSE
Sicario: Day of the Soldado,2018,35000000,50065850,25819346,75885196,6,40885196,0.5387769704119891,1.168148457142857,0.3402421995457454,2018 Sicario: Day of the Soldado,29.725,6/29/2018,en,6.7,1317,"Action,Crime,Drama,Thriller",1,0,0,0,1,0,1,0,0,0,0,0,0,0,0,0,1,0,0,FALSE
Poltergeist,2015,35000000,47425125,48287944,95713069,5,60713069,0.63432371,1.7346591142857142,0.5045073207296279,2015 Poltergeist,17.343,5/22/2015,en,5.1,1438,"Horror,Thriller",0,0,0,0,0,0,0,0,0,0,1,0,0,0,0,0,1,0,0,FALSE
Goosebumps 2: Haunted Halloween,2018,35000000,46697321,46594157,93291478,10,58291478,0.6248317558008889,1.6654708,0.499447088,2018 Goosebumps 2: Haunted Halloween,20.238,10/12/2018,en,5.6,428,"Adventure,Comedy,Fantasy,Family,Horror",0,1,0,1,0,0,0,1,1,0,1,0,0,0,0,0,0,0,0,FALSE
12 Strong,2018,35000000,45819713,25298665,71118378,1,36118378,0.5078627918088908,1.0319536571428571,0.3557261246874894,2018 12 Strong,13.183,1/19/2018,en,5.6,1312,"War,Drama,History,Action",1,0,0,0,0,0,1,0,0,1,0,0,0,0,0,0,0,1,0,FALSE
Something Borrowed,2011,35000000,39046489,26037627,65084116,5,30084116,0.4622343798907862,0.8595461714285715,0.4000611608522116,2011 Something Borrowed,7.567,5/5/2011,en,6.1,591,"Comedy,Drama,Romance",0,0,0,1,0,0,1,0,0,0,0,0,0,1,0,0,0,0,0,FALSE
In Time,2011,35000000,37553932,127550020,165103952,10,130103952,0.7880123426724516,3.717255771428571,0.7725437123394842,2011 In Time,18.912,10/28/2011,en,6.8,6245,"Action,Thriller,Science Fiction",1,0,0,0,0,0,0,0,0,0,0,0,0,0,1,0,1,0,0,FALSE
J. Edgar,2011,35000000,37306030,47300000,84606030,11,49606030,0.5863179019273212,1.4173151428571429,0.5590618068239345,2011 J. Edgar,8.628,11/9/2011,en,6.2,1303,"Drama,Crime,History",0,0,0,0,1,0,1,0,0,1,0,0,0,0,0,0,0,0,0,FALSE
Mile 22,2018,35000000,36108758,30186363,66295121,8,31295121,0.4720576797800851,0.8941463142857143,0.4553331006063025,2018 Mile 22,21.246,8/17/2018,en,6,920,Action,1,0,0,0,0,0,0,0,0,0,0,0,0,0,0,0,0,0,0,FALSE
Hot Pursuit,2015,35000000,34580201,11091311,45671512,5,10671512,0.2336579529050844,0.3049003428571428,0.2428496564773244,2015 Hot Pursuit,9.607,5/8/2015,en,5.6,1000,"Action,Comedy,Crime",1,0,0,1,1,0,0,0,0,0,0,0,0,0,0,0,0,0,0,FALSE
Concussion,2015,35000000,34531832,15831958,50363790,12,15363790,0.3050562715792437,0.4389654285714285,0.3143519977348805,2015 Concussion,12.809,12/25/2015,en,7.1,1435,Drama,0,0,0,0,0,0,1,0,0,0,0,0,0,0,0,0,0,0,0,FALSE
The Foreigner,2017,35000000,34393507,106389853,140783360,10,105783360,0.7513910734905034,3.0223817142857143,0.7556990613095184,2017 The Foreigner,14.616,10/13/2017,en,6.7,1086,"Action,Thriller,Drama",1,0,0,0,0,0,1,0,0,0,0,0,0,0,0,0,1,0,0,FALSE
Adrift,2018,35000000,31445011,26452180,57897191,6,22897191,0.3954801710500946,0.6542054571428572,0.4568819236843459,2018 Adrift,16.786,6/1/2018,en,6.7,1264,"Thriller,Romance,Adventure",0,1,0,0,0,0,0,0,0,0,0,0,0,1,0,0,1,0,0,FALSE
Underworld: Blood Wars,2017,35000000,30353973,50855249,81209222,1,46209222,0.569014465,1.3202634857142856,0.6262250486773534,2017 Underworld: Blood Wars,18.976,1/6/2017,en,5.5,2318,"Action,Fantasy,Horror,Drama",1,0,0,0,0,0,1,0,1,0,1,0,0,0,0,0,0,0,0,FALSE
Nanny McPhee and the Big Bang,2010,35000000,29197642,68602223,97799865,8,62799865,0.6421262953686081,1.7942818571428572,0.7014551911702537,2010 Nanny McPhee and the Big Bang,15.213,8/20/2010,en,6.1,953,"Comedy,Fantasy,Family",0,0,0,1,0,0,0,1,1,0,0,0,0,0,0,0,0,0,0,FALSE
Abduction,2011,35000000,28087155,58561204,86648359,9,51648359,0.5960685187355943,1.4756674,0.6758489678956298,2011 Abduction,17.69,9/23/2011,en,5.8,1791,"Thriller,Action,Mystery",1,0,0,0,0,0,0,0,0,0,0,0,1,0,0,0,1,0,0,FALSE
Alex Cross,2012,35000000,25888412,9538347,35426759,10,426759,0.012046233,0.012193114,0.2692413099374967,2012 Alex Cross,9.962,10/18/2012,en,5.1,424,"Action,Thriller,Crime,Mystery",1,0,0,0,1,0,0,0,0,0,0,0,1,0,0,0,1,0,0,FALSE
Whiskey Tango Foxtrot,2016,35000000,23083334,2267413,25350747,3,-9649253,-0.380629928,-0.275692943,0.089441664,2016 Whiskey Tango Foxtrot,8.564,3/4/2016,en,6.2,596,"War,Comedy",0,0,0,1,0,0,0,0,0,0,0,0,0,0,0,0,0,1,0,FALSE
Hitman: Agent 47,2015,35000000,22467450,59715353,82182803,8,47182803,0.5741201477394242,1.3480800857142856,0.7266161632379465,2015 Hitman: Agent 47,14.082,8/21/2015,en,5.6,1764,"Action,Crime,Thriller",1,0,0,0,1,0,0,0,0,0,0,0,0,0,0,0,1,0,0,FALSE
Premium Rush,2012,35000000,20275446,11117755,31393201,8,-3606799,-0.114891087,-0.1030514,0.3541453131842146,2012 Premium Rush,12.484,8/24/2012,en,6.2,1244,"Crime,Action,Thriller",1,0,0,0,1,0,0,0,0,0,0,0,0,0,0,0,1,0,0,FALSE
Broken City,2013,35000000,19701164,14778881,34480045,1,-519955,-0.015079882,-0.014855857,0.4286212793515785,2013 Broken City,13.646,1/18/2013,en,5.9,814,"Thriller,Crime,Drama",0,0,0,0,1,0,1,0,0,0,0,0,0,0,0,0,1,0,0,FALSE
Furry Vengeance,2010,35000000,17630465,21709712,39340177,4,4340177,0.1103242875597636,0.1240050571428571,0.5518458140134956,2010 Furry Vengeance,9.45,4/2/2010,en,4.6,283,"Comedy,Family",0,0,0,1,0,0,0,1,0,0,0,0,0,0,0,0,0,0,0,FALSE
Parker,2013,35000000,17616641,30926747,48543388,1,13543388,0.2789955245810201,0.3869539428571428,0.6370949427757288,2013 Parker,14.95,1/25/2013,en,5.8,1868,"Action,Crime",1,0,0,0,1,0,0,0,0,0,0,0,0,0,0,0,0,0,0,FALSE
The Tree of Life,2011,35000000,13305665,48416161,61721826,5,26721826,0.4329396541184637,0.7634807428571428,0.7844252857976043,2011 The Tree of Life,11.569,5/27/2011,en,6.6,1730,"Drama,Fantasy",0,0,0,0,0,0,1,0,1,0,0,0,0,0,0,0,0,0,0,FALSE
Sabotage,2014,35000000,10508518,7867925,18376443,3,-16623557,-0.904612334,-0.474958771,0.4281527714585461,2014 Sabotage,14.055,3/28/2014,en,5.5,779,"Action,Drama,Thriller,Crime",1,0,0,0,1,0,1,0,0,0,0,0,0,0,0,0,1,0,0,FALSE
Unfinished Business,2015,35000000,10219501,2994550,13214051,3,-21785949,-1.648695695,-0.622455686,0.22661862,2015 Unfinished Business,8.516,3/6/2015,en,5.2,472,Comedy,0,0,0,1,0,0,0,0,0,0,0,0,0,0,0,0,0,0,0,FALSE
The Walk,2015,35000000,10161183,51330921,61492104,9,26492104,0.4308212319422344,0.7569172571428572,0.8347562965157282,2015 The Walk,11.754,10/2/2015,en,6.9,1906,"Adventure,Drama,Thriller",0,1,0,0,0,0,1,0,0,0,0,0,0,0,0,0,1,0,0,FALSE
Mandela: Long Walk to Freedom,2013,35000000,8323085,21567317,29890402,11,-5109598,-0.170944439,-0.145988514,0.721546569,2013 Mandela: Long Walk to Freedom,8.262,12/25/2013,en,6.9,319,"Drama,History",0,0,0,0,0,0,1,0,0,1,0,0,0,0,0,0,0,0,0,FALSE
The Snowman,2017,35000000,6670765,36555381,43226146,10,8226146,0.190304868,0.2350327428571428,0.8456775443269914,2017 The Snowman,14.581,10/20/2017,en,5.1,1225,"Drama,Crime,Thriller,Horror",0,0,0,0,1,0,1,0,0,0,1,0,0,0,0,0,1,0,0,FALSE
A Hologram for the King,2016,35000000,4212494,7633516,11846010,4,-23153990,-1.954581332,-0.661542571,0.644395539,2016 A Hologram for the King,11.055,4/22/2016,en,5.9,589,"Comedy,Drama",0,0,0,1,0,0,1,0,0,0,0,0,0,0,0,0,0,0,0,FALSE
Stolen,2012,35000000,289773,17677973,17967746,9,-17032254,-0.947934927,-0.486635829,0.983872601,2012 Stolen,9.813,9/14/2012,en,5.3,559,"Action,Crime,Thriller",1,0,0,0,1,0,0,0,0,0,0,0,0,0,0,0,1,0,0,FALSE
Trespass,2011,35000000,16816,769716,786532,10,-34213468,-43.49914307,-0.977527657,0.9786200688592454,2011 Trespass,11.909,10/14/2011,en,5.5,589,"Crime,Drama,Thriller,Mystery",0,0,0,0,1,0,1,0,0,0,0,0,1,0,0,0,1,0,0,FALSE
The Lovers,2015,35000000,0,53899,53899,3,-34946101,-648.3626969,-0.998460029,1,2015 The Lovers,5.232,2/13/2015,en,4.7,47,"Action,Adventure,Science Fiction,Romance",1,1,0,0,0,0,0,0,0,0,0,0,0,1,1,0,0,0,0,FALSE
The Darkest Hour,2011,34800000,21443494,41388221,62831715,12,28031715,0.4461395809425224,0.8055090517241379,0.6587154433075717,2011 The Darkest Hour,10.73,12/25/2011,en,4.9,735,"Horror,Action,Thriller,Science Fiction",1,0,0,0,0,0,0,0,0,0,1,0,0,0,1,0,1,0,0,FALSE
Baby Driver,2017,34000000,107825862,120278323,228104185,6,194104185,0.850945304,5.708946617647059,0.527295556,2017 Baby Driver,22.895,6/28/2017,en,7.4,8034,"Action,Crime",1,0,0,0,1,0,0,0,0,0,0,0,0,0,0,0,0,0,0,FALSE
The Maze Runner,2014,34000000,102427862,245891999,348319861,9,314319861,0.9023885692237342,9.244701794117647,0.7059373482007677,2014 The Maze Runner,36.955,9/19/2014,en,7.1,10626,"Action,Mystery,Science Fiction,Thriller",1,0,0,0,0,0,0,0,0,0,0,0,1,0,1,0,1,0,0,FALSE
The Longest Ride,2015,34000000,37446117,26356811,63802928,4,29802928,0.4671090956828815,0.8765567058823529,0.413097201,2015 The Longest Ride,11.168,4/10/2015,en,7.5,1908,"Drama,Romance",0,0,0,0,0,0,1,0,0,0,0,0,0,1,0,0,0,0,0,FALSE
The Darkest Minds,2018,34000000,12695691,25665737,38361428,8,4361428,0.1136930564732887,0.128277294,0.6690506151126595,2018 The Darkest Minds,23.967,8/3/2018,en,6.8,1158,"Science Fiction,Thriller",0,0,0,0,0,0,0,0,0,0,0,0,0,0,1,0,1,0,0,FALSE
Mike and Dave Need Wedding Dates,2016,33000000,46009673,29888427,75898100,7,42898100,0.5652065071457651,1.2999424242424242,0.3937967748863278,2016 Mike and Dave Need Wedding Dates,11.676,7/8/2016,en,6,1552,Comedy,0,0,0,1,0,0,0,0,0,0,0,0,0,0,0,0,0,0,0,FALSE
Step Up Revolution,2012,33000000,35074677,130477613,165552290,7,132552290,0.8006672091337426,4.0167360606060605,0.7881353559047718,2012 Step Up Revolution,10.925,7/27/2012,en,6.8,1252,"Music,Drama,Romance",0,0,0,0,0,0,1,0,0,0,0,1,0,1,0,0,0,0,0,FALSE
Safe,2012,33000000,17142080,24353133,41495213,4,8495213,0.2047275429095881,0.2574306969696969,0.5868901793563513,2012 Safe,15.622,4/16/2012,en,6.3,1248,"Action,Crime,Thriller",1,0,0,0,1,0,0,0,0,0,0,0,0,0,0,0,1,0,0,FALSE
Freaks of Nature,2015,33000000,70958,0,70958,10,-32929042,-464.0638406,-0.997849758,0,2015 Freaks of Nature,9.31,10/30/2015,en,5.8,231,"Science Fiction,Comedy,Horror",0,0,0,1,0,0,0,0,0,0,1,0,0,0,1,0,0,0,0,FALSE
Bridesmaids,2011,32500000,169211718,120420305,289632023,5,257132023,0.8877886510498185,7.911754553846154,0.415769996,2011 Bridesmaids,9.805,5/13/2011,en,6.5,2783,"Comedy,Romance",0,0,0,1,0,0,0,0,0,0,0,0,0,1,0,0,0,0,0,FALSE
The Big Wedding,2013,32500000,21819348,26606623,48425971,4,15925971,0.3288725176001117,0.4900298769230769,0.5494287972047065,2013 The Big Wedding,11.231,4/25/2013,en,5.8,678,Comedy,0,0,0,1,0,0,0,0,0,0,0,0,0,0,0,0,0,0,0,FALSE
Wanderlust,2012,32500000,17288155,6871779,24159934,2,-8340066,-0.34520235,-0.256617415,0.2844287157406969,2012 Wanderlust,9.896,2/24/2012,en,5.4,693,"Comedy,Romance",0,0,0,1,0,0,0,0,0,0,0,0,0,1,0,0,0,0,0,FALSE
Takers,2010,32000000,57744720,12842548,70587268,8,38587268,0.5466604544037602,1.205852125,0.1819385898318093,2010 Takers,8.969,8/26/2010,en,6.2,605,"Action,Crime,Drama,Thriller",1,0,0,0,1,0,1,0,0,0,0,0,0,0,0,0,1,0,0,FALSE
Source Code,2011,32000000,54712227,85716272,140428499,4,108428499,0.7721260269256314,3.388390594,0.6103908580551017,2011 Source Code,13.495,4/1/2011,en,7.2,4529,"Thriller,Science Fiction,Mystery",0,0,0,0,0,0,0,0,0,0,0,0,1,0,1,0,1,0,0,FALSE
I Feel Pretty,2018,32000000,48795601,42758196,91553797,4,59553797,0.6504787234548011,1.861056156,0.4670281015215567,2018 I Feel Pretty,16.298,4/20/2018,en,6.4,1088,Comedy,0,0,0,1,0,0,0,0,0,0,0,0,0,0,0,0,0,0,0,FALSE
"Big Mommas: Like Father, Like Son",2011,32000000,37915414,44417036,82332450,2,50332450,0.6113318624673504,1.572889063,0.5394839580262704,"2011 Big Mommas: Like Father, Like Son",16.024,2/18/2011,en,5.5,623,"Crime,Comedy,Action",1,0,0,1,1,0,0,0,0,0,0,0,0,0,0,0,0,0,0,FALSE
1941,1979,32000000,34175000,60700000,94875000,12,62875000,0.6627140974967062,1.96484375,0.6397891963109354,1979 1941,9.755,12/14/1979,en,5.7,262,Comedy,0,0,0,1,0,0,0,0,0,0,0,0,0,0,0,0,0,0,0,FALSE
The Incredible Burt Wonderstone,2013,32000000,22537881,4854728,27392609,3,-4607391,-0.168198327,-0.143980969,0.1772276602057146,2013 The Incredible Burt Wonderstone,9.362,3/15/2013,en,5.4,920,Comedy,0,0,0,1,0,0,0,0,0,0,0,0,0,0,0,0,0,0,0,FALSE
Bad Times at the El Royale,2018,32000000,17839115,11365264,29204379,10,-2795621,-0.09572609,-0.087363156,0.3891630087392031,2018 Bad Times at the El Royale,31.32,10/12/2018,en,6.8,1365,"Thriller,Crime,Mystery,Drama",0,0,0,0,1,0,1,0,0,0,0,0,1,0,0,0,1,0,0,FALSE
Going the Distance,2010,32000000,17804299,25799691,43603990,9,11603990,0.2661222057889656,0.362624688,0.5916818850751961,2010 Going the Distance,8.281,9/3/2010,en,6,394,"Comedy,Drama,Romance",0,0,0,1,0,0,1,0,0,0,0,0,0,1,0,0,0,0,0,FALSE
Repo Men,2010,32000000,13942007,4253231,18195238,3,-13804762,-0.75870192,-0.431398813,0.2337551726446227,2010 Repo Men,12.437,3/19/2010,en,6.2,976,"Action,Science Fiction,Thriller,Crime",1,0,0,0,1,0,0,0,0,0,0,0,0,0,1,0,1,0,0,FALSE
Criminal,2016,31500000,14708696,24062566,38771262,4,7271262,0.1875425669662236,0.2308337142857142,0.6206289080814548,2016 Criminal,13.651,4/15/2016,en,5.9,897,"Action,Crime,Science Fiction,Thriller,Mystery,Drama",1,0,0,0,1,0,1,0,0,0,0,0,1,0,1,0,1,0,0,FALSE
42,2013,31000000,95020213,2450488,97470701,4,66470701,0.6819557089263162,2.1442161612903226,0.025140765,2013 42,11.28,4/12/2013,en,7,1028,Drama,0,0,0,0,0,0,1,0,0,0,0,0,0,0,0,0,0,0,0,FALSE
Flight,2012,31000000,93772375,66786063,160558438,11,129558438,0.8069238815091113,4.179304451612904,0.4159610907525147,2012 Flight,11.692,11/2/2012,en,6.7,3582,Drama,0,0,0,0,0,0,1,0,0,0,0,0,0,0,0,0,0,0,0,FALSE
The Grand Budapest Hotel,2014,31000000,59076019,104905242,163981261,3,132981261,0.8109540089461807,4.289718096774194,0.6397392077622821,2014 The Grand Budapest Hotel,18.31,3/7/2014,en,8,8091,"Comedy,Drama",0,0,0,1,0,0,1,0,0,0,0,0,0,0,0,0,0,0,0,FALSE
Vacation,2015,31000000,58884188,43422312,102306500,7,71306500,0.6969889498712203,2.300209677419355,0.4244335599399843,2015 Vacation,14.227,7/29/2015,en,6.2,1934,Comedy,0,0,0,1,0,0,0,0,0,0,0,0,0,0,0,0,0,0,0,FALSE
Frequency,2000,31000000,44983704,23095967,68079671,4,37079671,0.5446511485051095,1.1961184193548386,0.3392490983101255,2000 Frequency,8.833,4/28/2000,en,7.1,791,"Crime,Drama,Science Fiction,Thriller",0,0,0,0,1,0,1,0,0,0,0,0,0,0,1,0,1,0,0,FALSE
Extraordinary Measures,2010,31000000,12482741,3344243,15826984,1,-15173016,-0.958680188,-0.489452129,0.2113000809250834,2010 Extraordinary Measures,6.3,1/21/2010,en,6.3,153,Drama,0,0,0,0,0,0,1,0,0,0,0,0,0,0,0,0,0,0,0,FALSE
Birth of the Dragon,2017,31000000,6901965,318525,7220490,8,-23779510,-3.293337433,-0.767080968,0.044114042,2017 Birth of the Dragon,8.164,8/25/2017,en,5.7,172,"Action,Drama",1,0,0,0,0,0,1,0,0,0,0,0,0,0,0,0,0,0,0,FALSE
Toy Story,1995,30000000,191796233,172749283,364545516,11,334545516,0.9177057495338936,11.1515172,0.4738757587680766,1995 Toy Story,28.005,11/22/1995,en,7.9,10174,"Animation,Comedy,Family",0,0,1,1,0,0,0,1,0,0,0,0,0,0,0,0,0,0,0,FALSE
Crazy Rich Asians,2018,30000000,174532921,63566790,238099711,8,208099711,0.8740023670167327,6.936657033333334,0.2669755025448141,2018 Crazy Rich Asians,17.969,8/15/2018,en,7.1,1496,"Comedy,Drama,Romance",0,0,0,1,0,0,1,0,0,0,0,0,0,1,0,0,0,0,0,FALSE
The Vow,2012,30000000,125014030,72604130,197618160,2,167618160,0.8481920892290465,5.587272,0.3673960429547568,2012 The Vow,13.046,2/10/2012,en,7.1,2409,"Drama,Romance",0,0,0,0,0,0,1,0,0,0,0,0,0,1,0,0,0,0,0,FALSE
Sisters,2015,30000000,87044645,18986015,106030660,12,76030660,0.7170629702767105,2.534355333333333,0.1790615563460606,2015 Sisters,10.993,12/18/2015,en,5.9,922,Comedy,0,0,0,1,0,0,0,0,0,0,0,0,0,0,0,0,0,0,0,FALSE
Looper,2012,30000000,66486205,103980200,170466405,9,140466405,0.824012245,4.6822135,0.6099747337312592,2012 Looper,16.779,9/28/2012,en,6.8,6723,"Action,Thriller,Science Fiction",1,0,0,0,0,0,0,0,0,0,0,0,0,0,1,0,1,0,0,FALSE
Warm Bodies,2013,30000000,66380662,48740946,115121608,2,85121608,0.7394060027375573,2.837386933333333,0.4233865982830955,2013 Warm Bodies,13.259,2/1/2013,en,6.3,4109,"Horror,Comedy,Romance",0,0,0,1,0,0,0,0,0,0,1,0,0,1,0,0,0,0,0,FALSE
The Nut Job,2014,30000000,64251538,58278428,122529966,1,92529966,0.755161933,3.0843322,0.475625922,2014 The Nut Job,10.501,1/17/2014,en,5.6,529,"Animation,Comedy,Family,Adventure",0,1,1,1,0,0,0,1,0,0,0,0,0,0,0,0,0,0,0,FALSE
Hope Springs,2012,30000000,63536011,69549284,133085295,8,103085295,0.7745806552106301,3.4361765,0.5225918009949935,2012 Hope Springs,8.313,8/7/2012,en,6.1,429,"Drama,Comedy,Romance",0,0,0,1,0,0,1,0,0,0,0,0,0,1,0,0,0,0,0,FALSE
Midnight in Paris,2011,30000000,56816662,105686112,162502774,5,132502774,0.8153877668574445,4.416759133333334,0.6503649716158076,2011 Midnight in Paris,13.171,5/20/2011,en,7.5,3965,"Fantasy,Comedy,Romance",0,0,0,1,0,0,0,0,1,0,0,0,0,1,0,0,0,0,0,FALSE
Darkest Hour,2017,30000000,56443120,94364052,150807172,11,120807172,0.8010704689827352,4.026905733333333,0.6257265536416265,2017 Darkest Hour,15.331,11/22/2017,en,7.3,2715,"Drama,History",0,0,0,0,0,0,1,0,0,1,0,0,0,0,0,0,0,0,0,FALSE
Life of the Party,2018,30000000,53059911,12700000,65759911,5,35759911,0.5437950030072273,1.1919970333333334,0.1931267820602737,2018 Life of the Party,13.696,5/11/2018,en,6.2,435,Comedy,0,0,0,1,0,0,0,0,0,0,0,0,0,0,0,0,0,0,0,FALSE
Letters to Juliet,2010,30000000,53032453,29116085,82148538,5,52148538,0.6348078647486094,1.7382846,0.3544321750436995,2010 Letters to Juliet,9.394,5/14/2010,en,6.9,1706,"Comedy,Drama,Romance",0,0,0,1,0,0,1,0,0,0,0,0,0,1,0,0,0,0,0,FALSE
Southpaw,2015,30000000,52421953,41734503,94156456,7,64156456,0.6813813807945363,2.138548533333333,0.4432463239695428,2015 Southpaw,25.305,7/24/2015,en,7.4,3424,"Action,Drama",1,0,0,0,0,0,1,0,0,0,0,0,0,0,0,0,0,0,0,FALSE
Atomic Blonde,2017,30000000,51573925,46771498,98345423,7,68345423,0.6949527585030572,2.2781807666666665,0.475583882,2017 Atomic Blonde,21.662,7/28/2017,en,6.3,3645,"Action,Mystery,Thriller",1,0,0,0,0,0,0,0,0,0,0,0,1,0,0,0,1,0,0,FALSE
Sicario,2015,30000000,46889293,37504456,84393749,9,54393749,0.6445234350236059,1.813124966666667,0.4443985063396105,2015 Sicario,20.468,9/18/2015,en,7.3,4475,"Action,Crime,Thriller",1,0,0,0,1,0,0,0,0,0,0,0,0,0,0,0,1,0,0,FALSE
Den of Thieves,2018,30000000,44947622,35183769,80131391,1,50131391,0.625614885,1.6710463666666666,0.4390759795995554,2018 Den of Thieves,22.738,1/19/2018,en,6.6,1244,"Action,Thriller,Crime",1,0,0,0,1,0,0,0,0,0,0,0,0,0,0,0,1,0,0,FALSE
The Three Stooges,2012,30000000,44338224,9714025,54052249,4,24052249,0.4449814659885845,0.8017416333333334,0.1797154638283413,2012 The Three Stooges,9.358,4/13/2012,en,5.1,215,Comedy,0,0,0,1,0,0,0,0,0,0,0,0,0,0,0,0,0,0,0,FALSE
John Wick,2014,30000000,43037835,33197166,76235001,10,46235001,0.6064799684333971,1.5411667,0.4354583270747251,2014 John Wick,78.123,10/24/2014,en,7.2,10081,"Action,Thriller",1,0,0,0,0,0,0,0,0,0,0,0,0,0,0,0,1,0,0,FALSE
The Age of Adaline,2015,30000000,42629776,26354760,68984536,4,38984536,0.5651199277472853,1.2994845333333334,0.3820386644334319,2015 The Age of Adaline,8.559,4/24/2015,en,7.4,3853,"Fantasy,Drama,Romance",0,0,0,0,0,0,1,0,1,0,0,0,0,1,0,0,0,0,0,FALSE
Step Up 3D,2010,30000000,42400223,123488894,165889117,8,135889117,0.8191563102961118,4.529637233333333,0.744406241,2010 Step Up 3D,17.174,8/6/2010,en,6.7,1160,"Drama,Romance",0,0,0,0,0,0,1,0,0,0,0,0,0,1,0,0,0,0,0,FALSE
The Cabin in the Woods,2012,30000000,42073277,28616691,70689968,4,40689968,0.5756116341713438,1.3563322666666666,0.4048196909637871,2012 The Cabin in the Woods,15.336,4/12/2012,en,6.5,4185,"Horror,Comedy,Thriller",0,0,0,1,0,0,0,0,0,0,1,0,0,0,0,0,1,0,0,FALSE
Hanna,2011,30000000,40259119,25084575,65343694,4,35343694,0.5408891330814569,1.1781231333333333,0.383886699,2011 Hanna,9.709,4/8/2011,en,6.6,1944,"Action,Thriller,Adventure",1,1,0,0,0,0,0,0,0,0,0,0,0,0,0,0,1,0,0,FALSE
The Family,2013,30000000,36918811,14159730,51078541,9,21078541,0.4126692068201399,0.7026180333333333,0.2772148484037553,2013 The Family,11.571,9/13/2013,en,6.2,1647,"Crime,Comedy,Action",1,0,0,1,1,0,0,0,0,0,0,0,0,0,0,0,0,0,0,FALSE
The 15:17 to Paris,2018,30000000,36276286,19819914,56096200,2,26096200,0.4652044166984573,0.8698733333333334,0.3533200822872137,2018 The 15:17 to Paris,11.576,2/9/2018,en,5.3,799,"Drama,History,Thriller",0,0,0,0,0,0,1,0,0,1,0,0,0,0,0,0,1,0,0,FALSE
Larry Crowne,2011,30000000,35608245,25840890,61449135,7,31449135,0.5117913376648833,1.0483045,0.4205248780149631,2011 Larry Crowne,7.261,6/30/2011,en,5.8,676,"Comedy,Romance,Drama",0,0,0,1,0,0,1,0,0,0,0,0,0,1,0,0,0,0,0,FALSE
Carrie,2013,30000000,35266619,47142901,82409520,10,52409520,0.6359643885803485,1.746984,0.5720564929877033,2013 Carrie,13.686,10/18/2013,en,5.9,2681,"Drama,Horror",0,0,0,0,0,0,1,0,0,0,1,0,0,0,0,0,0,0,0,FALSE
Death Wish,2018,30000000,34017028,14558937,48575965,3,18575965,0.382410622,0.6191988333333334,0.2997148281048045,2018 Death Wish,18.014,3/2/2018,en,5.9,1207,"Action,Crime,Drama,Thriller",1,0,0,0,1,0,1,0,0,0,0,0,0,0,0,0,1,0,0,FALSE
Entourage,2015,30000000,32363404,14075134,46438538,6,16438538,0.3539848304440592,0.5479512666666667,0.3030916692510862,2015 Entourage,13.802,6/3/2015,en,6.2,647,Comedy,0,0,0,1,0,0,0,0,0,0,0,0,0,0,0,0,0,0,0,FALSE
Side Effects,2013,30000000,32172757,34569381,66742138,2,36742138,0.550508855,1.2247379333333333,0.5179543544139985,2013 Side Effects,9.426,2/8/2013,en,6.5,1879,"Thriller,Crime,Drama",0,0,0,0,1,0,1,0,0,0,0,0,0,0,0,0,1,0,0,FALSE
Deliver Us from Evil,2014,30000000,30577122,57379496,87956618,7,57956618,0.6589227657661871,1.9318872666666669,0.6523613265803376,2014 Deliver Us from Evil,11.283,7/2/2014,en,6.1,1104,"Thriller,Crime,Horror",0,0,0,0,1,0,0,0,0,0,1,0,0,0,0,0,1,0,0,FALSE
Get on Up,2014,30000000,30569935,2769933,33339868,8,3339868,0.1001764014182659,0.1113289333333333,0.083081703,2014 Get on Up,6.288,8/1/2014,en,6.7,251,"Drama,Music",0,0,0,0,0,0,1,0,0,0,0,1,0,0,0,0,0,0,0,FALSE
The Five-Year Engagement,2012,30000000,28700285,32923534,61623819,4,31623819,0.5131752545229304,1.0541273,0.5342663686585215,2012 The Five-Year Engagement,10.729,4/27/2012,en,5.8,742,"Romance,Comedy",0,0,0,1,0,0,0,0,0,0,0,0,0,1,0,0,0,0,0,FALSE
Winnie the Pooh,2011,30000000,26692846,23452761,50145607,7,20145607,0.4017422104392913,0.6715202333333333,0.4676932318318532,2011 Winnie the Pooh,11.147,7/14/2011,en,6.9,444,"Animation,Family",0,0,1,0,0,0,0,1,0,0,0,0,0,0,0,0,0,0,0,FALSE
White Boy Rick,2018,30000000,24004833,1943150,25947983,9,-4052017,-0.156159228,-0.135067233,0.07488636,2018 White Boy Rick,13.794,9/14/2018,en,6.3,277,"Crime,Drama",0,0,0,0,1,0,1,0,0,0,0,0,0,0,0,0,0,0,0,FALSE
Sanctum,2011,30000000,23209310,85747788,108957098,2,78957098,0.7246622702818315,2.631903266666667,0.7869867092091605,2011 Sanctum,7.457,2/4/2011,en,5.9,515,"Action,Thriller",1,0,0,0,0,0,0,0,0,0,0,0,0,0,0,0,1,0,0,FALSE
Ballerina,2017,30000000,21858070,75034759,96892829,8,66892829,0.6903795635897885,2.2297609666666665,0.7744098275838349,2017 Ballerina,13.21,8/25/2017,en,7.2,1024,"Animation,Adventure,Comedy,Family",0,1,1,1,0,0,0,1,0,0,0,0,0,0,0,0,0,0,0,FALSE
The Next Three Days,2010,30000000,21148651,46107265,67255916,11,37255916,0.553942586,1.2418638666666666,0.685549581,2010 The Next Three Days,11.147,11/19/2010,en,7,1469,"Romance,Drama,Thriller,Crime",0,0,0,0,1,0,1,0,0,0,0,0,0,1,0,0,1,0,0,FALSE
Proud Mary,2018,30000000,20868638,840901,21709539,1,-8290461,-0.381881025,-0.2763487,0.038734171,2018 Proud Mary,9.371,1/12/2018,en,5.5,259,"Thriller,Action,Crime",1,0,0,0,1,0,0,0,0,0,0,0,0,0,0,0,1,0,0,FALSE
Runner Runner,2013,30000000,19316646,41196034,60512680,10,30512680,0.5042361369550977,1.0170893333333333,0.6807834985989714,2013 Runner Runner,10.442,10/2/2013,en,5.6,761,"Crime,Thriller,Drama",0,0,0,0,1,0,1,0,0,0,0,0,0,0,0,0,1,0,0,FALSE
Baahubali 2: The Conclusion,2017,30000000,18985794,244517120,263502914,4,233502914,0.8861492666453017,7.783430466666666,0.9279484476592924,2017 Baahubali 2: The Conclusion,10.406,4/27/2017,te,7,252,"Action,Drama",1,0,0,0,0,0,1,0,0,0,0,0,0,0,0,0,0,0,0,FALSE
Fright Night,2011,30000000,18298649,22222000,40520649,8,10520649,0.2596367348410436,0.3506883,0.5484117492787443,2011 Fright Night,12.078,8/19/2011,en,6,1024,"Horror,Comedy",0,0,0,1,0,0,0,0,0,0,1,0,0,0,0,0,0,0,0,FALSE
mother!,2017,30000000,17800004,24731072,42531076,9,12531076,0.2946334111086209,0.4177025333333333,0.5814823965422365,2017 mother!,15.227,9/15/2017,en,7,3458,"Drama,Horror,Mystery",0,0,0,0,0,0,1,0,0,0,1,0,1,0,0,0,0,0,0,FALSE
Steve Jobs,2015,30000000,17766658,17812349,35579007,10,5579007,0.1568061469506442,0.1859669,0.500642106,2015 Steve Jobs,8.895,10/9/2015,en,6.8,2572,"Drama,History",0,0,0,0,0,0,1,0,0,1,0,0,0,0,0,0,0,0,0,FALSE
The Last Stand,2013,30000000,12050299,36280458,48330757,1,18330757,0.3792772581650231,0.6110252333333334,0.7506701788262907,2013 The Last Stand,15.894,1/12/2013,en,5.9,1692,"Action,Crime,Thriller",1,0,0,0,1,0,0,0,0,0,0,0,0,0,0,0,1,0,0,FALSE
Dead Man Down,2013,30000000,10895295,8704679,19599974,3,-10400026,-0.530614275,-0.346667533,0.4441168646448205,2013 Dead Man Down,10.349,3/8/2013,en,6,866,"Thriller,Action,Crime,Drama",1,0,0,0,1,0,1,0,0,0,0,0,0,0,0,0,1,0,0,FALSE
The Lost City of Z,2017,30000000,8574339,8547484,17121823,4,-12878177,-0.752149873,-0.429272567,0.4992157669192118,2017 The Lost City of Z,11.048,4/21/2017,en,6.2,1397,"Adventure,Drama,History",0,1,0,0,0,0,1,0,0,1,0,0,0,0,0,0,0,0,0,FALSE
The Space Between Us,2017,30000000,7885294,8596111,16481405,2,-13518595,-0.820233166,-0.450619833,0.5215642113035873,2017 The Space Between Us,14.437,2/3/2017,en,7.1,1455,"Romance,Adventure,Science Fiction,Drama",0,1,0,0,0,0,1,0,0,0,0,0,0,1,1,0,0,0,0,FALSE
Barney's Version,2011,30000000,7502560,1343015,8845575,1,-21154425,-2.391526272,-0.7051475,0.1518290218555605,2011 Barney's Version,7.357,1/14/2011,en,7.2,210,"Comedy,Drama",0,0,0,1,0,0,1,0,0,0,0,0,0,0,0,0,0,0,0,FALSE
Kin,2018,30000000,5718096,4378725,10096821,8,-19903179,-1.971232232,-0.6634393,0.4336736285609104,2018 Kin,23.805,8/31/2018,en,6.2,289,"Science Fiction,Action",1,0,0,0,0,0,0,0,0,0,0,0,0,0,1,0,0,0,0,FALSE
Once Upon a Time in America,1984,30000000,5321508,254140,5575648,6,-24424352,-4.380540522,-0.814145067,0.045580352,1984 Once Upon a Time in America,17.717,6/1/1984,en,8.4,2243,"Drama,Crime",0,0,0,0,1,0,1,0,0,0,0,0,0,0,0,0,0,0,0,FALSE
Stronger,2017,30000000,4211129,4575623,8786752,9,-21213248,-2.414230878,-0.707108267,0.5207411111637156,2017 Stronger,7.836,9/22/2017,en,7,782,Drama,0,0,0,0,0,0,1,0,0,0,0,0,0,0,0,0,0,0,0,FALSE
Machine Gun Preacher,2011,30000000,538690,3183298,3721988,9,-26278012,-7.060208684,-0.875933733,0.8552682061307022,2011 Machine Gun Preacher,9.12,9/23/2011,en,6.5,477,"Action,Thriller,Crime",1,0,0,0,1,0,0,0,0,0,0,0,0,0,0,0,1,0,0,FALSE
Bilal: A New Breed of Hero,2018,30000000,490973,157626,648599,2,-29351401,-45.25354032,-0.978380033,0.243025352,2018 Bilal: A New Breed of Hero,2.707,2/2/2018,en,6.8,54,"Action,Adventure,Animation",1,1,1,0,0,0,0,0,0,0,0,0,0,0,0,0,0,0,0,FALSE
Wild Card,2015,30000000,3200,4312589,4315789,1,-25684211,-5.951220275,-0.856140367,0.9992585365039856,2015 Wild Card,22.504,1/30/2015,en,5.5,930,"Thriller,Crime,Action",1,0,0,0,1,0,0,0,0,0,0,0,0,0,0,0,1,0,0,FALSE
United Passions,2015,30000000,918,167914,168832,6,-29831168,-176.6914329,-0.994372267,0.9945626421531464,2015 United Passions,1.519,6/5/2015,en,3.3,21,Drama,0,0,0,0,0,0,1,0,0,0,0,0,0,0,0,0,0,0,0,FALSE
Konferenz der Tiere,2010,30000000,0,53048539,53048539,12,23048539,0.4344801842704848,0.7682846333333333,1,2010 Konferenz der Tiere,9.258,10/7/2010,de,5.4,151,"Animation,Family,Comedy",0,0,1,1,0,0,0,1,0,0,0,0,0,0,0,0,0,0,0,FALSE
Collide,2017,29200000,2280004,3186694,5466698,2,-23733302,-4.341432799,-0.812784315,0.5829284880928122,2017 Collide,9.035,2/24/2017,en,5.6,331,"Thriller,Action",1,0,0,0,0,0,0,0,0,0,0,0,0,0,0,0,1,0,0,FALSE
Pitch Perfect 2,2015,29000000,184296230,103329238,287625468,5,258625468,0.8991744361107827,8.918119586206897,0.3592492650894183,2015 Pitch Perfect 2,18.469,5/15/2015,en,6.8,3599,"Comedy,Music",0,0,0,1,0,0,0,0,0,0,0,1,0,0,0,0,0,0,0,FALSE
Night School,2018,29000000,77339130,25669662,103008792,9,74008792,0.7184706330698452,2.5520273103448274,0.2491987480058983,2018 Night School,12.786,9/28/2018,en,6,775,Comedy,0,0,0,1,0,0,0,0,0,0,0,0,0,0,0,0,0,0,0,FALSE
The Boss,2016,29000000,63077560,15574647,78652207,4,49652207,0.6312881595299672,1.712145068965517,0.198019199,2016 The Boss,11.442,4/8/2016,en,5.8,822,Comedy,0,0,0,1,0,0,0,0,0,0,0,0,0,0,0,0,0,0,0,FALSE
Logan Lucky,2017,29000000,27778642,16485629,44264271,8,15264271,0.3448440617038514,0.5263541724137931,0.3724364736516275,2017 Logan Lucky,15.743,8/18/2017,en,6.7,1627,"Action,Comedy,Crime,Drama",1,0,0,1,1,0,1,0,0,0,0,0,0,0,0,0,0,0,0,FALSE
Florence Foster Jenkins,2016,29000000,27383770,28616569,56000339,8,27000339,0.4821459920090841,0.9310461724137932,0.5110070672965034,2016 Florence Foster Jenkins,8.453,8/12/2016,en,6.7,849,"Comedy,Drama",0,0,0,1,0,0,1,0,0,0,0,0,0,0,0,0,0,0,0,FALSE
Straight Outta Compton,2015,28000000,161197785,40985196,202182981,8,174182981,0.8615115878620861,6.22082075,0.2027133826857563,2015 Straight Outta Compton,11.731,8/14/2015,en,7.7,2048,"Drama,Music",0,0,0,0,0,0,1,0,0,0,0,1,0,0,0,0,0,0,0,FALSE
Girls Trip,2017,28000000,115108515,25777838,140886353,7,112886353,0.8012582524582775,4.0316554642857145,0.1829690204274079,2017 Girls Trip,8.589,7/21/2017,en,6.8,968,Comedy,0,0,0,1,0,0,0,0,0,0,0,0,0,0,0,0,0,0,0,FALSE
A Bad Moms Christmas,2017,28000000,72110659,55599891,127710550,11,99710550,0.7807542133363297,3.5610910714285717,0.4353586371681901,2017 A Bad Moms Christmas,16.604,11/1/2017,en,6.3,1044,Comedy,0,0,0,1,0,0,0,0,0,0,0,0,0,0,0,0,0,0,0,FALSE
Safe Haven,2013,28000000,71399120,22651831,94050951,2,66050951,0.7022890284224771,2.358962535714286,0.2408463791078518,2013 Safe Haven,9.095,2/14/2013,en,7.1,1433,Romance,0,0,0,0,0,0,0,0,0,0,0,0,0,1,0,0,0,0,0,FALSE
The Big Short,2015,28000000,70259870,62902882,133162752,12,105162752,0.7897309902396731,3.7558125714285713,0.472375954,2015 The Big Short,14.327,12/11/2015,en,7.3,4657,"Comedy,Drama",0,0,0,1,0,0,1,0,0,0,0,0,0,0,0,0,0,0,0,FALSE
"Alexander and the Terrible, Horrible, No Good, Very Bad Day",2014,28000000,66954149,34425138,101379287,10,73379287,0.7238094602105458,2.6206888214285717,0.3395677659480876,"2014 Alexander and the Terrible, Horrible, No Good, Very Bad Day",6.783,10/10/2014,en,6.2,817,"Family,Comedy",0,0,0,1,0,0,0,1,0,0,0,0,0,0,0,0,0,0,0,FALSE
Last Vegas,2013,28000000,63914167,49000000,112914167,1,84914167,0.7520240307843745,3.0326488214285714,0.4339579461273447,2013 Last Vegas,6.533,11/1/2013,en,6.4,1211,Comedy,0,0,0,1,0,0,0,0,0,0,0,0,0,0,0,0,0,0,0,FALSE
Tag,2018,28000000,54730625,22295561,77026186,6,49026186,0.6364872590212373,1.7509352142857142,0.2894543032417573,2018 Tag,18.5,6/15/2018,en,6.8,1297,"Comedy,Drama",0,0,0,1,0,0,1,0,0,0,0,0,0,0,0,0,0,0,0,FALSE
Kick-Ass,2010,28000000,48071303,49459831,97531134,4,69531134,0.7129121865844398,2.4832547857142857,0.5071183833461836,2010 Kick-Ass,13.08,4/16/2010,en,7.1,7540,"Action,Crime",1,0,0,0,1,0,0,0,0,0,0,0,0,0,0,0,0,0,0,FALSE
30 Minutes or Less,2011,28000000,37053924,3912792,40966716,8,12966716,0.3165183169673644,0.463097,0.095511488,2011 30 Minutes or Less,11.315,8/12/2011,en,5.6,825,"Action,Adventure,Comedy",1,1,0,1,0,0,0,0,0,0,0,0,0,0,0,0,0,0,0,FALSE
3 Days to Kill,2014,28000000,30697999,8261901,38959900,2,10959900,0.2813123236969294,0.391425,0.2120616582691434,2014 3 Days to Kill,11.011,2/14/2014,en,6.1,1279,"Action,Drama,Thriller,Crime",1,0,0,0,1,0,1,0,0,0,0,0,0,0,0,0,1,0,0,FALSE
Kick-Ass 2,2013,28000000,28795985,34333924,63129909,8,35129909,0.5564701352571251,1.2546396071428572,0.5438614524218623,2013 Kick-Ass 2,14.793,8/16/2013,en,6.4,3785,"Action,Adventure,Crime",1,1,0,0,1,0,0,0,0,0,0,0,0,0,0,0,0,0,0,FALSE
A Walk Among the Tombstones,2014,28000000,26017685,36090902,62108587,9,34108587,0.5491766702082596,1.2181638214285715,0.5810935933866922,2014 A Walk Among the Tombstones,19.373,9/19/2014,en,6.3,1685,"Crime,Drama,Mystery,Thriller",0,0,0,0,1,0,1,0,0,0,0,0,1,0,0,0,1,0,0,FALSE
The Spy Next Door,2010,28000000,24307106,22445752,46752858,1,18752858,0.4011061313085929,0.6697449285714285,0.4800936875345674,2010 The Spy Next Door,10.746,1/15/2010,en,5.7,650,"Action,Comedy,Family",1,0,0,1,0,0,0,1,0,0,0,0,0,0,0,0,0,0,0,FALSE
Brick Mansions,2014,28000000,20396829,53024395,73421224,4,45421224,0.6186388829475248,1.6221865714285717,0.7221943752939886,2014 Brick Mansions,9.194,4/25/2014,en,5.9,909,"Action,Crime,Drama",1,0,0,0,1,0,1,0,0,0,0,0,0,0,0,0,0,0,0,FALSE
American Ultra,2015,28000000,14439985,15855043,30295028,8,2295028,0.075755929,0.081965286,0.523354624,2015 American Ultra,9.97,8/21/2015,en,6,1756,"Comedy,Action",1,0,0,1,0,0,0,0,0,0,0,0,0,0,0,0,0,0,0,FALSE
Pride and Prejudice and Zombies,2016,28000000,10907291,5731009,16638300,2,-11361700,-0.682864235,-0.405775,0.3444467884339145,2016 Pride and Prejudice and Zombies,9.086,2/5/2016,en,5.7,1195,"Romance,Horror,Comedy,Thriller",0,0,0,1,0,0,0,0,0,0,1,0,0,1,0,0,1,0,0,FALSE
Joyful Noise,2012,27500000,30932113,225801,31157914,1,3657914,0.1173991943106332,0.1330150545454545,0.007246987,2012 Joyful Noise,6.787,1/13/2012,en,6.4,70,"Comedy,Music",0,0,0,1,0,0,0,0,0,0,0,1,0,0,0,0,0,0,0,FALSE
Anonymous,2011,27500000,4463292,11352217,15815509,10,-11684491,-0.738799554,-0.424890582,0.7177901767183086,2011 Anonymous,8.114,10/28/2011,en,6.4,434,"Drama,History,Thriller",0,0,0,0,0,0,1,0,0,1,0,0,0,0,0,0,1,0,0,FALSE
Limitless,2011,27000000,79249455,76315464,155564919,3,128564919,0.8264390186838975,4.761663666666666,0.490569882,2011 Limitless,19.453,3/8/2011,en,7.1,6295,"Thriller,Mystery,Science Fiction",0,0,0,0,0,0,0,0,0,0,0,0,1,0,1,0,1,0,0,FALSE
The Blues Brothers,1980,27000000,57229890,0,57229890,6,30229890,0.5282185585189837,1.1196255555555557,0,1980 The Blues Brothers,14.882,6/17/1980,en,7.7,1972,"Music,Comedy,Action,Crime",1,0,0,1,1,0,0,0,0,0,0,1,0,0,0,0,0,0,0,FALSE
Money Monster,2016,27000000,41012075,52454020,93466095,5,66466095,0.7111251946494609,2.461707222222222,0.561209067,2016 Money Monster,11.134,5/13/2016,en,6.4,1859,"Thriller,Drama",0,0,0,0,0,0,1,0,0,0,0,0,0,0,0,0,1,0,0,FALSE
Spy Kids: All the Time in the World,2011,27000000,38536376,42144807,80681183,8,53681183,0.6653494780809052,1.988191962962963,0.5223622836566489,2011 Spy Kids: All the Time in the World,10.009,8/19/2011,en,4.6,487,"Family,Comedy,Action",1,0,0,1,0,0,0,1,0,0,0,0,0,0,0,0,0,0,0,FALSE
The Magic Flute,2006,27000000,0,0,0,12,,,,0,2006 The Magic Flute,0.647,12/30/2006,en,9,2,"Music,Comedy,Fantasy",0,0,0,1,0,0,0,0,1,0,0,1,0,0,0,0,0,0,0,TRUE
Pain & Gain,2013,26000000,49875291,31400000,81275291,4,55275291,0.6800995766351671,2.125972730769231,0.3863412805252214,2013 Pain & Gain,16.509,4/26/2013,en,6.1,2500,"Thriller,Crime,Action,Comedy",1,0,0,1,1,0,0,0,0,0,0,0,0,0,0,0,1,0,0,FALSE
Legion,2010,26000000,40168080,27479494,67647574,1,41647574,0.6156551009501094,1.6018297692307693,0.4062155133604643,2010 Legion,12.032,1/22/2010,en,5.3,1154,Horror,0,0,0,0,0,0,0,0,0,0,1,0,0,0,0,0,0,0,0,FALSE
Lawless,2012,26000000,37397291,16996396,54393687,8,28393687,0.5220033530729402,1.0920648846153846,0.3124700114555573,2012 Lawless,12.147,8/29/2012,en,7,1660,"Crime,Drama",0,0,0,0,1,0,1,0,0,0,0,0,0,0,0,0,0,0,0,FALSE
The Best of Me,2014,26000000,26766213,14293205,41059418,10,15059418,0.3667713458578492,0.5792083846153846,0.3481102679049177,2014 The Best of Me,8.622,10/17/2014,en,7.3,1512,"Drama,Romance",0,0,0,0,0,0,1,0,0,0,0,0,0,1,0,0,0,0,0,FALSE
The Raven,2012,26000000,16008272,14593529,30601801,4,4601801,0.1503768029862033,0.1769923461538461,0.476884645,2012 The Raven,8.635,4/27/2012,en,6.3,681,"Crime,Thriller,Mystery",0,0,0,0,1,0,0,0,0,0,0,0,1,0,0,0,1,0,0,FALSE
The Fifth Estate,2013,26000000,3254172,2900000,6154172,10,-19845828,-3.224776298,-0.763301077,0.4712250486336748,2013 The Fifth Estate,6.611,10/18/2013,en,5.9,549,"Drama,Thriller",0,0,0,0,0,0,1,0,0,0,0,0,0,0,0,0,1,0,0,FALSE
Blood Ties,2014,26000000,42472,2881487,2923959,3,-23076041,-7.892053548,-0.887540038,0.985474489,2014 Blood Ties,12.003,3/21/2014,en,6.1,268,"Thriller,Crime,Drama",0,0,0,0,1,0,1,0,0,0,0,0,0,0,0,0,1,0,0,FALSE
Accidental Love,2015,26000000,0,135436,135436,3,-25864564,-190.9725922,-0.994790923,1,2015 Accidental Love,6.487,2/10/2015,en,4,172,"Romance,Comedy",0,0,0,1,0,0,0,0,0,0,0,0,0,1,0,0,0,0,0,FALSE
The Face of an Angel,2015,26000000,0,0,0,4,,,,0,2015 The Face of an Angel,6.495,3/27/2015,en,5,94,"Drama,Thriller",0,0,0,0,0,0,1,0,0,0,0,0,0,0,0,0,1,0,0,TRUE
The Help,2011,25000000,169705587,43414417,213120004,8,188120004,0.8826951973968619,7.52480016,0.2037087846526129,2011 The Help,12.598,8/10/2011,en,8.1,3944,Drama,0,0,0,0,0,0,1,0,0,0,0,0,0,0,0,0,0,0,0,FALSE
Hidden Figures,2016,25000000,169607287,62164429,231771716,12,206771716,0.8921352422484545,8.27086864,0.268214043,2016 Hidden Figures,14.751,12/10/2016,en,8,4710,"Drama,History",0,0,0,0,0,0,1,0,0,1,0,0,0,0,0,0,0,0,0,FALSE
Ride Along,2014,25000000,134202565,19531235,153733800,1,128733800,0.8373812395192208,5.149352,0.1270458090543524,2014 Ride Along,10.831,1/17/2014,en,6.2,1277,"Action,Comedy",1,0,0,1,0,0,0,0,0,0,0,0,0,0,0,0,0,0,0,FALSE
Dear John,2010,25000000,80014842,62018667,142033509,2,117033509,0.8239851977465402,4.68134036,0.4366481363211268,2010 Dear John,12.048,2/4/2010,en,6.8,2676,"Drama,Romance,War",0,0,0,0,0,0,1,0,0,0,0,0,0,1,0,0,0,1,0,FALSE
Parental Guidance,2012,25000000,77267296,43565087,120832383,12,95832383,0.7931018210573568,3.83329532,0.3605414866311128,2012 Parental Guidance,10.124,12/25/2012,en,5.8,276,Comedy,0,0,0,1,0,0,0,0,0,0,0,0,0,0,0,0,0,0,0,FALSE
No Strings Attached,2011,25000000,70662220,78565858,149228078,1,124228078,0.8324712055863911,4.96912312,0.5264817389124318,2011 No Strings Attached,14.203,1/21/2011,en,6.2,2612,"Comedy,Romance",0,0,0,1,0,0,0,0,0,0,0,0,0,1,0,0,0,0,0,FALSE
Contraband,2012,25000000,66528000,31878855,98406855,1,73406855,0.745952657,2.9362742,0.3239495358326409,2012 Contraband,12.357,1/13/2012,en,6.2,1114,"Thriller,Action,Drama,Crime",1,0,0,0,1,0,1,0,0,0,0,0,0,0,0,0,1,0,0,FALSE
The Lucky One,2012,25000000,60457138,36176695,96633833,4,71633833,0.7412914377514136,2.86535332,0.3743688300142249,2012 The Lucky One,13.14,4/20/2012,en,6.9,2012,"Drama,Romance",0,0,0,0,0,0,1,0,0,0,0,0,0,1,0,0,0,0,0,FALSE
Madea's Big Happy Family,2011,25000000,53345287,815531,54160818,4,29160818,0.5384116982871271,1.16643272,0.015057583,2011 Madea's Big Happy Family,9.393,4/22/2011,en,6.7,71,"Comedy,Drama",0,0,0,1,0,0,1,0,0,0,0,0,0,0,0,0,0,0,0,FALSE
The Grey,2012,25000000,51580136,29669040,81249176,1,56249176,0.6923045718026728,2.24996704,0.3651611186801451,2012 The Grey,12.942,1/27/2012,en,6.5,2280,"Drama,Thriller,Action,Adventure",1,1,0,0,0,0,1,0,0,0,0,0,0,0,0,0,1,0,0,FALSE
The Giver,2014,25000000,45090374,21449831,66540205,8,41540205,0.6242873011888076,1.6616082,0.3223589557621591,2014 The Giver,8.687,8/11/2014,en,6.5,3075,"Drama,Science Fiction",0,0,0,0,0,0,1,0,0,0,0,0,0,0,1,0,0,0,0,FALSE
The Night Before,2015,25000000,43035725,9391621,52427346,11,27427346,0.5231496173771604,1.09709384,0.1791359226919478,2015 The Night Before,9.014,11/20/2015,en,6.1,956,Comedy,0,0,0,1,0,0,0,0,0,0,0,0,0,0,0,0,0,0,0,FALSE
August: Osage County,2013,25000000,37738810,13000000,50738810,12,25738810,0.507280522,1.0295524,0.2562141287901707,2013 August: Osage County,9.586,12/27/2013,en,6.9,843,"Comedy,Drama",0,0,0,1,0,0,1,0,0,0,0,0,0,0,0,0,0,0,0,FALSE
Million Dollar Arm,2014,25000000,36447959,2769953,39217912,5,14217912,0.3625361798965738,0.56871648,0.070629793,2014 Million Dollar Arm,7.771,5/16/2014,en,6.8,353,Drama,0,0,0,0,0,0,1,0,0,0,0,0,0,0,0,0,0,0,0,FALSE
Peppermint,2018,25000000,35418723,16382035,51800758,9,26800758,0.5173815796286224,1.07203032,0.3162508741667448,2018 Peppermint,32.476,9/7/2018,en,6.5,716,"Thriller,Action,Drama",1,0,0,0,0,0,1,0,0,0,0,0,0,0,0,0,1,0,0,FALSE
The Gambler,2014,25000000,33680992,5037039,38718031,12,13718031,0.3543060079682254,0.54872124,0.1300954327971895,2014 The Gambler,8.807,12/25/2014,en,5.8,783,"Thriller,Crime,Drama",0,0,0,0,1,0,1,0,0,0,0,0,0,0,0,0,1,0,0,FALSE
Fist Fight,2017,25000000,32187017,8099399,40286416,2,15286416,0.3794434332406238,0.61145664,0.201045409,2017 Fist Fight,9.808,2/17/2017,en,6,708,Comedy,0,0,0,1,0,0,0,0,0,0,0,0,0,0,0,0,0,0,0,FALSE
The Sitter,2011,25000000,30542576,8206828,38749404,12,13749404,0.3548287865279166,0.54997616,0.2117923671806668,2011 The Sitter,11.571,12/9/2011,en,5.4,472,Comedy,0,0,0,1,0,0,0,0,0,0,0,0,0,0,0,0,0,0,0,FALSE
Draft Day,2014,25000000,28842237,1005243,29847480,4,4847480,0.1624083507217359,0.1938992,0.033679326,2014 Draft Day,10.581,4/11/2014,en,6.6,460,Drama,0,0,0,0,0,0,1,0,0,0,0,0,0,0,0,0,0,0,0,FALSE
Rings,2017,25000000,27793018,55124265,82917283,2,57917283,0.6984947034504254,2.31669132,0.6648103146360934,2017 Rings,13.53,2/3/2017,en,4.9,1785,Horror,0,0,0,0,0,0,0,0,0,0,1,0,0,0,0,0,0,0,0,FALSE
The Losers,2010,25000000,23591432,6272408,29863840,4,4863840,0.1628672,0.1945536,0.2100335388885019,2010 The Losers,10.202,4/23/2010,en,6.2,844,"Action,Adventure,Crime,Mystery,Thriller",1,1,0,0,1,0,0,0,0,0,0,0,1,0,0,0,1,0,0,FALSE
The Eagle,2011,25000000,19490041,19503507,38993548,2,13993548,0.3588682927749996,0.55974192,0.5001726695913898,2011 The Eagle,8.443,2/11/2011,en,6.1,694,"Adventure,Drama",0,1,0,0,0,0,1,0,0,0,0,0,0,0,0,0,0,0,0,FALSE
Shark Night 3D,2011,25000000,18877153,0,18877153,9,-6122847,-0.324352247,-0.24491388,0,2011 Shark Night 3D,7.879,9/2/2011,en,5,245,"Horror,Thriller",0,0,0,0,0,0,0,0,0,0,1,0,0,0,0,0,1,0,0,FALSE
CHiPS,2017,25000000,18600152,4590140,23190292,3,-1809708,-0.07803731,-0.07238832,0.1979336870790587,2017 CHiPS,13.744,3/24/2017,en,6,657,"Action,Comedy,Crime",1,0,0,1,1,0,0,0,0,0,0,0,0,0,0,0,0,0,0,FALSE
Father Figures,2017,25000000,17501244,3537197,21038441,12,-3961559,-0.188300977,-0.15846236,0.1681301860722474,2017 Father Figures,12.45,12/22/2017,en,5.8,277,Comedy,0,0,0,1,0,0,0,0,0,0,0,0,0,0,0,0,0,0,0,FALSE
The Counselor,2013,25000000,16973715,54035619,71009334,10,46009334,0.6479336082774696,1.84037336,0.7609650162329363,2013 The Counselor,10.55,10/25/2013,en,5.1,1072,"Thriller,Crime,Drama",0,0,0,0,1,0,1,0,0,0,0,0,0,0,0,0,1,0,0,FALSE
Mary Queen of Scots,2018,25000000,16468499,30266234,46734733,12,21734733,0.4650659499862768,0.86938932,0.647617565,2018 Mary Queen of Scots,16.115,12/7/2018,en,6.6,592,"Drama,History",0,0,0,0,0,0,1,0,0,1,0,0,0,0,0,0,0,0,0,FALSE
Legend,1986,25000000,15502112,8004125,23506237,4,-1493763,-0.063547517,-0.05975052,0.3405106908434557,1986 Legend,10.542,4/18/1986,en,6.2,509,"Adventure,Fantasy",0,1,0,0,0,0,0,0,1,0,0,0,0,0,0,0,0,0,0,FALSE
My Soul to Take,2010,25000000,14744435,1983035,16727470,10,-8272530,-0.494547591,-0.3309012,0.1185496073225658,2010 My Soul to Take,9.808,10/8/2010,en,5.4,247,"Drama,Horror,Mystery,Thriller",0,0,0,0,0,0,1,0,0,0,1,0,1,0,0,0,1,0,0,FALSE
Warrior,2011,25000000,13657115,10558270,24215385,9,-784615,-0.032401508,-0.0313846,0.4360149549552898,2011 Warrior,15.478,9/9/2011,en,7.8,2189,Drama,0,0,0,0,0,0,1,0,0,0,0,0,0,0,0,0,0,0,0,FALSE
Battle of the Sexes,2017,25000000,12638526,5806853,18445379,9,-6554621,-0.355353013,-0.26218484,0.314813428,2017 Battle of the Sexes,11.988,9/22/2017,en,6.9,1045,"Comedy,Drama,History",0,0,0,1,0,0,1,0,0,1,0,0,0,0,0,0,0,0,0,FALSE
Cirque du Soleil: Worlds Away,2012,25000000,12512862,15500000,28012862,12,3012862,0.1075528091346039,0.12051448,0.5533172583365455,2012 Cirque du Soleil: Worlds Away,6.538,12/21/2012,en,6.8,82,"Fantasy,Family,Music,Drama",0,0,0,0,0,0,1,1,1,0,0,1,0,0,0,0,0,0,0,FALSE
The 33,2015,25000000,12227722,16172993,28400715,11,3400715,0.119740471,0.1360286,0.5694572478192891,2015 The 33,9.993,11/9/2015,en,6.2,565,"Drama,History",0,0,0,0,0,0,1,0,0,1,0,0,0,0,0,0,0,0,0,FALSE
The Conspirator,2011,25000000,11538204,4369207,15907411,4,-9092589,-0.571594523,-0.36370356,0.2746648716123573,2011 The Conspirator,6.493,4/15/2011,en,6.5,226,"Crime,Drama,History",0,0,0,0,1,0,1,0,0,1,0,0,0,0,0,0,0,0,0,FALSE
Straw Dogs,2011,25000000,10324441,929380,11253821,9,-13746179,-1.221467713,-0.54984716,0.082583507,2011 Straw Dogs,8.749,9/16/2011,en,5.7,255,"Drama,Thriller",0,0,0,0,0,0,1,0,0,0,0,0,0,0,0,0,1,0,0,FALSE
Beautiful Boy,2018,25000000,7634767,5396657,13031424,10,-11968576,-0.918439612,-0.47874304,0.4141264224078658,2018 Beautiful Boy,17.409,10/12/2018,en,7.6,500,Drama,0,0,0,0,0,0,1,0,0,0,0,0,0,0,0,0,0,0,0,FALSE
Sgt. Stubby: An American Hero,2018,25000000,3054285,591672,3645957,4,-21354043,-5.856910271,-0.85416172,0.1622816725485243,2018 Sgt. Stubby: An American Hero,6.107,4/13/2018,en,6.4,9,"Animation,Adventure,Family,History,War",0,1,1,0,0,0,0,1,0,1,0,0,0,0,0,0,0,1,0,FALSE
Carnage,2011,25000000,2546747,35565407,38112154,12,13112154,0.3440412735527884,0.52448616,0.9331775632518696,2011 Carnage,10.181,12/16/2011,en,7.1,1478,"Comedy,Drama",0,0,0,1,0,0,1,0,0,0,0,0,0,0,0,0,0,0,0,FALSE
Tulip Fever,2017,25000000,2455635,4337133,6792768,9,-18207232,-2.680384786,-0.72828928,0.638492732,2017 Tulip Fever,9.89,8/25/2017,en,6.4,307,"Drama,Romance",0,0,0,0,0,0,1,0,0,0,0,0,0,1,0,0,0,0,0,FALSE
Legend,2015,25000000,1872994,40552456,42425450,11,17425450,0.4107310588337896,0.697018,0.9558521123523734,2015 Legend,10.195,11/20/2015,en,6.8,1692,"Crime,Thriller",0,0,0,0,1,0,0,0,0,0,0,0,0,0,0,0,1,0,0,FALSE
Jane Got a Gun,2016,25000000,1513793,2257552,3771345,1,-21228655,-5.62893477,-0.8491462,0.5986065979113553,2016 Jane Got a Gun,8.825,1/29/2016,en,5.5,439,"Action,Drama,Western",1,0,0,0,0,0,1,0,0,0,0,0,0,0,0,0,0,0,1,FALSE
Love Ranch,2010,25000000,137885,8264,146149,6,-24853851,-170.0583035,-0.99415404,0.056545033,2010 Love Ranch,6.185,6/30/2010,en,6.1,28,Drama,0,0,0,0,0,0,1,0,0,0,0,0,0,0,0,0,0,0,0,FALSE
Ironclad,2011,25000000,0,5297411,5297411,7,-19702589,-3.719286459,-0.78810356,1,2011 Ironclad,10.202,7/8/2011,en,6.1,373,"Romance,Adventure,Action,History",1,1,0,0,0,0,0,0,0,1,0,0,0,1,0,0,0,0,0,FALSE
Think Like a Man Too,2014,24000000,65028687,4999246,70027933,6,46027933,0.6572796172635854,1.9178305416666668,0.071389313,2014 Think Like a Man Too,8.25,6/20/2014,en,6.3,319,"Comedy,Romance",0,0,0,1,0,0,0,0,0,0,0,0,0,1,0,0,0,0,0,FALSE
Fences,2016,24000000,57682904,6599977,64282881,12,40282881,0.6266502118970056,1.678453375,0.1026708339347765,2016 Fences,12.753,12/16/2016,en,6.8,1465,Drama,0,0,0,0,0,0,1,0,0,0,0,0,0,0,0,0,0,0,0,FALSE
Footloose,2011,24000000,51802742,11187092,62989834,10,38989834,0.6189861367153309,1.6245764166666667,0.1776015475767089,2011 Footloose,10.269,10/14/2011,en,6.6,929,"Drama,Music,Romance",0,0,0,0,0,0,1,0,0,0,0,1,0,1,0,0,0,0,0,FALSE
Going in Style,2017,24000000,45018541,33654038,78672579,4,54672579,0.694938182,2.278024125,0.4277734177241094,2017 Going in Style,11.25,4/7/2017,en,6.6,1324,"Crime,Comedy",0,0,0,1,1,0,0,0,0,0,0,0,0,0,0,0,0,0,0,FALSE
Piranha 3D,2010,24000000,25003155,58657005,83660160,8,59660160,0.7131251004062149,2.48584,0.7011342674936314,2010 Piranha 3D,11.302,8/20/2010,en,5.3,1029,"Comedy,Horror",0,0,0,1,0,0,0,0,0,0,1,0,0,0,0,0,0,0,0,FALSE
Faster,2010,24000000,23240020,12552925,35792945,11,11792945,0.3294768005259137,0.4913727083333333,0.3507094764065935,2010 Faster,14.172,11/23/2010,en,6.2,895,"Crime,Drama,Action,Thriller",1,0,0,0,1,0,1,0,0,0,0,0,0,0,0,0,1,0,0,FALSE
I Don't Know How She Does It,2011,24000000,9659074,14815389,24474463,9,474463,0.019386043,0.019769292,0.6053407177922555,2011 I Don't Know How She Does It,8.271,9/16/2011,en,5.2,231,"Romance,Comedy",0,0,0,1,0,0,0,0,0,0,0,0,0,1,0,0,0,0,0,FALSE
Green Book,2018,23000000,85080171,236954268,322034439,11,299034439,0.9285790672841672,13.001497347826088,0.735804123,2018 Green Book,36.284,11/16/2018,en,8.3,3499,"Drama,Comedy",0,0,0,1,0,0,1,0,0,0,0,0,0,0,0,0,0,0,0,FALSE
Bad Boys,1995,23000000,65647413,75600000,141247413,4,118247413,0.8371651592656072,5.141191869565217,0.535231042,1995 Bad Boys,16.608,4/7/1995,en,6.6,2936,"Action,Comedy,Crime,Thriller",1,0,0,1,1,0,0,0,0,0,0,0,0,0,0,0,1,0,0,FALSE
The Wedding Ringer,2015,23000000,64460211,15711385,80171596,1,57171596,0.7131153532231042,2.4857215652173914,0.1959719624391661,2015 The Wedding Ringer,15.876,1/16/2015,en,6.5,961,Comedy,0,0,0,1,0,0,0,0,0,0,0,0,0,0,0,0,0,0,0,FALSE
The Ides of March,2011,23000000,40962534,36773391,77735925,10,54735925,0.7041265026434046,2.3798228260869565,0.4730552958622413,2011 The Ides of March,10.127,10/7/2011,en,6.7,1405,Drama,0,0,0,0,0,0,1,0,0,0,0,0,0,0,0,0,0,0,0,FALSE
The Hate U Give,2018,23000000,29719483,5348182,35067665,10,12067665,0.3441251363613745,0.5246810869565217,0.1525103539115022,2018 The Hate U Give,19.135,10/19/2018,en,8.2,636,"Crime,Drama",0,0,0,0,1,0,1,0,0,0,0,0,0,0,0,0,0,0,0,FALSE
Eddie the Eagle,2016,23000000,15789389,29271091,45060480,2,22060480,0.4895749002229892,0.959151304,0.6495956323589984,2016 Eddie the Eagle,11.483,2/26/2016,en,7.2,1190,"Comedy,Drama,History,Adventure",0,1,0,1,0,0,1,0,0,1,0,0,0,0,0,0,0,0,0,FALSE
Redemption,2013,23000000,36686,13556787,13593473,6,-9406527,-0.691988501,-0.408979435,0.9973012047767336,2013 Redemption,0.703,4/5/2013,en,5.5,2,Documentary,0,0,0,0,0,1,0,0,0,0,0,0,0,0,0,0,0,0,0,FALSE
Nocturnal Animals,2016,22500000,10663357,21735324,32398681,11,9898681,0.3055272836570106,0.4399413777777777,0.6708706443944431,2016 Nocturnal Animals,16.19,11/18/2016,en,7.4,4192,"Drama,Thriller",0,0,0,0,0,0,1,0,0,0,0,0,0,0,0,0,1,0,0,FALSE
The Water Diviner,2015,22500000,4200117,26854610,31054727,4,8554727,0.2754726196755811,0.3802100888888889,0.8647511214637308,2015 The Water Diviner,11.479,4/24/2015,en,6.8,682,"War,Drama",0,0,0,0,0,0,1,0,0,0,0,0,0,0,0,0,0,1,0,FALSE
Son of God,2014,22000000,59700064,11249729,70949793,2,48949793,0.6899215759516029,2.224990590909091,0.1585590108768886,2014 Son of God,8.289,2/28/2014,en,6.4,123,Drama,0,0,0,0,0,0,1,0,0,0,0,0,0,0,0,0,0,0,0,FALSE
The Hundred-Foot Journey,2014,22000000,54235441,40035047,94270488,8,72270488,0.7666289793683894,3.285022181818182,0.4246827172465682,2014 The Hundred-Foot Journey,8.26,8/8/2014,en,7.3,785,Drama,0,0,0,0,0,0,1,0,0,0,0,0,0,0,0,0,0,0,0,FALSE
Diary of a Wimpy Kid: Dog Days,2012,22000000,49008662,28221033,77229695,8,55229695,0.7151354799471887,2.510440681818182,0.3654168645881613,2012 Diary of a Wimpy Kid: Dog Days,11.36,8/3/2012,en,6.2,440,"Comedy,Family",0,0,0,1,0,0,0,1,0,0,0,0,0,0,0,0,0,0,0,FALSE
Derailed,2005,22000000,36020063,21500000,57520063,11,35520063,0.6175247582743434,1.614548318181818,0.3737826225955281,2005 Derailed,7.814,11/11/2005,en,6.2,500,"Drama,Thriller",0,0,0,0,0,0,1,0,0,0,0,0,0,0,0,0,1,0,0,FALSE
Delivery Man,2013,22000000,30659817,39877053,70536870,11,48536870,0.6881063761405914,2.2062213636363635,0.5653362985910773,2013 Delivery Man,7.962,11/22/2013,en,6.2,858,Comedy,0,0,0,1,0,0,0,0,0,0,0,0,0,0,0,0,0,0,0,FALSE
"Hail, Caesar!",2016,22000000,30080225,34080455,64160680,2,42160680,0.6571108660319684,1.9163945454545452,0.5311735318266577,"2016 Hail, Caesar!",12.312,2/5/2016,en,5.9,2328,"Comedy,Drama,Mystery",0,0,0,1,0,0,1,0,0,0,0,0,1,0,0,0,0,0,0,FALSE
Diary of a Wimpy Kid: The Long Haul,2017,22000000,20738724,14870853,35609577,5,13609577,0.3821886735694726,0.6186171363636364,0.4176082462310631,2017 Diary of a Wimpy Kid: The Long Haul,10.839,5/19/2017,en,5.6,193,"Comedy,Family",0,0,0,1,0,0,0,1,0,0,0,0,0,0,0,0,0,0,0,FALSE
Homefront,2013,22000000,20158492,31536870,51695362,11,29695362,0.574429907,1.3497891818181815,0.610052213,2013 Homefront,14.422,11/27/2013,en,6.5,1410,"Action,Thriller",1,0,0,0,0,0,0,0,0,0,0,0,0,0,0,0,1,0,0,FALSE
The Transporter Refueled,2015,22000000,16029670,53668825,69698495,9,47698495,0.6843547339149862,2.168113409090909,0.7700141157997744,2015 The Transporter Refueled,13.428,9/4/2015,en,5.4,836,"Thriller,Action,Crime,Mystery",1,0,0,0,1,0,0,0,0,0,0,0,1,0,0,0,1,0,0,FALSE
Hit & Run,2012,22000000,13749300,3467655,17216955,8,-4783045,-0.277810159,-0.217411136,0.2014093084404297,2012 Hit & Run,7.48,8/22/2012,en,5.7,312,"Action,Comedy,Romance",1,0,0,1,0,0,0,0,0,0,0,0,0,1,0,0,0,0,0,FALSE
"Roman J. Israel, Esq.",2017,22000000,11962712,1004300,12967012,11,-9032988,-0.696612913,-0.410590364,0.077450379,"2017 Roman J. Israel, Esq.",12.688,11/17/2017,en,6.2,499,Drama,0,0,0,0,0,0,1,0,0,0,0,0,0,0,0,0,0,0,0,FALSE
Out of the Furnace,2013,22000000,11330849,4103526,15434375,12,-6565625,-0.425389755,-0.2984375,0.2658692690828103,2013 Out of the Furnace,9.139,12/6/2013,en,6.6,1077,"Thriller,Drama,Crime",0,0,0,0,1,0,1,0,0,0,0,0,0,0,0,0,1,0,0,FALSE
Just Getting Started,2017,22000000,6069605,686807,6756412,12,-15243588,-2.256166143,-0.692890364,0.1016526227234218,2017 Just Getting Started,8.459,12/8/2017,en,4.9,94,"Action,Comedy",1,0,0,1,0,0,0,0,0,0,0,0,0,0,0,0,0,0,0,FALSE
Before I Go to Sleep,2014,22000000,3242457,16321122,19563579,10,-2436421,-0.124538613,-0.110746409,0.8342605409777015,2014 Before I Go to Sleep,16.07,10/31/2014,en,6.4,1098,"Mystery,Thriller",0,0,0,0,0,0,0,0,0,0,0,0,1,0,0,0,1,0,0,FALSE
Stone,2010,22000000,1810078,2254942,4065020,10,-17934980,-4.412027493,-0.815226364,0.5547185499702338,2010 Stone,8.401,10/22/2010,en,5.2,334,"Drama,Thriller",0,0,0,0,0,0,1,0,0,0,0,0,0,0,0,0,1,0,0,FALSE
To Rome with Love,2012,21500000,16684352,57641663,74326015,6,52826015,0.7107338527432151,2.457023953488372,0.7755247338364636,2012 To Rome with Love,9.563,6/22/2012,en,5.7,1097,"Romance,Comedy,Drama",0,0,0,1,0,0,1,0,0,0,0,0,0,1,0,0,0,0,0,FALSE
Silver Linings Playbook,2012,21000000,132092958,104319495,236412453,11,215412453,0.9111721919318692,10.257735857142857,0.4412605752202063,2012 Silver Linings Playbook,15.351,12/25/2012,en,7.1,7636,"Drama,Comedy,Romance",0,0,0,1,0,0,1,0,0,0,0,0,0,1,0,0,0,0,0,FALSE
Blockers,2018,21000000,60311495,33733833,94045328,4,73045328,0.7767034211417712,3.4783489523809523,0.3586975952702297,2018 Blockers,21.841,4/6/2018,en,6.1,969,Comedy,0,0,0,1,0,0,0,0,0,0,0,0,0,0,0,0,0,0,0,FALSE
Death at a Funeral,2010,21000000,42739347,6237886,48977233,4,27977233,0.5712293505841786,1.3322491904761904,0.1273629729143743,2010 Death at a Funeral,6.862,4/15/2010,en,5.7,439,Comedy,0,0,0,1,0,0,0,0,0,0,0,0,0,0,0,0,0,0,0,FALSE
For Colored Girls,2010,21000000,37729698,288175,38017873,11,17017873,0.4476282247562876,0.8103749047619048,0.007579987,2010 For Colored Girls,2.858,11/5/2010,en,6.8,33,Drama,0,0,0,0,0,0,1,0,0,0,0,0,0,0,0,0,0,0,0,FALSE
Kidnap,2017,21000000,30718107,4117973,34836080,8,13836080,0.3971767202279935,0.6588609523809524,0.1182099995177413,2017 Kidnap,10.959,8/4/2017,en,6,805,"Drama,Thriller",0,0,0,0,0,0,1,0,0,0,0,0,0,0,0,0,1,0,0,FALSE
Tinker Tailor Soldier Spy,2011,21000000,24149393,57303418,81452811,12,60452811,0.7421820101457272,2.8787052857142856,0.7035167638351978,2011 Tinker Tailor Soldier Spy,10.831,12/9/2011,en,6.7,1402,"Drama,Thriller,Mystery",0,0,0,0,0,0,1,0,0,0,0,0,1,0,0,0,1,0,0,FALSE
The Beaver,2011,21000000,970816,4075222,5046038,5,-15953962,-3.161680907,-0.759712476,0.8076082661287926,2011 The Beaver,7.357,5/5/2011,en,6.3,464,Drama,0,0,0,0,0,0,1,0,0,0,0,0,0,0,0,0,0,0,0,FALSE
Bitter Harvest,2017,21000000,557241,48921,606162,2,-20393838,-33.64420402,-0.971135143,0.080706148,2017 Bitter Harvest,5.489,2/24/2017,en,6.2,42,"War,Drama,History,Romance",0,0,0,0,0,0,1,0,0,1,0,0,0,1,0,0,0,1,0,FALSE
Close Encounters of the Third Kind,1977,20000000,169100479,171700000,340800479,11,320800479,0.941314636,16.04002395,0.5038138458719713,1977 Close Encounters of the Third Kind,13.044,11/16/1977,en,7.3,2005,"Science Fiction,Drama",0,0,0,0,0,0,1,0,0,0,0,0,0,0,1,0,0,0,0,FALSE
La La Land,2016,20000000,151101803,275249360,426351163,12,406351163,0.9530903120815458,20.31755815,0.6455930788677127,2016 La La Land,16.275,12/9/2016,en,7.9,10028,"Comedy,Drama,Romance",0,0,0,1,0,0,1,0,0,0,0,0,0,1,0,0,0,0,0,FALSE
The Conjuring,2013,20000000,137400141,180600000,318000141,7,298000141,0.9371069461255364,14.90000705,0.5679242764864058,2013 The Conjuring,18.886,7/19/2013,en,7.5,5912,"Horror,Thriller",0,0,0,0,0,0,0,0,0,0,1,0,0,0,0,0,1,0,0,FALSE
Wonder,2017,20000000,132422809,172181903,304604712,11,284604712,0.9343411338955256,14.2302356,0.5652634257345304,2017 Wonder,20.101,11/17/2017,en,8.2,3959,"Drama,Family",0,0,0,0,0,0,1,1,0,0,0,0,0,0,0,0,0,0,0,FALSE
Jackass 3D,2010,20000000,117229692,54456101,171685793,10,151685793,0.883508125,7.58428965,0.3171846665262512,2010 Jackass 3D,10.715,10/15/2010,en,6.3,655,"Comedy,Documentary,Action",1,0,0,1,0,1,0,0,0,0,0,0,0,0,0,0,0,0,0,FALSE
Bad Moms,2016,20000000,113257297,67741419,180998716,7,160998716,0.889501979,8.0499358,0.3742646384298107,2016 Bad Moms,14.332,7/29/2016,en,6.5,2600,Comedy,0,0,0,1,0,0,0,0,0,0,0,0,0,0,0,0,0,0,0,FALSE
Tammy,2014,20000000,84525432,11882223,96407655,7,76407655,0.7925475938606742,3.82038275,0.1232497875817019,2014 Tammy,10.979,7/3/2014,en,5.2,735,Comedy,0,0,0,1,0,0,0,0,0,0,0,0,0,0,0,0,0,0,0,FALSE
The Descendants,2011,20000000,82624961,92882839,175507800,11,155507800,0.8860449507087435,7.77539,0.5292234248278425,2011 The Descendants,10.444,11/18/2011,en,6.8,1522,"Comedy,Drama",0,0,0,1,0,0,1,0,0,0,0,0,0,0,0,0,0,0,0,FALSE
The Last Song,2010,20000000,62950384,29728564,92678948,3,72678948,0.7842012621895535,3.6339474,0.3207693294058538,2010 The Last Song,9.237,3/31/2010,en,7.2,2199,"Drama,Family,Romance",0,0,0,0,0,0,1,1,0,0,0,0,0,1,0,0,0,0,0,FALSE
Why Did I Get Married Too?,2010,20000000,60095852,735215,60831067,4,40831067,0.6712206281043862,2.04155335,0.012086176,2010 Why Did I Get Married Too?,6.636,4/2/2010,en,5.9,49,"Comedy,Romance",0,0,0,1,0,0,0,0,0,0,0,0,0,1,0,0,0,0,0,FALSE
12 Years a Slave,2013,20000000,56671993,124353350,181025343,10,161025343,0.8895182317096894,8.05126715,0.6869389000411947,2013 12 Years a Slave,16.493,10/30/2013,en,7.9,6631,"Drama,History",0,0,0,0,0,0,1,0,0,1,0,0,0,0,0,0,0,0,0,FALSE
Me Before You,2016,20000000,56245075,152020123,208265198,6,188265198,0.9039685929667424,9.4132599,0.7299353154529448,2016 Me Before You,16.917,6/3/2016,en,7.7,5939,"Drama,Romance",0,0,0,0,0,0,1,0,0,0,0,0,0,1,0,0,0,0,0,FALSE
Barbershop: The Next Cut,2016,20000000,54030051,374151,54404202,4,34404202,0.6323813370151078,1.7202101,0.006877245,2016 Barbershop: The Next Cut,12.846,4/15/2016,en,6,248,Comedy,0,0,0,1,0,0,0,0,0,0,0,0,0,0,0,0,0,0,0,FALSE
A Simple Favor,2018,20000000,53548586,44080131,97628717,9,77628717,0.7951422428300476,3.88143585,0.4515078386208844,2018 A Simple Favor,21.121,9/14/2018,en,6.6,1756,"Thriller,Crime,Mystery,Comedy,Drama",0,0,0,1,1,0,1,0,0,0,0,0,1,0,0,0,1,0,0,FALSE
Spotlight,2015,20000000,45055776,47032684,92088460,11,72088460,0.7828175213267764,3.604423,0.5107337444887231,2015 Spotlight,16.354,11/6/2015,en,7.8,4935,"Drama,Thriller,History",0,0,0,0,0,0,1,0,0,1,0,0,0,0,0,0,1,0,0,FALSE
Acrimony,2018,20000000,43549096,3078740,46627836,3,26627836,0.5710716662896387,1.3313918,0.066027941,2018 Acrimony,10.6,3/30/2018,en,6.6,186,"Drama,Thriller",0,0,0,0,0,0,1,0,0,0,0,0,0,0,0,0,1,0,0,FALSE
Max,2015,20000000,42656255,1001902,43658157,6,23658157,0.5418954583905133,1.18290785,0.022948793,2015 Max,7.766,6/26/2015,en,6.8,407,"Adventure,Drama,Family",0,1,0,0,0,0,1,1,0,0,0,0,0,0,0,0,0,0,0,FALSE
The Star,2017,20000000,40847995,21910015,62758010,11,42758010,0.6813155802741355,2.1379005,0.3491190208229993,2017 The Star,14.53,11/17/2017,en,5.4,233,"Comedy,Adventure,Family,Fantasy,Animation",0,1,1,1,0,0,0,1,1,0,0,0,0,0,0,0,0,0,0,FALSE
Nerve,2016,20000000,38583626,32068658,70652284,7,50652284,0.7169235179997862,2.5326142,0.4538941444554007,2016 Nerve,14.508,7/27/2016,en,7.1,4590,"Mystery,Adventure,Crime",0,1,0,0,1,0,0,0,0,0,0,0,1,0,0,0,0,0,0,FALSE
Risen,2016,20000000,36880033,9375730,46255763,2,26255763,0.5676214442727926,1.31278815,0.2026932298144125,2016 Risen,10.089,2/18/2016,en,5.8,433,"Drama,History",0,0,0,0,0,0,1,0,0,1,0,0,0,0,0,0,0,0,0,FALSE
Vampires Suck,2010,20000000,36661504,44763484,81424988,8,61424988,0.7543751556954482,3.0712494,0.5497511894014648,2010 Vampires Suck,8.992,8/18/2010,en,4.1,658,"Comedy,Horror",0,0,0,1,0,0,0,0,0,0,1,0,0,0,0,0,0,0,0,FALSE
The American,2010,20000000,35606376,32344347,67950723,9,47950723,0.705669063,2.39753615,0.4759970986622173,2010 The American,9.042,9/1/2010,en,5.8,690,"Crime,Drama,Thriller",0,0,0,0,1,0,1,0,0,0,0,0,0,0,0,0,1,0,0,FALSE
Texas Chainsaw 3D,2013,20000000,34341945,13324068,47666013,1,27666013,0.5804138265140825,1.38330065,0.2795297353693081,2013 Texas Chainsaw 3D,18.256,1/4/2013,en,5.3,780,"Horror,Thriller",0,0,0,0,0,0,0,0,0,0,1,0,0,0,0,0,1,0,0,FALSE
She's Out of My League,2010,20000000,32010860,16670117,48680977,3,28680977,0.5891619019889432,1.43404885,0.3424359580950892,2010 She's Out of My League,7.775,3/12/2010,en,6.1,970,"Comedy,Romance",0,0,0,1,0,0,0,0,0,0,0,0,0,1,0,0,0,0,0,FALSE
The Debt,2011,20000000,31177548,15426506,46604054,8,26604054,0.5708527846096823,1.3302027,0.3310121046551014,2011 The Debt,12.697,8/31/2011,en,6.6,403,"Drama,Thriller",0,0,0,0,0,0,1,0,0,0,0,0,0,0,0,0,1,0,0,FALSE
The World's End,2013,20000000,26004851,21503654,47508505,8,27508505,0.5790227455063046,1.37542525,0.4526274611251185,2013 The World's End,12.719,8/23/2013,en,6.7,2990,"Comedy,Action,Science Fiction",1,0,0,1,0,0,0,0,0,0,0,0,0,0,1,0,0,0,0,FALSE
From Dusk Till Dawn,1996,20000000,25728961,4025,25732986,1,5732986,0.2227874371050448,0.2866493,0.000156414,1996 From Dusk Till Dawn,16.064,1/19/1996,en,7,3015,"Horror,Action,Thriller,Crime",1,0,0,0,1,0,0,0,0,0,1,0,0,0,0,0,1,0,0,FALSE
You Again,2010,20000000,25702053,7136892,32838945,9,12838945,0.3909670362430949,0.64194725,0.2173301243386473,2010 You Again,10.208,9/24/2010,en,6.2,734,"Comedy,Romance",0,0,0,1,0,0,0,0,0,0,0,0,0,1,0,0,0,0,0,FALSE
On the Basis of Sex,2018,20000000,24622687,13450690,38073377,12,18073377,0.474698554,0.90366885,0.353283345,2018 On the Basis of Sex,32.624,12/25/2018,en,7.4,225,"Drama,History",0,0,0,0,0,0,1,0,0,1,0,0,0,0,0,0,0,0,0,FALSE
Endless Love,2014,20000000,23438250,11279923,34718173,2,14718173,0.4239328204280795,0.73590865,0.3248996714199217,2014 Endless Love,8.776,2/14/2014,en,6.8,990,"Drama,Romance",0,0,0,0,0,0,1,0,0,0,0,0,0,1,0,0,0,0,0,FALSE
Monte Carlo,2011,20000000,23186769,16500000,39686769,7,19686769,0.4960537099908536,0.98433845,0.4157556892575457,2011 Monte Carlo,11.017,7/1/2011,en,6.2,1193,"Adventure,Comedy,Romance",0,1,0,1,0,0,0,0,0,0,0,0,0,1,0,0,0,0,0,FALSE
Rough Night,2017,20000000,22105643,24738714,46844357,6,26844357,0.5730542314840611,1.34221785,0.5281044630413008,2017 Rough Night,14.338,6/16/2017,en,5.6,1096,"Drama,Comedy",0,0,0,1,0,0,1,0,0,0,0,0,0,0,0,0,0,0,0,FALSE
Secret in Their Eyes,2015,20000000,20180155,12427864,32608019,11,12608019,0.3866539393270103,0.63040095,0.3811290713489832,2015 Secret in Their Eyes,6.892,11/20/2015,en,6.3,696,"Crime,Drama,Mystery,Thriller",0,0,0,0,1,0,1,0,0,0,0,0,1,0,0,0,1,0,0,FALSE
Silent Hill: Revelation 3D,2012,20000000,17530219,38445453,55975672,10,35975672,0.6427019223637012,1.7987836,0.686824323,2012 Silent Hill: Revelation 3D,13.681,10/26/2012,en,5.2,786,"Thriller,Horror,Mystery",0,0,0,0,0,0,0,0,0,0,1,0,1,0,0,0,1,0,0,FALSE
Flatliners,2017,20000000,16883115,28290623,45173738,9,25173738,0.5572648869571077,1.2586869,0.6262626085979425,2017 Flatliners,9.844,9/29/2017,en,5.7,1249,"Drama,Science Fiction",0,0,0,0,0,0,1,0,0,0,0,0,0,0,1,0,0,0,0,FALSE
Lockout,2012,20000000,14326865,19616184,33943049,4,13943049,0.4107777412689119,0.69715245,0.5779146122082315,2012 Lockout,11.273,4/13/2012,en,5.9,1004,"Action,Thriller,Science Fiction",1,0,0,0,0,0,0,0,0,0,0,0,0,0,1,0,1,0,0,FALSE
What's Your Number?,2011,20000000,14011084,16152701,30163785,9,10163785,0.3369532371351937,0.50818925,0.5354998054786559,2011 What's Your Number?,10.391,9/30/2011,en,6.4,1271,"Comedy,Romance",0,0,0,1,0,0,0,0,0,0,0,0,0,1,0,0,0,0,0,FALSE
Burnt,2015,20000000,13651946,23121564,36773510,10,16773510,0.4561302415787886,0.8386755,0.6287559713500289,2015 Burnt,12.761,10/23/2015,en,6.4,1841,"Drama,Comedy",0,0,0,1,0,0,1,0,0,0,0,0,0,0,0,0,0,0,0,FALSE
Triple 9,2016,20000000,12639297,13304495,25943792,2,5943792,0.229102669,0.2971896,0.5128199840640104,2016 Triple 9,13.334,2/26/2016,en,5.8,1258,"Action,Thriller,Mystery",1,0,0,0,0,0,0,0,0,0,0,0,1,0,0,0,1,0,0,FALSE
The Light Between Oceans,2016,20000000,12545979,9735753,22281732,9,2281732,0.1024037090114897,0.1140866,0.4369387891390131,2016 The Light Between Oceans,29.887,9/2/2016,en,7.1,831,"Drama,Romance",0,0,0,0,0,0,1,0,0,0,0,0,0,1,0,0,0,0,0,FALSE
Let Me In,2010,20000000,12134935,16135464,28270399,10,8270399,0.2925462424495671,0.41351995,0.5707547318309869,2010 Let Me In,9.716,10/1/2010,en,6.7,1061,"Drama,Horror,Mystery",0,0,0,0,0,0,1,0,0,0,1,0,1,0,0,0,0,0,0,FALSE
Popstar: Never Stop Never Stopping,2016,20000000,9496130,40990,9537120,6,-10462880,-1.097069136,-0.523144,0.004297943,2016 Popstar: Never Stop Never Stopping,11.844,6/3/2016,en,6.6,675,"Comedy,Music",0,0,0,1,0,0,0,0,0,0,0,1,0,0,0,0,0,0,0,FALSE
Thank You for Your Service,2017,20000000,9479390,505926,9985316,10,-10014684,-1.002941119,-0.5007342,0.050666999,2017 Thank You for Your Service,8.208,10/27/2017,en,6.3,149,"Drama,War",0,0,0,0,0,0,1,0,0,0,0,0,0,0,0,0,0,1,0,FALSE
Battle of the Year,2013,20000000,8888355,7835022,16723377,9,-3276623,-0.195930702,-0.16383115,0.468507168,2013 Battle of the Year,5.858,9/21/2013,en,6.1,130,"Music,Drama",0,0,0,0,0,0,1,0,0,0,0,1,0,0,0,0,0,0,0,FALSE
Machete Kills,2013,20000000,8008161,10264848,18273009,10,-1726991,-0.094510488,-0.08634955,0.56174919,2013 Machete Kills,10.36,10/11/2013,en,5.5,1079,"Action,Crime,Thriller",1,0,0,0,1,0,0,0,0,0,0,0,0,0,0,0,1,0,0,FALSE
Little Boy,2015,20000000,6485961,11283338,17769299,4,-2230701,-0.125536804,-0.11153505,0.6349906093650627,2015 Little Boy,5.805,4/23/2015,en,7,292,"Comedy,Drama,War",0,0,0,1,0,0,1,0,0,0,0,0,0,0,0,0,0,1,0,FALSE
Chasing Mavericks,2012,20000000,6002756,2298065,8300821,10,-11699179,-1.409400227,-0.58495895,0.2768479166096944,2012 Chasing Mavericks,6.546,10/26/2012,en,7,329,Drama,0,0,0,0,0,0,1,0,0,0,0,0,0,0,0,0,0,0,0,FALSE
A Most Violent Year,2014,20000000,5749134,3097741,8846875,12,-11153125,-1.26068527,-0.55765625,0.3501508724832214,2014 A Most Violent Year,12.271,12/31/2014,en,6.6,792,"Crime,Drama,Thriller",0,0,0,0,1,0,1,0,0,0,0,0,0,0,0,0,1,0,0,FALSE
A Dangerous Method,2011,20000000,5702083,9105448,14807531,11,-5192469,-0.350664064,-0.25962345,0.6149200700643477,2011 A Dangerous Method,10.352,11/23/2011,en,6.3,1066,"Drama,Thriller",0,0,0,0,0,0,1,0,0,0,0,0,0,0,0,0,1,0,0,FALSE
Hands of Stone,2016,20000000,4712792,319183,5031975,8,-14968025,-2.974582545,-0.74840125,0.063430959,2016 Hands of Stone,8.17,8/26/2016,en,6.1,167,Drama,0,0,0,0,0,0,1,0,0,0,0,0,0,0,0,0,0,0,0,FALSE
The Cold Light of Day,2012,20000000,3763583,21597623,25361206,9,5361206,0.2113939691984679,0.2680603,0.8516007874388939,2012 The Cold Light of Day,8.974,9/6/2012,en,5.1,463,"Action,Thriller,Mystery",1,0,0,0,0,0,0,0,0,0,0,0,1,0,0,0,1,0,0,FALSE
Suspiria,2018,20000000,2483472,4551143,7034615,10,-12965385,-1.843083808,-0.64826925,0.6469640484944805,2018 Suspiria,16.925,10/26/2018,en,7,752,"Horror,Fantasy",0,0,0,0,0,0,0,0,1,0,1,0,0,0,0,0,0,0,0,FALSE
LBJ,2017,20000000,2468683,38498,2507181,11,-17492819,-6.977086616,-0.87464095,0.015355094,2017 LBJ,6.304,11/3/2017,en,6.6,65,Drama,0,0,0,0,0,0,1,0,0,0,0,0,0,0,0,0,0,0,0,FALSE
Dylan Dog: Dead of Night,2011,20000000,1186538,4907187,6093725,4,-13906275,-2.282064747,-0.69531375,0.8052852729652225,2011 Dylan Dog: Dead of Night,7.508,11/1/2011,en,4.4,243,"Action,Comedy,Horror,Mystery,Science Fiction,Thriller",1,0,0,1,0,0,0,0,0,0,1,0,1,0,1,0,1,0,0,FALSE
All Good Things,2010,20000000,582024,291593,873617,12,-19126383,-21.8933274,-0.95631915,0.3337767007739089,2010 All Good Things,7.871,12/3/2010,en,6,493,"Drama,Mystery,Thriller,Crime,Romance",0,0,0,0,1,0,1,0,0,0,0,0,1,1,0,0,1,0,0,FALSE
By the Sea,2015,20000000,538460,3189286,3727746,11,-16272254,-4.365172412,-0.8136127,0.8555534631383147,2015 By the Sea,6.471,11/13/2015,en,5.4,306,"Drama,Romance",0,0,0,0,0,0,1,0,0,0,0,0,0,1,0,0,0,0,0,FALSE
The Tempest,2010,20000000,277943,0,277943,12,-19722057,-70.95719986,-0.98610285,0,2010 The Tempest,6.3,12/10/2010,en,5.8,52,"Drama,Fantasy",0,0,0,0,0,0,1,0,1,0,0,0,0,0,0,0,0,0,0,FALSE
Zambezia,2012,20000000,0,34454336,34454336,12,14454336,0.4195215371441202,0.7227168,1,2012 Zambezia,7.931,7/7/2012,en,5.6,131,"Comedy,Animation,Adventure,Family",0,1,1,1,0,0,0,1,0,0,0,0,0,0,0,0,0,0,0,FALSE
Survivor,2015,20000000,0,1703281,1703281,5,-18296719,-10.74204374,-0.91483595,1,2015 Survivor,21.021,5/29/2015,en,5.5,581,"Action,Crime,Thriller",1,0,0,0,1,0,0,0,0,0,0,0,0,0,0,0,1,0,0,FALSE
Dwegons and Leprechauns,2014,20000000,0,0,0,8,,,,0,2014 Dwegons and Leprechauns,0.956,1/24/2014,en,0.8,2,Animation,0,0,1,0,0,0,0,0,0,0,0,0,0,0,0,0,0,0,0,TRUE
Fight Valley,2016,20000000,0,0,0,7,,,,0,2016 Fight Valley,2.199,7/22/2016,en,3.5,14,"Action,Drama",1,0,0,0,0,0,1,0,0,0,0,0,0,0,0,0,0,0,0,TRUE
Bird Box,2018,19800000,0,0,0,12,,,,0,2018 Bird Box,26.156,11/12/2018,en,7,4777,"Thriller,Drama",0,0,0,0,0,0,1,0,0,0,0,0,0,0,0,0,1,0,0,TRUE
The Shape of Water,2017,19500000,63859435,131931359,195790794,12,176290794,0.9004038974375884,9.040553538461538,0.6738384185724279,2017 The Shape of Water,22.025,12/1/2017,en,7.2,7224,"Drama,Fantasy,Romance",0,0,0,0,0,0,1,0,1,0,0,0,0,1,0,0,0,0,0,FALSE
The Frozen Ground,2013,19200000,0,5617460,5617460,8,-13582540,-2.417914858,-0.707423958,1,2013 The Frozen Ground,10.34,8/23/2013,en,6.3,762,"Thriller,Crime",0,0,0,0,1,0,0,0,0,0,0,0,0,0,0,0,1,0,0,FALSE
The Devil's Double,2011,19100000,1361512,4604134,5965646,7,-13134354,-2.201665,-0.687662513,0.7717745907149033,2011 The Devil's Double,7.505,7/29/2011,en,6.7,291,"Drama,Action,Thriller,Crime,War",1,0,0,0,1,0,1,0,0,0,0,0,0,0,0,0,1,1,0,FALSE
Bad Teacher,2011,19000000,100292856,115156141,215448997,6,196448997,0.9118120749478356,10.339420894736842,0.5344937437791831,2011 Bad Teacher,13.549,6/19/2011,en,5.5,2894,Comedy,0,0,0,1,0,0,0,0,0,0,0,0,0,0,0,0,0,0,0,FALSE
Sausage Party,2016,19000000,97670358,43673897,141344255,8,122344255,0.8655764254443875,6.439171315789474,0.3089895447112442,2016 Sausage Party,15.232,8/12/2016,en,5.6,4237,"Adventure,Animation,Comedy,Fantasy",0,1,1,1,0,0,0,0,1,0,0,0,0,0,0,0,0,0,0,FALSE
The Crazies,2010,19000000,39123589,17321945,56445534,2,37445534,0.6633923243599751,1.9708175789473683,0.3068789286323343,2010 The Crazies,12.246,2/26/2010,en,6.2,1036,"Mystery,Horror,Action",1,0,0,0,0,0,0,0,0,0,1,0,1,0,0,0,0,0,0,FALSE
The Switch,2010,19000000,27758465,22100000,49858465,8,30858465,0.6189212804686225,1.6241297368421053,0.4432547211391285,2010 The Switch,7.745,8/20/2010,en,6.1,1008,"Comedy,Romance,Drama",0,0,0,1,0,0,1,0,0,0,0,0,0,1,0,0,0,0,0,FALSE
Leap Year,2010,19000000,25918920,6700000,32618920,1,13618920,0.4175159692595586,0.7167852631578947,0.2054022634716293,2010 Leap Year,11.821,1/8/2010,en,6.7,990,"Romance,Comedy",0,0,0,1,0,0,0,0,0,0,0,0,0,1,0,0,0,0,0,FALSE
The Book Thief,2013,19000000,21488481,54598230,76086711,11,57086711,0.7502849084907875,3.004563736842105,0.7175790526679489,2013 The Book Thief,9.034,11/8/2013,en,7.5,2788,Drama,0,0,0,0,0,0,1,0,0,0,0,0,0,0,0,0,0,0,0,FALSE
Take Me Home Tonight,2011,19000000,6928068,648536,7576604,3,-11423396,-1.507719817,-0.601231368,0.085597188,2011 Take Me Home Tonight,11.321,3/4/2011,en,6.1,339,"Comedy,Drama,Romance",0,0,0,1,0,0,1,0,0,0,0,0,0,1,0,0,0,0,0,FALSE
Won't Back Down,2012,19000000,5310554,434949,5745503,9,-13254497,-2.306934136,-0.697605105,0.07570251,2012 Won't Back Down,6.14,9/28/2012,en,6.3,64,Drama,0,0,0,0,0,0,1,0,0,0,0,0,0,0,0,0,0,0,0,FALSE
Action Point,2018,19000000,5059608,44067,5103675,6,-13896325,-2.722807585,-0.731385526,0.008634366,2018 Action Point,12.84,6/1/2018,en,5.2,136,"Comedy,Drama",0,0,0,1,0,0,1,0,0,0,0,0,0,0,0,0,0,0,0,FALSE
Neighbors,2014,18000000,150086800,120857628,270944428,5,252944428,0.9335657125969756,14.052468222222222,0.4460605774110992,2014 Neighbors,14.979,5/9/2014,en,6.2,4536,Comedy,0,0,0,1,0,0,0,0,0,0,0,0,0,0,0,0,0,0,0,FALSE
Big,1988,18000000,114968774,36700000,151668774,6,133668774,0.8813203303140038,7.426043,0.24197466,1988 Big,15.031,6/3/1988,en,7,1813,"Fantasy,Drama,Comedy,Romance,Family",0,0,0,1,0,0,1,1,1,0,0,0,0,1,0,0,0,0,0,FALSE
My Big Fat Greek Wedding 2,2016,18000000,59689605,32406953,92096558,3,74096558,0.8045529562570622,4.116475444444444,0.3518801755870181,2016 My Big Fat Greek Wedding 2,6.714,3/25/2016,en,5.8,593,"Romance,Comedy,Family",0,0,0,1,0,0,0,1,0,0,0,0,0,1,0,0,0,0,0,FALSE
The Perfect Guy,2015,18000000,57027435,3250731,60278166,9,42278166,0.7013844117287842,2.348787,0.053928831,2015 The Perfect Guy,6.727,9/11/2015,en,5.7,211,"Drama,Thriller",0,0,0,0,0,0,1,0,0,0,0,0,0,0,0,0,1,0,0,FALSE
Diary of a Wimpy Kid: Rodrick Rules,2011,18000000,52698535,20996659,73695194,3,55695194,0.7557506938647858,3.0941774444444445,0.2849121884393167,2011 Diary of a Wimpy Kid: Rodrick Rules,8.961,3/25/2011,en,6.4,492,"Family,Comedy",0,0,0,1,0,0,0,1,0,0,0,0,0,0,0,0,0,0,0,FALSE
Soul Surfer,2011,18000000,43853424,3305228,47158652,4,29158652,0.6183097006250305,1.619925111111111,0.070087415,2011 Soul Surfer,8.459,4/8/2011,en,7,688,"Family,Action,Drama",1,0,0,0,0,0,1,1,0,0,0,0,0,0,0,0,0,0,0,FALSE
Uncle Drew,2018,18000000,42469946,4057215,46527161,6,28527161,0.6131292,1.5848422777777778,0.087201001,2018 Uncle Drew,10.836,6/29/2018,en,6.5,220,Comedy,0,0,0,1,0,0,0,0,0,0,0,0,0,0,0,0,0,0,0,FALSE
Blue Jasmine,2013,18000000,33404871,69508090,102912961,7,84912961,0.8250949168589173,4.717386722222222,0.6754065700237699,2013 Blue Jasmine,10.443,7/26/2013,en,7,1983,"Comedy,Drama",0,0,0,1,0,0,1,0,0,0,0,0,0,0,0,0,0,0,0,FALSE
Ricki and the Flash,2015,18000000,26839498,14326535,41166033,8,23166033,0.5627463059168223,1.2870018333333333,0.3480183528978855,2015 Ricki and the Flash,8.247,8/7/2015,en,5.8,473,"Comedy,Drama,Music",0,0,0,1,0,0,1,0,0,0,0,1,0,0,0,0,0,0,0,FALSE
Love the Coopers,2015,18000000,26302731,15924759,42227490,11,24227490,0.573737392,1.3459716666666666,0.3771182942675494,2015 Love the Coopers,8.261,11/13/2015,en,5.8,384,"Comedy,Family,Drama",0,0,0,1,0,0,1,1,0,0,0,0,0,0,0,0,0,0,0,FALSE
The Circle,2017,18000000,20497844,20154020,40651864,4,22651864,0.5572158757591041,1.2584368888888888,0.4957711164240833,2017 The Circle,10.932,4/28/2017,en,5.5,2689,"Drama,Thriller,Science Fiction",0,0,0,0,0,0,1,0,0,0,0,0,0,0,1,0,1,0,0,FALSE
127 Hours,2010,18000000,18335230,41881941,60217171,11,42217171,0.7010819389041043,2.345398388888889,0.6955149221473722,2010 127 Hours,11.435,11/5/2010,en,7,4469,"Adventure,Drama,Thriller",0,1,0,0,0,0,1,0,0,0,0,0,0,0,0,0,1,0,0,FALSE
Norm of the North,2016,18000000,17062499,13473161,30535660,1,12535660,0.4105252678343943,0.6964255555555555,0.4412271095499491,2016 Norm of the North,9.325,1/15/2016,en,4.2,192,"Adventure,Animation,Comedy,Family",0,1,1,1,0,0,0,1,0,0,0,0,0,0,0,0,0,0,0,FALSE
Jobs,2013,18000000,16131410,27271105,43402515,8,25402515,0.585277489,1.4112508333333331,0.6283300633615356,2013 Jobs,8.023,8/16/2013,en,6.1,1622,"Drama,History",0,0,0,0,0,0,1,0,0,1,0,0,0,0,0,0,0,0,0,FALSE
And So It Goes,2014,18000000,15160801,2759212,17920013,7,-79987,-0.004463557,-0.004443722,0.1539737722288482,2014 And So It Goes,8.235,7/25/2014,en,5.9,264,"Comedy,Drama,Romance",0,0,0,1,0,0,1,0,0,0,0,0,0,1,0,0,0,0,0,FALSE
Getaway,2013,18000000,10501938,1312051,11813989,8,-6186011,-0.523617467,-0.343667278,0.1110591012062056,2013 Getaway,10.793,8/29/2013,en,5.1,380,"Action,Crime",1,0,0,0,1,0,0,0,0,0,0,0,0,0,0,0,0,0,0,FALSE
Mao's Last Dancer,2010,18000000,4806750,21134687,25941437,8,7941437,0.3061294175800669,0.4411909444444444,0.8147076432196104,2010 Mao's Last Dancer,2.681,8/20/2010,en,7,45,"Drama,Romance",0,0,0,0,0,0,1,0,0,0,0,0,0,1,0,0,0,0,0,FALSE
The Railway Man,2014,18000000,4438438,19471772,23910210,4,5910210,0.247183525,0.328345,0.8143705973305965,2014 The Railway Man,9.582,4/11/2014,en,6.9,408,"Drama,History",0,0,0,0,0,0,1,0,0,1,0,0,0,0,0,0,0,0,0,FALSE
Midnight Special,2016,18000000,3712282,3967968,7680250,3,-10319750,-1.343673709,-0.573319444,0.5166456821067023,2016 Midnight Special,8.653,3/18/2016,en,6.3,1105,"Adventure,Drama,Science Fiction",0,1,0,0,0,0,1,0,0,0,0,0,0,0,1,0,0,0,0,FALSE
Miss Sloane,2016,18000000,3500605,4219025,7719630,11,-10280370,-1.331717971,-0.571131667,0.5465320229078336,2016 Miss Sloane,12.215,11/25/2016,en,7.4,912,"Drama,Thriller",0,0,0,0,0,0,1,0,0,0,0,0,0,0,0,0,1,0,0,FALSE
Phantom,2013,18000000,1034589,164921,1199510,3,-16800490,-14.0061275,-0.933360556,0.1374903085426549,2013 Phantom,7.211,3/1/2013,en,6,151,Thriller,0,0,0,0,0,0,0,0,0,0,0,0,0,0,0,0,1,0,0,FALSE
Carlos,2010,18000000,145526,1473627,1619153,10,-16380847,-10.11692348,-0.910047056,0.9101221441086792,2010 Carlos,6.568,10/11/2010,en,7,87,"Crime,Drama,Thriller,History",0,0,0,0,1,0,1,0,0,1,0,0,0,0,0,0,1,0,0,FALSE
I Am Wrath,2016,18000000,0,309608,309608,4,-17690392,-57.13803261,-0.982799556,1,2016 I Am Wrath,9.558,5/13/2016,en,4.9,296,"Action,Crime,Drama,Thriller",1,0,0,0,1,0,1,0,0,0,0,0,0,0,0,0,1,0,0,FALSE
Wolves,2014,18000000,0,94953,94953,11,-17905047,-188.5674702,-0.994724833,1,2014 Wolves,8.627,11/14/2014,en,5.8,151,"Horror,Action",1,0,0,0,0,0,0,0,0,0,1,0,0,0,0,0,0,0,0,FALSE
The Prince,2014,18000000,0,0,0,8,,,,0,2014 The Prince,12.324,8/22/2014,en,4.8,317,"Thriller,Action",1,0,0,0,0,0,0,0,0,0,0,0,0,0,0,0,1,0,0,TRUE
Forsaken,2016,18000000,0,0,0,2,,,,0,2016 Forsaken,9.472,2/19/2016,en,5.9,161,"Drama,Western",0,0,0,0,0,0,1,0,0,0,0,0,0,0,0,0,0,0,1,TRUE
Red Lights,2012,17700000,49521,14469363,14518884,7,-3181116,-0.219101964,-0.179724068,0.9965892006575712,2012 Red Lights,8.25,7/12/2012,en,6.1,615,Thriller,0,0,0,0,0,0,0,0,0,0,0,0,0,0,0,0,1,0,0,FALSE
Black Nativity,2013,17500000,7018188,266947,7285135,11,-10214865,-1.402151779,-0.583706571,0.036642698,2013 Black Nativity,1.779,11/27/2013,en,5.7,25,"Drama,Music",0,0,0,0,0,0,1,0,0,0,0,1,0,0,0,0,0,0,0,FALSE
A Quiet Place,2018,17000000,188024361,146497933,334522294,4,317522294,0.949181264,18.677782,0.4379317481303653,2018 A Quiet Place,29.154,4/6/2018,en,7.3,5848,"Drama,Horror,Thriller,Science Fiction",0,0,0,0,0,0,1,0,0,0,1,0,0,0,1,0,1,0,0,FALSE
The Best Man Holiday,2013,17000000,70525195,2310515,72835710,11,55835710,0.7665980052916351,3.2844535294117647,0.031722283,2013 The Best Man Holiday,8.581,11/15/2013,en,6.6,145,Comedy,0,0,0,1,0,0,0,0,0,0,0,0,0,0,0,0,0,0,0,FALSE
Pitch Perfect,2012,17000000,65001093,51043254,116044347,9,99044347,0.853504281,5.826138058823529,0.439859893,2012 Pitch Perfect,13.886,9/28/2012,en,7.3,4233,"Comedy,Music,Romance",0,0,0,1,0,0,0,0,0,0,0,1,0,1,0,0,0,0,0,FALSE
Evil Dead,2013,17000000,54239856,43538500,97778356,4,80778356,0.8261373917966058,4.751668,0.4452774804272634,2013 Evil Dead,13.089,4/5/2013,en,6.4,2664,Horror,0,0,0,0,0,0,0,0,0,0,1,0,0,0,0,0,0,0,0,FALSE
Saw 3D,2010,17000000,45710178,88025106,133735284,10,116735284,0.8728832100883713,6.8667814117647055,0.6582040533147557,2010 Saw 3D,20.37,10/28/2010,en,6,1488,"Horror,Crime",0,0,0,0,1,0,0,0,0,0,1,0,0,0,0,0,0,0,0,FALSE
"McFarland, USA",2015,17000000,44480275,1227649,45707924,2,28707924,0.628073242,1.688701411764706,0.02685856,"2015 McFarland, USA",8.197,2/20/2015,en,7.3,358,Drama,0,0,0,0,0,0,1,0,0,0,0,0,0,0,0,0,0,0,0,FALSE
Almost Christmas,2016,17000000,42065185,428321,42493506,11,25493506,0.5999388706594367,1.499618,0.010079681,2016 Almost Christmas,6.532,11/11/2016,en,5.6,245,"Comedy,Drama",0,0,0,1,0,0,1,0,0,0,0,0,0,0,0,0,0,0,0,FALSE
Beastly,2011,17000000,27865571,10162659,38028230,3,21028230,0.5529636798767652,1.236954705882353,0.2672398636486631,2011 Beastly,10.136,3/4/2011,en,6.1,1748,"Drama,Fantasy,Romance,Science Fiction",0,0,0,0,0,0,1,0,1,0,0,0,0,1,1,0,0,0,0,FALSE
Tron,1982,17000000,26918576,0,26918576,7,9918576,0.3684658504966979,0.5834456470588235,0,1982 Tron,12.063,7/9/1982,en,6.6,1100,"Science Fiction,Action,Adventure",1,1,0,0,0,0,0,0,0,0,0,0,0,0,1,0,0,0,0,FALSE
Lottery Ticket,2010,17000000,24719879,0,24719879,8,7719879,0.3122943684311723,0.4541105294117647,0,2010 Lottery Ticket,7.699,8/20/2010,en,5.7,92,Comedy,0,0,0,1,0,0,0,0,0,0,0,0,0,0,0,0,0,0,0,FALSE
The Apparition,2012,17000000,4936819,5700462,10637281,8,-6362719,-0.598152761,-0.374277588,0.5358946520262086,2012 The Apparition,7.714,8/24/2012,en,4.3,221,"Horror,Thriller",0,0,0,0,0,0,0,0,0,0,1,0,0,0,0,0,1,0,0,FALSE
L'illusionniste,2010,17000000,2231474,6378475,8609949,12,-8390051,-0.974460011,-0.493532412,0.7408261071000537,2010 L'illusionniste,8.404,12/25/2010,fr,7.4,280,"Animation,Drama",0,0,1,0,0,0,1,0,0,0,0,0,0,0,0,0,0,0,0,FALSE
Genius,2016,17000000,1361045,5904238,7265283,6,-9734717,-1.339895087,-0.572630412,0.8126645582835521,2016 Genius,9.417,6/10/2016,en,6.5,391,"Drama,History",0,0,0,0,0,0,1,0,0,1,0,0,0,0,0,0,0,0,0,FALSE
"Mune, le gardien de la lune",2017,17000000,0,14534046,14534046,9,-2465954,-0.169667414,-0.145056118,1,"2017 Mune, le gardien de la lune",9.43,8/12/2017,fr,7,241,"Animation,Family,Adventure,Fantasy,Comedy",0,1,1,1,0,0,0,1,1,0,0,0,0,0,0,0,0,0,0,FALSE
The Young Messiah,2016,16800000,6469813,843884,7313697,3,-9486303,-1.297059886,-0.564660893,0.1153840526890846,2016 The Young Messiah,5.531,3/11/2016,en,6.1,50,Drama,0,0,0,0,0,0,1,0,0,0,0,0,0,0,0,0,0,0,0,FALSE
Moonrise Kingdom,2012,16000000,45512466,23335980,68848446,5,52848446,0.7676055026717669,3.303027875,0.3389470838601063,2012 Moonrise Kingdom,14.086,5/25/2012,en,7.7,3023,"Comedy,Drama,Romance",0,0,0,1,0,0,1,0,0,0,0,0,0,1,0,0,0,0,0,FALSE
The Artist,2011,16000000,44667095,83589617,128256712,11,112256712,0.875250194,7.0160445,0.6517367839587218,2011 The Artist,10.155,10/14/2011,en,7.4,1787,"Drama,Comedy,Romance",0,0,0,1,0,0,1,0,0,0,0,0,0,1,0,0,0,0,0,FALSE
The Roommate,2011,16000000,37300107,15245600,52545707,2,36545707,0.6955031930581884,2.284106688,0.2901397824945052,2011 The Roommate,8.134,2/4/2011,en,5.4,406,"Thriller,Drama,Horror",0,0,0,0,0,0,1,0,0,0,1,0,0,0,0,0,1,0,0,FALSE
Remember Me,2010,16000000,19068240,37437880,56506120,3,40506120,0.7168448302590941,2.5316325,0.6625455791337292,2010 Remember Me,11.453,3/12/2010,en,7.1,2079,"Drama,Romance",0,0,0,0,0,0,1,0,0,0,0,0,0,1,0,0,0,0,0,FALSE
Left Behind,2014,16000000,14019924,6749285,20769209,10,4769209,0.2296288221665062,0.298075563,0.3249659146864957,2014 Left Behind,13.897,10/3/2014,en,4,713,"Thriller,Action,Science Fiction",1,0,0,0,0,0,0,0,0,0,0,0,0,0,1,0,1,0,0,FALSE
People Like Us,2012,16000000,12431792,185680,12617472,6,-3382528,-0.268082862,-0.211408,0.014716102,2012 People Like Us,9.078,6/29/2012,en,6.8,360,Drama,0,0,0,0,0,0,1,0,0,0,0,0,0,0,0,0,0,0,0,FALSE
Bleed for This,2016,16000000,5083906,1520020,6603926,11,-9396074,-1.422801225,-0.587254625,0.2301691448389942,2016 Bleed for This,8.258,11/4/2016,en,6.9,405,Drama,0,0,0,0,0,0,1,0,0,0,0,0,0,0,0,0,0,0,0,FALSE
The Homesman,2014,16000000,2429989,5787582,8217571,11,-7782429,-0.94704737,-0.486401813,0.7042935193380137,2014 The Homesman,8.232,8/29/2014,en,6.5,389,"Western,Drama",0,0,0,0,0,0,1,0,0,0,0,0,0,0,0,0,0,0,1,FALSE
Trance,2013,16000000,2322593,20271459,22594052,4,6594052,0.2918490229198375,0.41212825,0.8972033436056533,2013 Trance,9.571,4/5/2013,en,6.6,1348,"Thriller,Crime,Drama,Mystery",0,0,0,0,1,0,1,0,0,0,0,0,1,0,0,0,1,0,0,FALSE
Enter the Void,2010,16000000,337997,1129281,1467278,9,-14532722,-9.904545696,-0.908295125,0.7696435167705098,2010 Enter the Void,9.563,9/24/2010,en,7.3,773,"Fantasy,Drama",0,0,0,0,0,0,1,0,1,0,0,0,0,0,0,0,0,0,0,FALSE
Vamps,2012,16000000,3361,91451,94812,11,-15905188,-167.7550099,-0.99407425,0.9645509007298654,2012 Vamps,6.65,11/2/2012,en,5,145,"Comedy,Romance,Horror",0,0,0,1,0,0,0,0,0,0,1,0,0,1,0,0,0,0,0,FALSE
Second Act,2018,15700000,39282227,24006627,63288854,12,47588854,0.7519310430237842,3.031137197452229,0.379318403,2018 Second Act,16.322,12/21/2018,en,6.2,361,"Romance,Comedy",0,0,0,1,0,0,0,0,0,0,0,0,0,1,0,0,0,0,0,FALSE
Beverly Hills Cop,1984,15000000,234760478,81539522,316300000,12,301300000,0.9525766677205184,20.086666666666662,0.2577917230477395,1984 Beverly Hills Cop,15.067,11/30/1984,en,7.1,1827,"Action,Comedy,Crime",1,0,0,1,1,0,0,0,0,0,0,0,0,0,0,0,0,0,0,FALSE
Annabelle: Creation,2017,15000000,102092201,203292664,305384865,8,290384865,0.9508816522390524,19.358991,0.6656933178400967,2017 Annabelle: Creation,21.245,8/11/2017,en,6.5,3141,"Horror,Mystery,Thriller",0,0,0,0,0,0,0,0,0,0,1,0,1,0,0,0,1,0,0,FALSE
Jackass Presents: Bad Grandpa,2013,15000000,102003019,58900000,160903019,10,145903019,0.9067761432120798,9.726867933333333,0.3660590109872332,2013 Jackass Presents: Bad Grandpa,8.823,10/25/2013,en,6,928,Comedy,0,0,0,1,0,0,0,0,0,0,0,0,0,0,0,0,0,0,0,FALSE
The Imitation Game,2014,15000000,91125143,136615320,227740463,11,212740463,0.9341355514852008,14.182697533333334,0.5998728473648532,2014 The Imitation Game,33.078,12/19/2014,en,8.1,10396,"History,Drama,Thriller,War",0,0,0,0,0,0,1,0,0,1,0,0,0,0,0,0,1,1,0,FALSE
Mama,2013,15000000,71628180,76467386,148095566,1,133095566,0.8987140506286326,8.873037733333334,0.5163381191304539,2013 Mama,11.983,1/18/2013,en,6.1,2421,Horror,0,0,0,0,0,0,0,0,0,0,1,0,0,0,0,0,0,0,0,FALSE
Diary of a Wimpy Kid,2010,15000000,64003625,12950686,76954311,3,61954311,0.805079146,4.1302874,0.1682905847860817,2010 Diary of a Wimpy Kid,12.256,3/19/2010,en,6,736,"Comedy,Family",0,0,0,1,0,0,0,1,0,0,0,0,0,0,0,0,0,0,0,FALSE
The Woman in Black,2012,15000000,54333290,74622608,128955898,2,113955898,0.8836811636176579,7.597059866666667,0.5786676620250436,2012 The Woman in Black,12.781,2/3/2012,en,6.1,2122,"Drama,Horror,Thriller",0,0,0,0,0,0,1,0,0,0,1,0,0,0,0,0,1,0,0,FALSE
BlacKkKlansman,2018,15000000,49275340,43741995,93017335,8,78017335,0.8387397359857708,5.201155666666667,0.4702563774806061,2018 BlacKkKlansman,25.101,7/30/2018,en,7.6,3138,"Crime,Drama",0,0,0,0,1,0,1,0,0,0,0,0,0,0,0,0,0,0,0,FALSE
Snitch,2013,15000000,42930462,14977272,57907734,2,42907734,0.7409672428211402,2.8605156,0.2586402707451823,2013 Snitch,16.673,2/22/2013,en,5.9,1493,"Thriller,Drama",0,0,0,0,0,0,1,0,0,0,0,0,0,0,0,0,1,0,0,FALSE
Krampus,2015,15000000,42725475,19062918,61788393,12,46788393,0.7572359585399802,3.1192262,0.3085194010467306,2015 Krampus,9.417,12/4/2015,en,6,1046,"Horror,Comedy,Fantasy",0,0,0,1,0,0,0,0,1,0,1,0,0,0,0,0,0,0,0,FALSE
End of Watch,2012,15000000,41003371,16583235,57586606,9,42586606,0.7395227633314594,2.8391070666666667,0.2879703485216683,2012 End of Watch,13.152,9/21/2012,en,7.3,1770,"Crime,Drama,Thriller",0,0,0,0,1,0,1,0,0,0,0,0,0,0,0,0,1,0,0,FALSE
Wild,2014,15000000,37880356,14580187,52460543,12,37460543,0.7140708208071731,2.497369533333333,0.277926727,2014 Wild,10.098,12/5/2014,en,7,1454,Drama,0,0,0,0,0,0,1,0,0,0,0,0,0,0,0,0,0,0,0,FALSE
The Theory of Everything,2014,15000000,35893537,87434155,123327692,11,108327692,0.8783728150851959,7.221846133333333,0.7089580092036426,2014 The Theory of Everything,13.866,11/26/2014,en,7.9,6412,"Drama,Romance",0,0,0,0,0,0,1,0,0,0,0,0,0,1,0,0,0,0,0,FALSE
Drive,2011,15000000,35060689,46297241,81357930,9,66357930,0.8156295274474166,4.423862,0.5690562800700558,2011 Drive,15.875,9/16/2011,en,7.5,6737,"Drama,Action,Thriller,Crime",1,0,0,0,1,0,1,0,0,0,0,0,0,0,0,0,1,0,0,FALSE
The Favourite,2018,15000000,34366783,59747146,94113929,11,79113929,0.8406187037415046,5.274261933333333,0.6348385051483718,2018 The Favourite,28.651,11/23/2018,en,7.7,2096,"Drama,History,Comedy",0,0,0,1,0,0,1,0,0,1,0,0,0,0,0,0,0,0,0,FALSE
When the Game Stands Tall,2014,15000000,30127963,10949,30138912,8,15138912,0.5023045291084164,1.0092608,0.000363285,2014 When the Game Stands Tall,6.08,8/22/2014,en,6.6,185,Drama,0,0,0,0,0,0,1,0,0,0,0,0,0,0,0,0,0,0,0,FALSE
Home Again,2017,15000000,27020284,10316590,37336874,9,22336874,0.5982523871709239,1.4891249333333334,0.2763110270024212,2017 Home Again,10.478,9/8/2017,en,5.9,659,"Comedy,Drama,Romance",0,0,0,1,0,0,1,0,0,0,0,0,0,1,0,0,0,0,0,FALSE
Ramona and Beezus,2010,15000000,26167002,1302619,27469621,7,12469621,0.4539422294905343,0.8313080666666667,0.047420348,2010 Ramona and Beezus,7.442,7/23/2010,en,6.3,460,"Comedy,Family",0,0,0,1,0,0,0,1,0,0,0,0,0,0,0,0,0,0,0,FALSE
The November Man,2014,15000000,25018119,9802216,34820335,8,19820335,0.5692172404429768,1.3213556666666666,0.2815083772169337,2014 The November Man,17.747,8/27/2014,en,6.1,852,"Crime,Action,Thriller",1,0,0,0,1,0,0,0,0,0,0,0,0,0,0,0,1,0,0,FALSE
The Place Beyond the Pines,2013,15000000,21403519,25607930,47011449,3,32011449,0.6809287882192272,2.1340966,0.544716884,2013 The Place Beyond the Pines,12.96,3/27/2013,en,6.9,2781,"Drama,Crime",0,0,0,0,1,0,1,0,0,0,0,0,0,0,0,0,0,0,0,FALSE
Keanu,2016,15000000,20591853,96288,20688141,4,5688141,0.2749469369915837,0.3792094,0.004654261,2016 Keanu,8.952,4/29/2016,en,6,644,"Action,Comedy",1,0,0,1,0,0,0,0,0,0,0,0,0,0,0,0,0,0,0,FALSE
Country Strong,2010,15000000,20218921,383066,20601987,12,5601987,0.2719148885978814,0.3734658,0.018593643,2010 Country Strong,7.567,12/22/2010,en,6.3,126,"Drama,Romance,Music",0,0,0,0,0,0,1,0,0,0,0,1,0,1,0,0,0,0,0,FALSE
A Most Wanted Man,2014,15000000,17237855,18831035,36068890,7,21068890,0.5841291484157123,1.4045926666666666,0.5220852374442352,2014 A Most Wanted Man,10.267,7/25/2014,en,6.5,784,Thriller,0,0,0,0,0,0,0,0,0,0,0,0,0,0,0,0,1,0,0,FALSE
The Man with the Iron Fists,2012,15000000,15634090,6384898,22018988,11,7018988,0.3187697817901531,0.4679325333333333,0.2899723638525077,2012 The Man with the Iron Fists,15.457,11/2/2012,en,5.3,573,Action,1,0,0,0,0,0,0,0,0,0,0,0,0,0,0,0,0,0,0,FALSE
Killing Them Softly,2012,15000000,14945541,24292902,39238443,11,24238443,0.6177218346813609,1.6158962,0.6191097337883666,2012 Killing Them Softly,11.298,11/30/2012,en,6,1105,"Crime,Thriller",0,0,0,0,1,0,0,0,0,0,0,0,0,0,0,0,1,0,0,FALSE
One Day,2011,15000000,13843771,45324921,59168692,8,44168692,0.7464875512205001,2.9445794666666667,0.7660287808964916,2011 One Day,10.308,8/19/2011,en,7.2,2105,"Drama,Romance",0,0,0,0,0,0,1,0,0,0,0,0,0,1,0,0,0,0,0,FALSE
The Founder,2017,15000000,12786053,11617139,24403192,1,9403192,0.3853263130495387,0.6268794666666667,0.4760499773963996,2017 The Founder,12.349,1/20/2017,en,7,2093,"Drama,History",0,0,0,0,0,0,1,0,0,1,0,0,0,0,0,0,0,0,0,FALSE
Queen of Katwe,2016,15000000,8874389,1181092,10055481,9,-4944519,-0.491723767,-0.3296346,0.1174575338564112,2016 Queen of Katwe,7.564,9/23/2016,en,7.1,225,Drama,0,0,0,0,0,0,1,0,0,0,0,0,0,0,0,0,0,0,0,FALSE
Hotel Artemis,2018,15000000,6708137,6050662,12758799,6,-2241201,-0.175659245,-0.1494134,0.4742344479288372,2018 Hotel Artemis,14.585,6/8/2018,en,5.9,471,"Thriller,Science Fiction,Action",1,0,0,0,0,0,0,0,0,0,0,0,0,0,1,0,1,0,0,FALSE
Scouts Guide to the Zombie Apocalypse,2015,15000000,3703046,11851809,15554855,10,554855,0.035670856,0.036990333,0.7619363214893357,2015 Scouts Guide to the Zombie Apocalypse,10.451,10/30/2015,en,6.2,915,"Comedy,Horror",0,0,0,1,0,0,0,0,0,0,1,0,0,0,0,0,0,0,0,FALSE
You Will Meet a Tall Dark Stranger,2010,15000000,3247816,31000000,34247816,9,19247816,0.5620158669387852,1.2831877333333332,0.9051672083265104,2010 You Will Meet a Tall Dark Stranger,6.209,5/23/2010,en,5.8,431,"Comedy,Drama,Romance",0,0,0,1,0,0,1,0,0,0,0,0,0,1,0,0,0,0,0,FALSE
Rock the Kasbah,2015,15000000,3020665,365488,3386153,10,-11613847,-3.429805741,-0.774256467,0.107936056,2015 Rock the Kasbah,5.203,10/23/2015,en,5.5,154,"Comedy,Music,War",0,0,0,1,0,0,0,0,0,0,0,1,0,0,0,0,0,1,0,FALSE
Never Let Me Go,2010,15000000,2434652,8739066,11173718,9,-3826282,-0.342435884,-0.255085467,0.7821090526895345,2010 Never Let Me Go,10.012,9/15/2010,en,6.8,1294,"Drama,Romance,Science Fiction",0,0,0,0,0,0,1,0,0,0,0,0,0,1,1,0,0,0,0,FALSE
The Disappointments Room,2016,15000000,2423467,1080294,3503761,9,-11496239,-3.281113923,-0.766415933,0.3083241122896225,2016 The Disappointments Room,6.324,9/9/2016,en,4.4,272,"Drama,Horror,Thriller",0,0,0,0,0,0,1,0,0,0,1,0,0,0,0,0,1,0,0,FALSE
The Reluctant Fundamentalist,2013,15000000,528731,0,528731,4,-14471269,-27.36981376,-0.964751267,0,2013 The Reluctant Fundamentalist,7.46,3/17/2013,en,6.7,120,Thriller,0,0,0,0,0,0,0,0,0,0,0,0,0,0,0,0,1,0,0,FALSE
Centurion,2010,15000000,123570,7761478,7885048,8,-7114952,-0.902334647,-0.474330133,0.9843285671818358,2010 Centurion,13.548,2/15/2010,en,6.1,673,"Adventure,Action,Drama",1,1,0,0,0,0,1,0,0,0,0,0,0,0,0,0,0,0,0,FALSE
Winnie Mandela,2013,15000000,61847,0,61847,9,-14938153,-241.5339952,-0.995876867,0,2013 Winnie Mandela,1.88,9/6/2013,en,5.7,6,Drama,0,0,0,0,0,0,1,0,0,0,0,0,0,0,0,0,0,0,0,FALSE
The Son of No One,2011,15000000,30680,1117898,1148578,11,-13851422,-12.05962677,-0.923428133,0.9732887100397188,2011 The Son of No One,7.586,11/4/2011,en,5.1,156,"Drama,Thriller,Crime",0,0,0,0,1,0,1,0,0,0,0,0,0,0,0,0,1,0,0,FALSE
Khumba,2013,15000000,0,20898221,20898221,12,5898221,0.2822355548828773,0.3932147333333333,1,2013 Khumba,9.597,12/7/2013,en,5.6,129,"Animation,Adventure,Family",0,1,1,0,0,0,0,1,0,0,0,0,0,0,0,0,0,0,0,FALSE
In Dubious Battle,2017,15000000,0,214182,214182,2,-14785818,-69.03389641,-0.9857212,1,2017 In Dubious Battle,7.646,2/17/2017,en,5.9,67,Drama,0,0,0,0,0,0,1,0,0,0,0,0,0,0,0,0,0,0,0,FALSE
Broken Horses,2015,15000000,0,3471,3471,9,-14996529,-4320.521175,-0.9997686,1,2015 Broken Horses,5.481,4/10/2015,en,5.4,17,"Thriller,Mystery,Drama,Crime",0,0,0,0,1,0,1,0,0,0,0,0,1,0,0,0,1,0,0,FALSE
Magic Mike XXL,2015,14500000,66013057,57647540,123660597,7,109160597,0.8827435710988845,7.528317034482758,0.4661754948506354,2015 Magic Mike XXL,8.681,7/1/2015,en,6.2,1110,"Comedy,Drama",0,0,0,1,0,0,1,0,0,0,0,0,0,0,0,0,0,0,0,FALSE
Elle s'appelait Sarah,2011,14500000,7691700,17788331,25480031,7,10980031,0.4309269089978736,0.7572435172413793,0.698128311,2011 Elle s'appelait Sarah,7.132,7/22/2011,fr,7.3,408,"Drama,War",0,0,0,0,0,0,1,0,0,0,0,0,0,0,0,0,0,1,0,FALSE
The Possession,2012,14000000,49130588,33794476,82925064,8,68925064,0.8311728767553318,4.9232188571428575,0.4075302974743559,2012 The Possession,8.978,8/31/2012,en,5.9,918,"Horror,Thriller",0,0,0,0,0,0,0,0,0,0,1,0,0,0,0,0,1,0,0,FALSE
Our Family Wedding,2010,14000000,20255281,1155265,21410546,3,7410546,0.3461166286931683,0.5293247142857143,0.053957755,2010 Our Family Wedding,5.025,3/12/2010,en,5.5,57,Comedy,0,0,0,1,0,0,0,0,0,0,0,0,0,0,0,0,0,0,0,FALSE
Hot Tub Time Machine 2,2015,14000000,12314651,511993,12826644,2,-1173356,-0.09147802,-0.083811143,0.039916365,2015 Hot Tub Time Machine 2,8.053,2/20/2015,en,5.1,512,Comedy,0,0,0,1,0,0,0,0,0,0,0,0,0,0,0,0,0,0,0,FALSE
Fun Size,2012,14000000,9409538,1757077,11166615,10,-2833385,-0.253737144,-0.202384643,0.1573509071459883,2012 Fun Size,7.072,10/26/2012,en,5.5,249,Comedy,0,0,0,1,0,0,0,0,0,0,0,0,0,0,0,0,0,0,0,FALSE
Suffragette,2015,14000000,4702420,29342489,34044909,10,20044909,0.5887784573017951,1.4317792142857142,0.8618759709417934,2015 Suffragette,7.763,10/23/2015,en,7.3,982,"Drama,History",0,0,0,0,0,0,1,0,0,1,0,0,0,0,0,0,0,0,0,FALSE
Mr. Turner,2014,14000000,3958546,21228480,25187026,12,11187026,0.4441582741844948,0.7990732857142857,0.8428339256885669,2014 Mr. Turner,7.884,12/19/2014,en,6.5,301,"History,Drama",0,0,0,0,0,0,1,0,0,1,0,0,0,0,0,0,0,0,0,FALSE
Flipped,2010,14000000,1755212,2534781,4289993,8,-9710007,-2.263408588,-0.693571929,0.5908590060636463,2010 Flipped,9.781,8/6/2010,en,7.4,859,"Romance,Drama",0,0,0,0,0,0,1,0,0,0,0,0,0,1,0,0,0,0,0,FALSE
Margaret,2011,14000000,47185,576107,623292,9,-13376708,-21.46138247,-0.955479143,0.9242971191672604,2011 Margaret,8.747,9/30/2011,en,6.3,138,Drama,0,0,0,0,0,0,1,0,0,0,0,0,0,0,0,0,0,0,0,FALSE
Seven Psychopaths,2012,13500000,15024049,18011687,33035736,10,19535736,0.5913516199548271,1.4470915555555557,0.5452182751430148,2012 Seven Psychopaths,10.967,10/12/2012,en,6.8,2109,"Comedy,Crime",0,0,0,1,1,0,0,0,0,0,0,0,0,0,0,0,0,0,0,FALSE
The Last Godfather,2011,13400000,164247,0,164247,4,-13235753,-80.58444294,-0.987742761,0,2011 The Last Godfather,1.4,4/11/2011,ko,4.9,9,"Action,Comedy,Thriller",1,0,0,1,0,0,0,0,0,0,0,0,0,0,0,0,1,0,0,FALSE
Under the Skin,2014,13300000,2614251,4615682,7229933,4,-6070067,-0.839574447,-0.456396015,0.638412832,2014 Under the Skin,9.527,4/4/2014,en,6.1,1781,"Thriller,Science Fiction,Drama",0,0,0,0,0,0,1,0,0,0,0,0,0,0,1,0,1,0,0,FALSE
No Good Deed,2014,13200000,52543632,1779578,54323210,9,41123210,0.7570099410546616,3.115394696969697,0.032759073,2014 No Good Deed,14.519,9/12/2014,en,5.8,286,"Crime,Thriller",0,0,0,0,1,0,0,0,0,0,0,0,0,0,0,0,1,0,0,FALSE
Black Swan,2010,13000000,106954678,224312032,331266710,12,318266710,0.9607566966206776,24.482054615384616,0.6771342402621743,2010 Black Swan,13.745,12/3/2010,en,7.6,8374,"Drama,Thriller",0,0,0,0,0,0,1,0,0,0,0,0,0,0,0,0,1,0,0,FALSE
Justin Bieber: Never Say Never,2011,13000000,73013910,26020215,99034125,2,86034125,0.8687321163285887,6.618009615384615,0.2627398889019315,2011 Justin Bieber: Never Say Never,8.602,2/11/2011,en,5.1,240,"Documentary,Music,Family",0,0,0,0,0,1,0,1,0,0,0,1,0,0,0,0,0,0,0,FALSE
The First Purge,2018,13000000,69488745,67128560,136617305,7,123617305,0.9048436799423032,9.509023461538462,0.4913620569517163,2018 The First Purge,28.44,7/4/2018,en,5.8,1846,"Action,Science Fiction,Thriller,Horror",1,0,0,0,0,0,0,0,0,0,1,0,0,0,1,0,1,0,0,FALSE
Miracles from Heaven,2016,13000000,61705123,12093613,73798736,3,60798736,0.8238452214140903,4.676825846153847,0.1638729015629753,2016 Miracles from Heaven,10.078,3/18/2016,en,7.1,478,Drama,0,0,0,0,0,0,1,0,0,0,0,0,0,0,0,0,0,0,0,FALSE
The Shallows,2016,13000000,55121623,63641819,118763442,6,105763442,0.8905387063470256,8.135649384615384,0.5358704490898807,2016 The Shallows,14.091,6/24/2016,en,6.3,3037,"Horror,Drama,Thriller",0,0,0,0,0,0,1,0,0,0,1,0,0,0,0,0,1,0,0,FALSE
About Last Night,2014,13000000,48637684,1808176,50445860,2,37445860,0.7422979804487425,2.880450769230769,0.035843893,2014 About Last Night,8.465,2/14/2014,en,6,312,"Comedy,Romance",0,0,0,1,0,0,0,0,0,0,0,0,0,1,0,0,0,0,0,FALSE
St. Vincent,2014,13000000,44137712,10699522,54837234,10,41837234,0.7629347971854307,3.2182487692307693,0.1951141809960728,2014 St. Vincent,16.379,10/31/2014,en,7.1,1069,Comedy,0,0,0,1,0,0,0,0,0,0,0,0,0,0,0,0,0,0,0,FALSE
Earth to Echo,2014,13000000,38934842,3239703,42174545,7,29174545,0.6917571961950034,2.244195769230769,0.076816549,2014 Earth to Echo,7.189,7/2/2014,en,5.7,377,"Family,Adventure,Science Fiction",0,1,0,0,0,0,0,1,0,0,0,0,0,0,1,0,0,0,0,FALSE
Ex Machina,2015,13000000,25440971,12917421,38358392,4,25358392,0.6610911114313656,1.9506455384615384,0.336756061,2015 Ex Machina,18.485,4/10/2015,en,7.6,8026,"Drama,Science Fiction",0,0,0,0,0,0,1,0,0,0,0,0,0,0,1,0,0,0,0,FALSE
Eye in the Sky,2016,13000000,18704596,16698206,35402802,3,22402802,0.6327974265991715,1.7232924615384615,0.4716634011059351,2016 Eye in the Sky,10.219,3/11/2016,en,7.1,850,"Drama,Thriller,War",0,0,0,0,0,0,1,0,0,0,0,0,0,0,0,0,1,1,0,FALSE
Admission,2013,13000000,18007317,726349,18733666,3,5733666,0.3060621450174248,0.4410512307692307,0.03877239,2013 Admission,8.065,3/22/2013,en,5.5,385,"Comedy,Drama,Romance",0,0,0,1,0,0,1,0,0,0,0,0,0,1,0,0,0,0,0,FALSE
The Perks of Being a Wallflower,2012,13000000,17742948,15326355,33069303,9,20069303,0.6068861808185071,1.5437925384615383,0.4634616883216438,2012 The Perks of Being a Wallflower,15.148,9/21/2012,en,7.8,5938,Drama,0,0,0,0,0,0,1,0,0,0,0,0,0,0,0,0,0,0,0,FALSE
Room,2015,13000000,14677674,21585109,36262783,10,23262783,0.6415057277870814,1.789444846153846,0.5952413801224247,2015 Room,20,10/16/2015,en,8.1,5494,"Drama,Thriller",0,0,0,0,0,0,1,0,0,0,0,0,0,0,0,0,1,0,0,FALSE
Woodlawn,2015,13000000,14394097,9606,14403703,10,1403703,0.097454314,0.1079771538461538,0.000666912,2015 Woodlawn,5.575,10/16/2015,en,7,79,Drama,0,0,0,0,0,0,1,0,0,0,0,0,0,0,0,0,0,0,0,FALSE
Chloe,2010,13000000,3075255,8755876,11831131,3,-1168869,-0.098796049,-0.089913,0.7400709196779243,2010 Chloe,8.807,3/26/2010,en,5.9,940,"Drama,Thriller,Mystery",0,0,0,0,0,0,1,0,0,0,0,0,1,0,0,0,1,0,0,FALSE
Youth,2015,13000000,2703296,21298277,24001573,12,11001573,0.458368833,0.8462748461538462,0.8873700486213966,2015 Youth,9.265,12/4/2015,it,6.9,1098,"Comedy,Drama",0,0,0,1,0,0,1,0,0,0,0,0,0,0,0,0,0,0,0,FALSE
The Vatican Tapes,2015,13000000,1784763,13144421,14929184,7,1929184,0.1292223339199248,0.1483987692307692,0.8804514031041483,2015 The Vatican Tapes,7.841,7/24/2015,en,4.6,365,"Thriller,Horror",0,0,0,0,0,0,0,0,0,0,1,0,0,0,0,0,1,0,0,FALSE
Attack the Block,2011,13000000,1024175,5435008,6459183,7,-6540817,-1.01263844,-0.503139769,0.8414389250157489,2011 Attack the Block,9.612,7/29/2011,en,6.4,1144,"Action,Comedy,Science Fiction",1,0,0,1,0,0,0,0,0,0,0,0,0,0,1,0,0,0,0,FALSE
The Killer Inside Me,2010,13000000,217277,3400000,3617277,6,-9382723,-2.593863561,-0.721747923,0.9399335466982484,2010 The Killer Inside Me,7.087,4/27/2010,en,5.9,304,"Crime,Drama,Thriller",0,0,0,0,1,0,1,0,0,0,0,0,0,0,0,0,1,0,0,FALSE
The Call,2013,12800000,51872378,17949098,69821476,3,57021476,0.8166753163453606,4.454802813,0.2570713056825094,2013 The Call,11.315,3/14/2013,en,6.7,1779,"Crime,Thriller",0,0,0,0,1,0,0,0,0,0,0,0,0,0,0,0,1,0,0,FALSE
The Drop,2014,12600000,10724389,8330145,19054534,9,6454534,0.3387400605021356,0.5122646031746032,0.4371739030720982,2014 The Drop,14.795,9/12/2014,en,6.7,1215,"Drama,Crime",0,0,0,0,1,0,1,0,0,0,0,0,0,0,0,0,0,0,0,FALSE
Machete,2010,12500000,26593646,19777324,46370970,9,33870970,0.7304347957353491,2.7096776,0.4265022707094546,2010 Machete,12.557,9/3/2010,en,6.3,1862,"Action,Comedy,Thriller",1,0,0,1,0,0,0,0,0,0,0,0,0,0,0,0,1,0,0,FALSE
Conviction,2010,12500000,6797696,5029284,11826980,10,-673020,-0.056905482,-0.0538416,0.4252382264956904,2010 Conviction,7.51,10/15/2010,en,7.2,297,Drama,0,0,0,0,0,0,1,0,0,0,0,0,0,0,0,0,0,0,0,FALSE
Casino Jack,2010,12500000,2039869,232317,2272186,12,-10227814,-4.501310192,-0.81822512,0.1022438303906458,2010 Casino Jack,9.432,12/17/2010,en,6.1,149,"Crime,Comedy,Drama",0,0,0,1,1,0,1,0,0,0,0,0,0,0,0,0,0,0,0,FALSE
The Perfect Game,2010,12500000,1089445,2841922,3931367,4,-8568633,-2.17955561,-0.68549064,0.7228839230730685,2010 The Perfect Game,4.958,4/16/2010,en,6.3,44,"Drama,Family",0,0,0,0,0,0,1,1,0,0,0,0,0,0,0,0,0,0,0,FALSE
The Paperboy,2012,12500000,677200,3350463,4027663,10,-8472337,-2.103536716,-0.67778696,0.831862795,2012 The Paperboy,8.143,10/5/2012,en,5.5,409,"Thriller,Drama,Mystery",0,0,0,0,0,0,1,0,0,0,0,0,1,0,0,0,1,0,0,FALSE
The Fault in Our Stars,2014,12000000,124872350,182294484,307166834,6,295166834,0.9609332822696608,24.597236166666665,0.593470596,2014 The Fault in Our Stars,16.03,5/16/2014,en,7.6,7236,"Romance,Drama",0,0,0,0,0,0,1,0,0,0,0,0,0,1,0,0,0,0,0,FALSE
American Pie,1999,12000000,101800948,132922200,234723148,7,222723148,0.9488759412855182,18.56026233333333,0.5662935297715077,1999 American Pie,24.491,7/9/1999,en,6.4,4316,"Comedy,Romance",0,0,0,1,0,0,0,0,0,0,0,0,0,1,0,0,0,0,0,FALSE
Think Like a Man,2012,12000000,91547205,21826559,113373764,4,101373764,0.8941554061837446,8.447813666666667,0.1925186059801278,2012 Think Like a Man,5.905,4/20/2012,en,6.9,438,"Comedy,Romance",0,0,0,1,0,0,0,0,0,0,0,0,0,1,0,0,0,0,0,FALSE
Heaven is for Real,2014,12000000,91386097,9530202,100916299,4,88916299,0.8810895750348514,7.409691583333333,0.094436697,2014 Heaven is for Real,9.718,4/16/2014,en,6.2,363,Drama,0,0,0,0,0,0,1,0,0,0,0,0,0,0,0,0,0,0,0,FALSE
Act of Valor,2012,12000000,70012847,12484188,82497035,2,70497035,0.8545402268093635,5.874752916666667,0.1513289295791055,2012 Act of Valor,12.197,2/24/2012,en,6.3,583,"Action,Thriller,War",1,0,0,0,0,0,0,0,0,0,0,0,0,0,0,0,1,1,0,FALSE
Chronicle,2012,12000000,64575175,59106615,123681790,2,111681790,0.9029768246400705,9.306815833333332,0.477892623,2012 Chronicle,12.556,2/2/2012,en,6.7,3084,"Science Fiction,Drama,Thriller",0,0,0,0,0,0,1,0,0,0,0,0,0,0,1,0,1,0,0,FALSE
Project X,2012,12000000,54731865,48296323,103028188,3,91028188,0.883527021,7.585682333333334,0.4687680520985189,2012 Project X,9.715,3/2/2012,en,6.4,2968,"Comedy,Crime",0,0,0,1,1,0,0,0,0,0,0,0,0,0,0,0,0,0,0,FALSE
"Three Billboards Outside Ebbing, Missouri",2017,12000000,54513740,105678175,160191915,11,148191915,0.9250898523811268,12.34932625,0.6596973074452602,"2017 Three Billboards Outside Ebbing, Missouri",17.808,11/10/2017,en,8.2,5432,"Crime,Drama",0,0,0,0,1,0,1,0,0,0,0,0,0,0,0,0,0,0,0,FALSE
Lion,2016,12000000,51739495,97831225,149570720,11,137570720,0.919770394,11.464226666666669,0.6540800565779185,2016 Lion,17.216,11/25/2016,en,8.1,3833,Drama,0,0,0,0,0,0,1,0,0,0,0,0,0,0,0,0,0,0,0,FALSE
Overboard,2018,12000000,50316123,35053707,85369830,5,73369830,0.8594351189407312,6.1141525,0.4106100129284549,2018 Overboard,19.477,5/4/2018,en,6.3,535,"Romance,Comedy",0,0,0,1,0,0,0,0,0,0,0,0,0,1,0,0,0,0,0,FALSE
Philomena,2013,12000000,37709979,61253413,98963392,11,86963392,0.8787430406589135,7.246949333333333,0.6189502174703146,2013 Philomena,8.978,11/27/2013,en,7.4,945,Drama,0,0,0,0,0,0,1,0,0,0,0,0,0,0,0,0,0,0,0,FALSE
Paper Towns,2015,12000000,32000304,53450180,85450484,7,73450484,0.8595677936710107,6.120873666666666,0.6255105588401348,2015 Paper Towns,11.564,7/24/2015,en,6,3587,"Drama,Mystery,Romance",0,0,0,0,0,0,1,0,0,0,0,0,1,1,0,0,0,0,0,FALSE
Hell or High Water,2016,12000000,27007844,10576460,37584304,8,25584304,0.68071778,2.132025333333333,0.2814063019498778,2016 Hell or High Water,15.749,8/12/2016,en,7.3,2468,"Crime,Drama,Thriller,Western",0,0,0,0,1,0,1,0,0,0,0,0,0,0,0,0,1,0,1,FALSE
Katy Perry: Part of Me,2012,12000000,25326071,7374368,32700439,7,20700439,0.6330324495032008,1.7250365833333334,0.2255128134518316,2012 Katy Perry: Part of Me,7.139,7/5/2012,en,6.8,147,"Documentary,Music",0,0,0,0,0,1,0,0,0,0,0,1,0,0,0,0,0,0,0,FALSE
Top Five,2014,12000000,25317379,684362,26001741,12,14001741,0.5384924417176526,1.16681175,0.026319853,2014 Top Five,6.322,12/12/2014,en,6.3,281,"Drama,Comedy",0,0,0,1,0,0,1,0,0,0,0,0,0,0,0,0,0,0,0,FALSE
Project Almanac,2015,12000000,22348241,10561196,32909437,1,20909437,0.6353629507548245,1.7424530833333334,0.3209169454949958,2015 Project Almanac,9.55,1/30/2015,en,6.5,1449,"Science Fiction,Thriller",0,0,0,0,0,0,0,0,0,0,0,0,0,0,1,0,1,0,0,FALSE
Just Wright,2010,12000000,21540363,327302,21867665,5,9867665,0.4512445658921517,0.8223054166666667,0.014967396,2010 Just Wright,7.047,5/14/2010,en,6.2,211,"Comedy,Drama,Romance",0,0,0,1,0,0,1,0,0,0,0,0,0,1,0,0,0,0,0,FALSE
Nebraska,2013,12000000,17654912,7106448,24761360,11,12761360,0.5153739536115949,1.0634466666666669,0.2869974831753991,2013 Nebraska,9.521,11/15/2013,en,7.4,967,"Drama,Adventure",0,1,0,0,0,0,1,0,0,0,0,0,0,0,0,0,0,0,0,FALSE
Young Adult,2011,12000000,16311571,6438785,22750356,12,10750356,0.4725357264739066,0.895863,0.2830190877013089,2011 Young Adult,8.335,12/16/2011,en,5.7,603,"Comedy,Drama",0,0,0,1,0,0,1,0,0,0,0,0,0,0,0,0,0,0,0,FALSE
About Time,2013,12000000,15323921,73985257,89309178,11,77309178,0.8656353101805505,6.4424315,0.8284171756681044,2013 About Time,14.133,11/8/2013,en,7.9,3981,"Comedy,Drama,Science Fiction",0,0,0,1,0,0,1,0,0,0,0,0,0,0,1,0,0,0,0,FALSE
If Beale Street Could Talk,2018,12000000,14915773,4943394,19859167,12,7859167,0.3957450481180807,0.6549305833333333,0.2489225253002807,2018 If Beale Street Could Talk,13.579,12/14/2018,en,7.2,388,"Drama,Romance,Crime",0,0,0,0,1,0,1,0,0,0,0,0,0,1,0,0,0,0,0,FALSE
Wish Upon,2017,12000000,14301505,9175840,23477345,7,11477345,0.4888689500452457,0.9564454166666668,0.3908380611180693,2017 Wish Upon,10.219,7/14/2017,en,5.4,690,"Thriller,Horror,Fantasy",0,0,0,0,0,0,0,0,1,0,1,0,0,0,0,0,1,0,0,FALSE
Das Boot,1982,12000000,11487676,73482661,84970337,2,72970337,0.8587742449462099,6.080861416666667,0.8648036902572247,1982 Das Boot,16.554,2/10/1982,de,8.1,981,"Drama,History,War",0,0,0,0,0,0,1,0,0,1,0,0,0,0,0,0,0,1,0,FALSE
Unforgettable,2017,12000000,11368012,4853199,16221211,4,4221211,0.2602278584502723,0.3517675833333333,0.2991884514664164,2017 Unforgettable,8.323,4/21/2017,en,5.5,310,"Drama,Thriller",0,0,0,0,0,0,1,0,0,0,0,0,0,0,0,0,1,0,0,FALSE
Marshall,2017,12000000,10051659,65157,10116816,10,-1883184,-0.186143941,-0.156932,0.006440465,2017 Marshall,7.879,10/13/2017,en,7.3,257,Drama,0,0,0,0,0,0,1,0,0,0,0,0,0,0,0,0,0,0,0,FALSE
Arbitrage,2012,12000000,7919574,27911139,35830713,9,23830713,0.665091789,1.98589275,0.7789724697914887,2012 Arbitrage,12.14,9/14/2012,en,6.2,459,"Drama,Thriller",0,0,0,0,0,0,1,0,0,0,0,0,0,0,0,0,1,0,0,FALSE
For Greater Glory: The True Story of Cristiada,2012,12000000,5669081,4357174,10026255,6,-1973745,-0.19685765,-0.16447875,0.4345764196103131,2012 For Greater Glory: The True Story of Cristiada,4.519,6/1/2012,en,6.6,63,"History,Drama",0,0,0,0,0,0,1,0,0,1,0,0,0,0,0,0,0,0,0,FALSE
La grande bellezza,2013,12000000,2883879,26665266,29549145,11,17549145,0.5938968792498057,1.46242875,0.9024039781861708,2013 La grande bellezza,9.937,11/15/2013,it,7.4,1518,Drama,0,0,0,0,0,0,1,0,0,0,0,0,0,0,0,0,0,0,0,FALSE
Stoker,2013,12000000,1703125,10331788,12034913,3,34913,0.002900977,0.002909417,0.8584846438025767,2013 Stoker,10.738,3/1/2013,en,6.6,1282,"Drama,Horror,Thriller",0,0,0,0,0,0,1,0,0,0,1,0,0,0,0,0,1,0,0,FALSE
Kill the Irishman,2011,12000000,1188194,0,1188194,3,-10811806,-9.099360879,-0.900983833,0,2011 Kill the Irishman,7.13,3/11/2011,en,6.9,274,"Action,Crime,Thriller,Drama",1,0,0,0,1,0,1,0,0,0,0,0,0,0,0,0,1,0,0,FALSE
Darling Companion,2012,12000000,793352,406994,1200346,4,-10799654,-8.997117498,-0.899971167,0.3390639032412321,2012 Darling Companion,4.656,4/20/2012,en,5,46,"Drama,Romance",0,0,0,0,0,0,1,0,0,0,0,0,0,1,0,0,0,0,0,FALSE
Trash,2015,12000000,17484,6535702,6553186,10,-5446814,-0.831170365,-0.453901167,0.9973319847780912,2015 Trash,7.179,10/9/2015,pt,7.1,353,"Adventure,Crime,Drama,Thriller",0,1,0,0,1,0,1,0,0,0,0,0,0,0,0,0,1,0,0,FALSE
5 Days of War,2011,12000000,17479,70314,87793,8,-11912207,-135.6851571,-0.992683917,0.8009066782089688,2011 5 Days of War,8.689,8/18/2011,en,5.7,102,"War,Drama",0,0,0,0,0,0,1,0,0,0,0,0,0,0,0,0,0,1,0,FALSE
10 Days in a Madhouse,2015,12000000,14616,0,14616,11,-11985384,-820.0180624,-0.998782,0,2015 10 Days in a Madhouse,0.955,11/20/2015,en,5.4,7,Drama,0,0,0,0,0,0,1,0,0,0,0,0,0,0,0,0,0,0,0,FALSE
Triangle,2010,12000000,0,1594955,1594955,2,-10405045,-6.52372324,-0.867087083,1,2010 Triangle,7.761,2/2/2010,en,6.8,1094,Horror,0,0,0,0,0,0,0,0,0,0,1,0,0,0,0,0,0,0,0,FALSE
Drive Hard,2014,12000000,0,0,0,10,,,,0,2014 Drive Hard,6.957,10/3/2014,en,4,94,"Action,Comedy,Crime",1,0,0,1,1,0,0,0,0,0,0,0,0,0,0,0,0,0,0,TRUE
Dancin' It's On,2015,12000000,0,0,0,10,,,,0,2015 Dancin' It's On,0.6,10/16/2015,en,4.8,3,"Drama,Romance",0,0,0,0,0,0,1,0,0,0,0,0,0,1,0,0,0,0,0,TRUE
Carol,2015,11800000,12711491,30132030,42843521,11,31043521,0.7245791259779979,2.630806864,0.7033042405641684,2015 Carol,13.096,11/20/2015,en,7.4,1949,"Romance,Drama",0,0,0,0,0,0,1,0,0,0,0,0,0,1,0,0,0,0,0,FALSE
Dirty Grandpa,2016,11500000,35593113,69485336,105078449,1,93578449,0.8905579582736323,8.137256434782609,0.661271047,2016 Dirty Grandpa,11.432,1/22/2016,en,5.8,2667,Comedy,0,0,0,1,0,0,0,0,0,0,0,0,0,0,0,0,0,0,0,FALSE
The Fighter,2010,11000000,93617009,35645379,129262388,12,118262388,0.9149017732830372,10.75112618181818,0.2757598675958237,2010 The Fighter,10.395,12/17/2010,en,7.3,2325,Drama,0,0,0,0,0,0,1,0,0,0,0,0,0,0,0,0,0,0,0,FALSE
If I Stay,2014,11000000,50474843,27881327,78356170,8,67356170,0.8596153946779175,6.1232881818181815,0.3558280987955384,2014 If I Stay,12.047,8/22/2014,en,7.4,2703,Drama,0,0,0,0,0,0,1,0,0,0,0,0,0,0,0,0,0,0,0,FALSE
Brooklyn,2015,11000000,38322743,23753398,62076141,11,51076141,0.8227982631845623,4.643285545454545,0.3826493982607585,2015 Brooklyn,12.083,11/4/2015,en,7.3,1912,"Drama,Romance",0,0,0,0,0,0,1,0,0,0,0,0,0,1,0,0,0,0,0,FALSE
Woman in Gold,2015,11000000,33307793,25278614,58586407,4,47586407,0.812243137,4.326037,0.4314757517046573,2015 Woman in Gold,7.76,4/10/2015,en,7.4,787,Drama,0,0,0,0,0,0,1,0,0,0,0,0,0,0,0,0,0,0,0,FALSE
"I, Tonya",2017,11000000,30014534,23782875,53797409,12,42797409,0.7955291861732597,3.8906735454545456,0.4420821642172395,"2017 I, Tonya",15.407,12/8/2017,en,7.5,2904,Drama,0,0,0,0,0,0,1,0,0,0,0,0,0,0,0,0,0,0,0,FALSE
Quartet,2013,11000000,18388357,37790578,56178935,1,45178935,0.8041970713755966,4.107175909090909,0.6726823497099046,2013 Quartet,8.32,1/10/2013,en,6.6,209,"Drama,Comedy,Romance",0,0,0,1,0,0,1,0,0,0,0,0,0,1,0,0,0,0,0,FALSE
Inside Llewyn Davis,2013,11000000,13248209,19695038,32943247,12,21943247,0.6660924164518452,1.9948406363636364,0.5978475042244622,2013 Inside Llewyn Davis,10.549,12/6/2013,en,7.2,1400,Drama,0,0,0,0,0,0,1,0,0,0,0,0,0,0,0,0,0,0,0,FALSE
Peeples,2013,11000000,9177065,130101,9307166,5,-1692834,-0.181885012,-0.153894,0.013978584,2013 Peeples,2.651,5/9/2013,en,5.2,34,Comedy,0,0,0,1,0,0,0,0,0,0,0,0,0,0,0,0,0,0,0,FALSE
Brighton Rock,2011,11000000,229653,0,229653,8,-10770347,-46.89835099,-0.979122455,0,2011 Brighton Rock,4.749,8/26/2011,en,6,57,"Drama,Thriller,Crime",0,0,0,0,1,0,1,0,0,0,0,0,0,0,0,0,1,0,0,FALSE
LOL,2012,11000000,0,10431506,10431506,5,-568494,-0.054497788,-0.051681273,1,2012 LOL,12.43,5/4/2012,en,6.1,1810,"Drama,Comedy,Romance",0,0,0,1,0,0,1,0,0,0,0,0,0,1,0,0,0,0,0,FALSE
Misconduct,2016,11000000,0,2352511,2352511,2,-8647489,-3.675854863,-0.786135364,1,2016 Misconduct,7.299,2/5/2016,en,5.5,301,"Drama,Thriller,Mystery",0,0,0,0,0,0,1,0,0,0,0,0,1,0,0,0,1,0,0,FALSE
The Last Days on Mars,2013,10600000,24084,237280,261364,12,-10338636,-39.55646531,-0.975343019,0.9078526499441392,2013 The Last Days on Mars,8.759,12/6/2013,en,5.3,407,"Science Fiction,Thriller,Horror",0,0,0,0,0,0,0,0,0,0,1,0,0,0,1,0,1,0,0,FALSE
2001: A Space Odyssey,1968,10500000,59936321,11991725,71928046,4,61428046,0.8540207807118798,5.850290095238095,0.1667183479445556,1968 2001: A Space Odyssey,23.781,4/10/1968,en,8,5837,"Science Fiction,Mystery,Adventure",0,1,0,0,0,0,0,0,0,0,0,0,1,0,1,0,0,0,0,FALSE
Halloween,2018,10000000,159342015,95558652,254900667,10,244900667,0.9607690316479244,24.4900667,0.374885845,2018 Halloween,20.839,10/19/2018,en,6.4,2020,"Thriller,Horror",0,0,0,0,0,0,0,0,0,0,1,0,0,0,0,0,1,0,0,FALSE
Good Will Hunting,1997,10000000,138433435,87492554,225925989,12,215925989,0.9557377172751914,21.5925989,0.3872620161463584,1997 Good Will Hunting,18.013,12/5/1997,en,8.1,5764,Drama,0,0,0,0,0,0,1,0,0,0,0,0,0,0,0,0,0,0,0,FALSE
The Purge: Election Year,2016,10000000,79042440,39472287,118514727,7,108514727,0.9156223006782946,10.8514727,0.333058076,2016 The Purge: Election Year,18.975,7/1/2016,en,6.3,2900,"Action,Horror,Thriller",1,0,0,0,0,0,0,0,0,0,1,0,0,0,0,0,1,0,0,FALSE
Book Club,2018,10000000,68566296,22547387,91113683,5,81113683,0.8902470005520466,8.1113683,0.2474643352963791,2018 Book Club,11.514,5/18/2018,en,6,301,"Comedy,Romance,Drama",0,0,0,1,0,0,1,0,0,0,0,0,0,1,0,0,0,0,0,FALSE
Insidious: The Last Key,2018,10000000,67745330,100140258,167885588,1,157885588,0.9404356257191058,15.7885588,0.596479181,2018 Insidious: The Last Key,16.017,1/5/2018,en,6.1,1306,"Mystery,Horror,Thriller",0,0,0,0,0,0,0,0,0,0,1,0,1,0,0,0,1,0,0,FALSE
Lady Bird,2017,10000000,48958273,29652496,78610769,11,68610769,0.8727909658281043,6.8610769,0.3772065376946001,2017 Lady Bird,15.974,11/3/2017,en,7.3,3866,"Comedy,Drama",0,0,0,1,0,0,1,0,0,0,0,0,0,0,0,0,0,0,0,FALSE
The Best Exotic Marigold Hotel,2012,10000000,46383639,88256141,134639780,5,124639780,0.9257277455444446,12.463978,0.6554982561617376,2012 The Best Exotic Marigold Hotel,8.665,5/25/2012,en,6.9,756,"Drama,Comedy",0,0,0,1,0,0,1,0,0,0,0,0,0,0,0,0,0,0,0,FALSE
Hereditary,2018,10000000,44069456,26064449,70133905,6,60133905,0.8574156108946165,6.0133905,0.3716383538033423,2018 Hereditary,26.185,6/8/2018,en,7,2491,"Horror,Mystery,Thriller",0,0,0,0,0,0,0,0,0,0,1,0,1,0,0,0,1,0,0,FALSE
"Love, Simon",2018,10000000,40826341,24694292,65520633,3,55520633,0.8473763218984773,5.5520633,0.3768933673153005,"2018 Love, Simon",15.608,3/16/2018,en,8.2,3165,"Comedy,Drama,Romance",0,0,0,1,0,0,1,0,0,0,0,0,0,1,0,0,0,0,0,FALSE
Jigsaw,2017,10000000,38052832,64392364,102445196,10,92445196,0.902386833,9.2445196,0.6285542564631337,2017 Jigsaw,17.398,10/27/2017,en,6.1,1887,"Crime,Horror,Mystery,Thriller",0,0,0,0,1,0,0,0,0,0,1,0,1,0,0,0,1,0,0,FALSE
The Boy,2016,10000000,35819556,32401396,68220952,1,58220952,0.8534174662352997,5.8220952,0.4749478723193426,2016 The Boy,11.703,1/22/2016,en,5.8,2223,"Horror,Thriller,Mystery",0,0,0,0,0,0,0,0,0,0,1,0,1,0,0,0,1,0,0,FALSE
"Everything, Everything",2017,10000000,34121140,27481996,61603136,5,51603136,0.8376706017044327,5.1603136,0.4461135874641187,"2017 Everything, Everything",13.998,5/19/2017,en,7.2,2447,"Drama,Romance",0,0,0,0,0,0,1,0,0,0,0,0,0,1,0,0,0,0,0,FALSE
Devil,2010,10000000,33679655,29674459,63354114,9,53354114,0.8421570539207603,5.3354114,0.4683904031867607,2010 Devil,10.203,9/17/2010,en,5.9,1516,"Horror,Mystery,Thriller",0,0,0,0,0,0,0,0,0,0,1,0,1,0,0,0,1,0,0,FALSE
The Second Best Exotic Marigold Hotel,2015,10000000,33078266,57306040,90384306,3,80384306,0.8893613234138237,8.0384306,0.6340264425994486,2015 The Second Best Exotic Marigold Hotel,7.731,3/6/2015,en,6.4,420,"Drama,Comedy",0,0,0,1,0,0,1,0,0,0,0,0,0,0,0,0,0,0,0,FALSE
How to Be a Latin Lover,2017,10000000,32149404,30406824,62556228,4,52556228,0.8401438142977546,5.2556228,0.48607189,2017 How to Be a Latin Lover,11,4/28/2017,en,6.3,197,Comedy,0,0,0,1,0,0,0,0,0,0,0,0,0,0,0,0,0,0,0,FALSE
Slender Man,2018,10000000,30564825,21158819,51723644,8,41723644,0.80666482,4.1723644,0.4090744070545378,2018 Slender Man,16.999,8/10/2018,en,4,712,"Mystery,Thriller,Horror",0,0,0,0,0,0,0,0,0,0,1,0,1,0,0,0,1,0,0,FALSE
When the Bough Breaks,2016,10000000,29747603,1020846,30768449,9,20768449,0.6749917423526939,2.0768449,0.033178338,2016 When the Bough Breaks,8.062,9/9/2016,en,5.3,150,"Mystery,Drama,Horror",0,0,0,0,0,0,1,0,0,0,1,0,1,0,0,0,0,0,0,FALSE
Sinister 2,2015,10000000,27740955,26363270,54104225,8,44104225,0.8151715508354477,4.4104225,0.4872682309006367,2015 Sinister 2,9.916,8/21/2015,en,5.8,1142,Horror,0,0,0,0,0,0,0,0,0,0,1,0,0,0,0,0,0,0,0,FALSE
The Forest,2016,10000000,26594261,14154969,40749230,1,30749230,0.7545965899232943,3.074923,0.3473677662130057,2016 The Forest,10.069,1/8/2016,en,5,957,"Horror,Thriller,Mystery",0,0,0,0,0,0,0,0,0,0,1,0,1,0,0,0,1,0,0,FALSE
Sparkle,2012,10000000,24397469,262854,24660323,8,14660323,0.5944903073653982,1.4660323,0.010658984,2012 Sparkle,4.417,8/17/2012,en,5.9,53,"Drama,Music",0,0,0,0,0,0,1,0,0,0,0,1,0,0,0,0,0,0,0,FALSE
Kevin Hart: What Now?,2016,10000000,23591043,0,23591043,10,13591043,0.5761103059326372,1.3591043,0,2016 Kevin Hart: What Now?,7.786,10/14/2016,en,6.5,159,Comedy,0,0,0,1,0,0,0,0,0,0,0,0,0,0,0,0,0,0,0,FALSE
Mud,2013,10000000,21590086,9966873,31556959,4,21556959,0.6831126852242004,2.1556959,0.3158375621681417,2013 Mud,12.507,5/10/2013,en,7,1592,Drama,0,0,0,0,0,0,1,0,0,0,0,0,0,0,0,0,0,0,0,FALSE
Skyline,2010,10000000,21416355,46848618,68264973,11,58264973,0.8535119906954333,5.8264973,0.6862760789490094,2010 Skyline,8.847,11/12/2010,en,4.8,833,"Science Fiction,Action",1,0,0,0,0,0,0,0,0,0,0,0,0,0,1,0,0,0,0,FALSE
The Disaster Artist,2017,10000000,21120616,7597051,28717667,12,18717667,0.6517822983322427,1.8717667,0.2645427638672737,2017 The Disaster Artist,13.27,12/1/2017,en,7.2,1895,"Comedy,Drama",0,0,0,1,0,0,1,0,0,0,0,0,0,0,0,0,0,0,0,FALSE
Blair Witch,2016,10000000,20777061,18208516,38985577,9,28985577,0.7434948827357358,2.8985577,0.467057753,2016 Blair Witch,9.772,9/16/2016,en,5,1094,"Thriller,Horror",0,0,0,0,0,0,0,0,0,0,1,0,0,0,0,0,1,0,0,FALSE
Paranormal Activity: The Ghost Dimension,2015,10000000,18297124,59662250,77959374,10,67959374,0.8717280618492396,6.7959374,0.7652992441935206,2015 Paranormal Activity: The Ghost Dimension,8.157,10/23/2015,en,5.2,774,"Horror,Thriller",0,0,0,0,0,0,0,0,0,0,1,0,0,0,0,0,1,0,0,FALSE
The Birth of a Nation,2016,10000000,15861566,1029445,16891011,10,6891011,0.4079691263003736,0.6891011,0.060946322,2016 The Birth of a Nation,8.152,10/7/2016,en,6.5,328,Drama,0,0,0,0,0,0,1,0,0,0,0,0,0,0,0,0,0,0,0,FALSE
My Week with Marilyn,2011,10000000,14597405,19643167,34240572,11,24240572,0.7079488041262862,2.4240572,0.5736810413097071,2011 My Week with Marilyn,12.081,11/23/2011,en,6.7,741,Drama,0,0,0,0,0,0,1,0,0,0,0,0,0,0,0,0,0,0,0,FALSE
Big Eyes,2014,10000000,14482031,12835841,27317872,12,17317872,0.6339392760900263,1.7317872,0.469869725,2014 Big Eyes,12.017,12/25/2014,en,7,2153,Drama,0,0,0,0,0,0,1,0,0,0,0,0,0,0,0,0,0,0,0,FALSE
Movie 43,2013,10000000,8840453,22324294,31164747,1,21164747,0.679124621,2.1164747,0.7163316294529841,2013 Movie 43,12.813,1/25/2013,en,4.4,1332,Comedy,0,0,0,1,0,0,0,0,0,0,0,0,0,0,0,0,0,0,0,FALSE
Can You Ever Forgive Me?,2018,10000000,8803865,2948522,11752387,10,1752387,0.1491090278085635,0.1752387,0.2508870751107839,2018 Can You Ever Forgive Me?,17.604,10/19/2018,en,6.9,450,"Drama,Crime",0,0,0,0,1,0,1,0,0,0,0,0,0,0,0,0,0,0,0,FALSE
MacGruber,2010,10000000,8525600,104295,8629895,5,-1370105,-0.15876265,-0.1370105,0.012085315,2010 MacGruber,7.666,5/21/2010,en,5.3,270,"Action,Adventure,Comedy",1,1,0,1,0,0,0,0,0,0,0,0,0,0,0,0,0,0,0,FALSE
Bad Words,2014,10000000,7779614,63531,7843145,3,-2156855,-0.274998741,-0.2156855,0.008100195,2014 Bad Words,9.516,3/14/2014,en,6.4,451,Comedy,0,0,0,1,0,0,0,0,0,0,0,0,0,0,0,0,0,0,0,FALSE
While We're Young,2015,10000000,7582065,9921763,17503828,3,7503828,0.4286963971538111,0.7503828,0.5668338948486011,2015 While We're Young,8.022,4/17/2015,en,5.9,609,"Comedy,Drama,Mystery",0,0,0,1,0,0,1,0,0,0,0,0,1,0,0,0,0,0,0,FALSE
Seeking a Friend for the End of the World,2012,10000000,7078738,4688221,11766959,6,1766959,0.1501627565796736,0.1766959,0.3984224811185285,2012 Seeking a Friend for the End of the World,8.092,6/22/2012,en,6.4,1108,"Comedy,Drama,Romance,Science Fiction",0,0,0,1,0,0,1,0,0,0,0,0,0,1,1,0,0,0,0,FALSE
Shut In,2016,10000000,6900335,4460330,11360665,11,1360665,0.1197698374170878,0.1360665,0.3926117001073441,2016 Shut In,10.535,11/11/2016,en,5.2,374,"Drama,Thriller",0,0,0,0,0,0,1,0,0,0,0,0,0,0,0,0,1,0,0,FALSE
Cedar Rapids,2011,10000000,6861102,1001029,7862131,2,-2137869,-0.271919789,-0.2137869,0.1273228594130522,2011 Cedar Rapids,7.694,2/11/2011,en,6,206,Comedy,0,0,0,1,0,0,0,0,0,0,0,0,0,0,0,0,0,0,0,FALSE
The Collection,2012,10000000,6810754,2079340,8890094,11,-1109906,-0.124847499,-0.1109906,0.23389404,2012 The Collection,9.059,9/21/2012,en,6.1,465,"Horror,Thriller",0,0,0,0,0,0,0,0,0,0,1,0,0,0,0,0,1,0,0,FALSE
Danny Collins,2015,10000000,5637066,2828779,8465845,3,-1534155,-0.181216996,-0.1534155,0.3341401832894413,2015 Danny Collins,8.933,3/20/2015,en,6.7,260,"Comedy,Drama,Music",0,0,0,1,0,0,1,0,0,0,0,1,0,0,0,0,0,0,0,FALSE
Gotti,2018,10000000,4286367,1802733,6089100,6,-3910900,-0.642278826,-0.39109,0.296059024,2018 Gotti,10.034,6/15/2018,en,5.2,231,"Crime,Drama,History,Thriller",0,0,0,0,1,0,1,0,0,1,0,0,0,0,0,0,1,0,0,FALSE
Denial,2016,10000000,4073448,5190492,9263940,9,-736060,-0.079454314,-0.073606,0.5602898982506364,2016 Denial,9.267,9/30/2016,en,6.7,349,"Drama,History",0,0,0,0,0,0,1,0,0,1,0,0,0,0,0,0,0,0,0,FALSE
The Man Who Knew Infinity,2016,10000000,3877922,8504200,12382122,4,2382122,0.1923839871711811,0.2382122,0.6868128096298841,2016 The Man Who Knew Infinity,8.76,4/29/2016,en,7.2,699,Drama,0,0,0,0,0,0,1,0,0,0,0,0,0,0,0,0,0,0,0,FALSE
Max Steel,2016,10000000,3818664,744416,4563080,10,-5436920,-1.191502231,-0.543692,0.1631389324754332,2016 Max Steel,8.88,10/14/2016,en,5.2,383,"Action,Adventure,Science Fiction",1,1,0,0,0,0,0,0,0,0,0,0,0,0,1,0,0,0,0,FALSE
Atlas Shrugged: Part II,2012,10000000,3336053,0,3336053,10,-6663947,-1.997554295,-0.6663947,0,2012 Atlas Shrugged: Part II,6.148,10/12/2012,en,5.4,66,"Drama,Science Fiction,Mystery",0,0,0,0,0,0,1,0,0,0,0,0,1,0,1,0,0,0,0,FALSE
Rosewater,2014,10000000,3128941,56776,3185717,11,-6814283,-2.139010778,-0.6814283,0.017822048,2014 Rosewater,9.019,11/7/2014,en,6.7,121,Drama,0,0,0,0,0,0,1,0,0,0,0,0,0,0,0,0,0,0,0,FALSE
Bucky Larson: Born to Be a Star,2011,10000000,2529395,0,2529395,9,-7470605,-2.953514576,-0.7470605,0,2011 Bucky Larson: Born to Be a Star,7.109,9/9/2011,en,4.2,79,Comedy,0,0,0,1,0,0,0,0,0,0,0,0,0,0,0,0,0,0,0,FALSE
Testament of Youth,2015,10000000,1822250,4824419,6646669,6,-3353331,-0.504513012,-0.3353331,0.7258401163048739,2015 Testament of Youth,9.251,6/4/2015,en,7.4,486,"History,Drama,War",0,0,0,0,0,0,1,0,0,1,0,0,0,0,0,0,0,1,0,FALSE
Free Fire,2017,10000000,1799322,1994417,3793739,4,-6206261,-1.635921976,-0.6206261,0.52571276,2017 Free Fire,12.116,4/21/2017,en,6.3,540,"Action,Crime,Mystery",1,0,0,0,1,0,0,0,0,0,0,0,1,0,0,0,0,0,0,FALSE
A Better Life,2011,10000000,1759252,124999,1884251,6,-8115749,-4.30714857,-0.8115749,0.066338826,2011 A Better Life,5.885,6/24/2011,en,7.1,97,Drama,0,0,0,0,0,0,1,0,0,0,0,0,0,0,0,0,0,0,0,FALSE
The Joneses,2010,10000000,1475746,2065819,3541565,4,-6458435,-1.823610466,-0.6458435,0.5833068149250402,2010 The Joneses,6.424,4/16/2010,en,6.2,312,"Comedy,Drama",0,0,0,1,0,0,1,0,0,0,0,0,0,0,0,0,0,0,0,FALSE
Killer Joe,2012,10000000,1291645,3367465,4659110,7,-5340890,-1.146332669,-0.534089,0.7227700140155523,2012 Killer Joe,13.742,7/27/2012,en,6.5,703,"Crime,Drama,Thriller",0,0,0,0,1,0,1,0,0,0,0,0,0,0,0,0,1,0,0,FALSE
Churchill,2017,10000000,1279681,6302515,7582196,6,-2417804,-0.318879122,-0.2417804,0.8312255446838884,2017 Churchill,7.692,6/2/2017,en,6.1,150,"Drama,Thriller,War",0,0,0,0,0,0,1,0,0,0,0,0,0,0,0,0,1,1,0,FALSE
50 to 1,2014,10000000,1069454,0,1069454,3,-8930546,-8.350565803,-0.8930546,0,2014 50 to 1,2.852,3/21/2014,en,6.2,25,"Comedy,Drama",0,0,0,1,0,0,1,0,0,0,0,0,0,0,0,0,0,0,0,FALSE
Coriolanus,2012,10000000,749641,1429982,2179623,1,-7820377,-3.587949384,-0.7820377,0.656068504,2012 Coriolanus,8.016,1/19/2012,en,6,215,"Drama,Thriller",0,0,0,0,0,0,1,0,0,0,0,0,0,0,0,0,1,0,0,FALSE
Parkland,2013,10000000,641439,974914,1616353,10,-8383647,-5.186767371,-0.8383647,0.6031566124478996,2013 Parkland,6.056,10/4/2013,en,6.1,206,"History,Drama,Thriller,Mystery",0,0,0,0,0,0,1,0,0,1,0,0,1,0,0,0,1,0,0,FALSE
Welcome to the Rileys,2010,10000000,152857,203062,355919,10,-9644081,-27.09628033,-0.9644081,0.5705286877070345,2010 Welcome to the Rileys,8.348,10/29/2010,en,6.5,241,Drama,0,0,0,0,0,0,1,0,0,0,0,0,0,0,0,0,0,0,0,FALSE
Kicks,2016,10000000,150191,0,150191,9,-9849809,-65.58188573,-0.9849809,0,2016 Kicks,4.002,9/9/2016,en,6.6,50,Adventure,0,1,0,0,0,0,0,0,0,0,0,0,0,0,0,0,0,0,0,FALSE
Blood Done Sign My Name,2010,10000000,109383,0,109383,2,-9890617,-90.42188457,-0.9890617,0,2010 Blood Done Sign My Name,1.346,2/1/2010,en,6,5,"Drama,Crime",0,0,0,0,1,0,1,0,0,0,0,0,0,0,0,0,0,0,0,FALSE
Elsa & Fred,2014,10000000,67657,130244,197901,11,-9802099,-49.53031566,-0.9802099,0.6581270433196397,2014 Elsa & Fred,6.241,3/7/2014,en,6.2,48,"Comedy,Family,Romance,Drama",0,0,0,1,0,0,1,1,0,0,0,0,0,1,0,0,0,0,0,FALSE
Strangerland,2015,10000000,17472,143625,161097,7,-9838903,-61.07440238,-0.9838903,0.891543604,2015 Strangerland,5.91,7/10/2015,en,5.2,135,"Drama,Thriller,Mystery",0,0,0,0,0,0,1,0,0,0,0,0,1,0,0,0,1,0,0,FALSE
Barbecue,2014,10000000,388,247177,247565,12,-9752435,-39.39343203,-0.9752435,0.9984327348373154,2014 Barbecue,7.874,9/14/2014,fr,5.8,383,Comedy,0,0,0,1,0,0,0,0,0,0,0,0,0,0,0,0,0,0,0,FALSE
The Reef,2010,10000000,0,15037867,15037867,12,5037867,0.3350120731883052,0.5037867,1,2010 The Reef,5.173,5/15/2010,en,5.6,264,"Drama,Horror,Thriller",0,0,0,0,0,0,1,0,0,0,1,0,0,0,0,0,1,0,0,FALSE
American Heist,2015,10000000,0,2341218,2341218,7,-7658782,-3.271281017,-0.7658782,1,2015 American Heist,7.271,7/14/2015,en,4.6,213,Action,1,0,0,0,0,0,0,0,0,0,0,0,0,0,0,0,0,0,0,FALSE
Plastic,2014,10000000,0,575371,575371,9,-9424629,-16.38009041,-0.9424629,1,2014 Plastic,7.815,9/26/2014,en,6.1,116,"Drama,Action,Comedy,Crime",1,0,0,1,1,0,1,0,0,0,0,0,0,0,0,0,0,0,0,FALSE
Into the Grizzly Maze,2015,10000000,0,0,0,5,,,,0,2015 Into the Grizzly Maze,7.133,6/26/2015,en,5.3,121,"Action,Horror,Thriller",1,0,0,0,0,0,0,0,0,0,1,0,0,0,0,0,1,0,0,TRUE
Amour,2012,9700000,6738954,30048090,36787044,12,27087044,0.7363202109960235,2.792478762886598,0.816811756,2012 Amour,10.705,12/19/2012,fr,7.7,746,"Drama,Romance",0,0,0,0,0,0,1,0,0,0,0,0,0,1,0,0,0,0,0,FALSE
The Runaways,2010,9500000,3573673,1704959,5278632,3,-4221368,-0.799708712,-0.444354526,0.3229925859578769,2010 The Runaways,8.19,3/19/2010,en,6.4,448,"Drama,Music",0,0,0,0,0,0,1,0,0,0,0,1,0,0,0,0,0,0,0,FALSE
Melancholia,2011,9400000,3030848,18786450,21817298,11,12417298,0.5691492136193951,1.3209891489361705,0.8610805059361613,2011 Melancholia,11.123,11/11/2011,da,7.1,1642,"Drama,Science Fiction",0,0,0,0,0,0,1,0,0,0,0,0,0,0,1,0,0,0,0,FALSE
Kites,2010,9200000,1685269,15469924,17155193,5,7955193,0.4637192365017403,0.8646948913043478,0.9017633319543534,2010 Kites,6.058,5/21/2010,hi,5.8,67,"Drama,Action,Romance",1,0,0,0,0,0,1,0,0,0,0,0,0,1,0,0,0,0,0,FALSE
The Purge: Anarchy,2014,9000000,71562550,39972331,111534881,7,102534881,0.919307754,11.392764555555557,0.3583841273834326,2014 The Purge: Anarchy,28.424,7/18/2014,en,6.6,3754,"Horror,Thriller",0,0,0,0,0,0,0,0,0,0,1,0,0,0,0,0,1,0,0,FALSE
Ouija: Origin of Evil,2016,9000000,35144505,46687361,81831866,10,72831866,0.890018395,8.092429555555556,0.5705278796893132,2016 Ouija: Origin of Evil,11.823,10/21/2016,en,6,1416,"Horror,Thriller",0,0,0,0,0,0,0,0,0,0,1,0,0,0,0,0,1,0,0,FALSE
Black or White,2015,9000000,21571189,399832,21971021,1,12971021,0.5903695144617995,1.4412245555555556,0.018198153,2015 Black or White,8.05,1/30/2015,en,6.8,193,Drama,0,0,0,0,0,0,1,0,0,0,0,0,0,0,0,0,0,0,0,FALSE
The Edge of Seventeen,2016,9000000,14431633,4664370,19096003,11,10096003,0.5286971833843972,1.1217781111111111,0.244258969,2016 The Edge of Seventeen,11.546,11/18/2016,en,7.2,2224,"Comedy,Drama",0,0,0,1,0,0,1,0,0,0,0,0,0,0,0,0,0,0,0,FALSE
Jackie,2016,9000000,13960394,22628118,36588512,12,27588512,0.7540211528689661,3.0653902222222222,0.6184487087094441,2016 Jackie,8.819,12/2/2016,en,6.4,1420,Drama,0,0,0,0,0,0,1,0,0,0,0,0,0,0,0,0,0,0,0,FALSE
Loving,2016,9000000,7710234,5187830,12898064,11,3898064,0.3022208604330076,0.4331182222222222,0.4022177281799811,2016 Loving,8.506,11/4/2016,en,6.7,529,"Romance,Drama",0,0,0,0,0,0,1,0,0,0,0,0,0,1,0,0,0,0,0,FALSE
The Sapphires,2013,9000000,2450867,17944173,20395040,3,11395040,0.5587162368889691,1.2661155555555557,0.8798302430394841,2013 The Sapphires,6.16,3/22/2013,en,6.7,97,"Comedy,Drama",0,0,0,1,0,0,1,0,0,0,0,0,0,0,0,0,0,0,0,FALSE
Greater,2016,9000000,2000093,0,2000093,8,-6999907,-3.49979076,-0.777767444,0,2016 Greater,1.891,8/26/2016,en,7.3,37,"Family,Drama",0,0,0,0,0,0,1,1,0,0,0,0,0,0,0,0,0,0,0,FALSE
Destroyer,2018,9000000,1533324,2147772,3681096,12,-5318904,-1.444924012,-0.590989333,0.5834599260654979,2018 Destroyer,17.815,12/25/2018,en,5.9,176,"Thriller,Crime,Drama,Action",1,0,0,0,1,0,1,0,0,0,0,0,0,0,0,0,1,0,0,FALSE
Leaves of Grass,2010,9000000,70066,15461,85527,4,-8914473,-104.2299274,-0.990497,0.1807733230441848,2010 Leaves of Grass,5.996,9/17/2010,en,6,214,"Comedy,Crime,Thriller",0,0,0,1,1,0,0,0,0,0,0,0,0,0,0,0,1,0,0,FALSE
Heist,2015,8900000,50136,3273995,3324131,11,-5575869,-1.677391475,-0.626502135,0.9849175619131736,2015 Heist,7.554,11/13/2015,en,5.8,498,"Crime,Action,Thriller",1,0,0,0,1,0,0,0,0,0,0,0,0,0,0,0,1,0,0,FALSE
Crocodile Dundee,1986,8800000,174803506,153400000,328203506,9,319403506,0.9731873674743744,36.29585295454545,0.4673929351626122,1986 Crocodile Dundee,10.642,9/26/1986,en,6.3,917,"Adventure,Comedy",0,1,0,1,0,0,0,0,0,0,0,0,0,0,0,0,0,0,0,FALSE
Manchester by the Sea,2016,8500000,47695371,30038496,77733867,11,69233867,0.8906525517378416,8.145160823529412,0.386427398,2016 Manchester by the Sea,16.638,11/18/2016,en,7.5,3176,Drama,0,0,0,0,0,0,1,0,0,0,0,0,0,0,0,0,0,0,0,FALSE
The DUFF,2015,8500000,34030343,9498291,43528634,2,35028634,0.8047262406626406,4.1210157647058825,0.2182078812764949,2015 The DUFF,9.054,2/20/2015,en,6.8,2987,"Romance,Comedy",0,0,0,1,0,0,0,0,0,0,0,0,0,1,0,0,0,0,0,FALSE
Nightcrawler,2014,8500000,32381218,17953200,50334418,10,41834418,0.8311294669186401,4.921696235294117,0.356678406,2014 Nightcrawler,25.597,10/31/2014,en,7.7,5860,"Crime,Drama,Thriller",0,0,0,0,1,0,1,0,0,0,0,0,0,0,0,0,1,0,0,FALSE
Baggage Claim,2013,8500000,21569509,1316327,22885836,9,14385836,0.6285912387032748,1.692451294117647,0.057517104,2013 Baggage Claim,8.666,9/27/2013,en,5.4,127,Comedy,0,0,0,1,0,0,0,0,0,0,0,0,0,0,0,0,0,0,0,FALSE
Middle School: The Worst Years of My Life,2016,8500000,20007149,3304144,23311293,10,14811293,0.6353698612942663,1.7425050588235294,0.1417400570616138,2016 Middle School: The Worst Years of My Life,8.479,10/7/2016,en,7,190,"Family,Comedy",0,0,0,1,0,0,0,1,0,0,0,0,0,0,0,0,0,0,0,FALSE
The Rover,2014,8500000,1109199,2071053,3180252,6,-5319748,-1.672744172,-0.625852706,0.6512229219571279,2014 The Rover,13.528,7/18/2014,en,6.2,435,"Crime,Drama",0,0,0,0,1,0,1,0,0,0,0,0,0,0,0,0,0,0,0,FALSE
Easy A,2010,8000000,58401464,17799257,76200721,9,68200721,0.8950141167299454,8.525090125,0.2335838397119628,2010 Easy A,14.69,9/17/2010,en,6.8,4168,Comedy,0,0,0,1,0,0,0,0,0,0,0,0,0,0,0,0,0,0,0,FALSE
50/50,2011,8000000,35016118,6318617,41334735,9,33334735,0.8064581761562037,4.166841875,0.152864582,2012      ,12.451,9/30/2011,en,7.1,2111,"Comedy,Drama",0,0,0,1,0,0,1,0,0,0,0,0,0,0,0,0,0,0,0,FALSE
A Walk in the Woods,2015,8000000,29499394,7619964,37119358,9,29119358,0.7844790311297949,3.63991975,0.2052827530045105,2015 A Walk in the Woods,6.935,9/2/2015,en,5.9,402,"Adventure,Comedy,Drama",0,1,0,1,0,0,1,0,0,0,0,0,0,0,0,0,0,0,0,FALSE
Howards End,1992,8000000,26124872,193071,26317943,3,18317943,0.6960248755003383,2.289742875,0.007336098,1992 Howards End,9.155,3/13/1992,en,7.2,201,"Drama,Romance",0,0,0,0,0,0,1,0,0,0,0,0,0,1,0,0,0,0,0,FALSE
That Awkward Moment,2014,8000000,26068955,27000000,53068955,1,45068955,0.8492527316582736,5.633619375,0.5087720306533264,2014 That Awkward Moment,8.649,1/31/2014,en,6.1,1759,"Comedy,Romance",0,0,0,1,0,0,0,0,0,0,0,0,0,1,0,0,0,0,0,FALSE
Enough Said,2013,8000000,17550872,8070577,25621449,9,17621449,0.6877616094234171,2.202681125,0.3149929966880483,2013 Enough Said,8.722,9/18/2013,en,6.7,464,"Comedy,Drama,Romance",0,0,0,1,0,0,1,0,0,0,0,0,0,1,0,0,0,0,0,FALSE
Begin Again,2014,8000000,16170632,52668104,68838736,6,60838736,0.8837863612138375,7.604842,0.765094002,2014 Begin Again,10.828,7/11/2014,en,7.2,2089,"Comedy,Music,Romance,Drama",0,0,0,1,0,0,1,0,0,0,0,1,0,1,0,0,0,0,0,FALSE
Prom,2011,8000000,10130219,632964,10763183,4,2763183,0.2567254500829355,0.345397875,0.058808254,2011 Prom,6.911,4/29/2011,en,6,276,"Comedy,Romance",0,0,0,1,0,0,0,0,0,0,0,0,0,1,0,0,0,0,0,FALSE
Me and Earl and the Dying Girl,2015,8000000,6758416,2507764,9266180,6,1266180,0.1366453058326084,0.1582725,0.2706362276579993,2015 Me and Earl and the Dying Girl,8.677,6/12/2015,en,7.6,1570,"Comedy,Drama",0,0,0,1,0,0,1,0,0,0,0,0,0,0,0,0,0,0,0,FALSE
It's Kind of a Funny Story,2010,8000000,6363628,269322,6632950,10,-1367050,-0.20609985,-0.17088125,0.040603653,2010 It's Kind of a Funny Story,10.01,10/8/2010,en,7,1324,"Comedy,Drama",0,0,0,1,0,0,1,0,0,0,0,0,0,0,0,0,0,0,0,FALSE
Morgan,2016,8000000,3915251,3383535,7298786,9,-701214,-0.096072689,-0.08765175,0.4635750383693945,2016 Morgan,9.912,9/2/2016,en,5.7,843,"Horror,Science Fiction,Thriller",0,0,0,0,0,0,0,0,0,0,1,0,0,0,1,0,1,0,0,FALSE
Anomalisa,2015,8000000,3759286,1946882,5706168,12,-2293832,-0.401991669,-0.286729,0.3411890431547055,2015 Anomalisa,10.285,12/30/2015,en,7.1,927,"Animation,Comedy,Drama,Romance",0,0,1,1,0,0,1,0,0,0,0,0,0,1,0,0,0,0,0,FALSE
Another Year,2010,8000000,3205706,16799907,20005613,12,12005613,0.6001122285030707,1.500701625,0.8397596714482081,2010 Another Year,9.394,12/29/2010,en,7,150,"Comedy,Drama",0,0,0,1,0,0,1,0,0,0,0,0,0,0,0,0,0,0,0,FALSE
Lean on Pete,2018,8000000,1163056,1291971,2455027,4,-5544973,-2.258619966,-0.693121625,0.5262553120597044,2018 Lean on Pete,9.307,4/6/2018,en,6.9,133,"Drama,Adventure",0,1,0,0,0,0,1,0,0,0,0,0,0,0,0,0,0,0,0,FALSE
Made in Dagenham,2010,8000000,1095369,14548827,15644196,11,7644196,0.4886282427041952,0.9555245,0.9299824036978316,2010 Made in Dagenham,7.275,11/19/2010,en,6.6,150,"Comedy,Drama,History",0,0,0,1,0,0,1,0,0,1,0,0,0,0,0,0,0,0,0,FALSE
El Chicano,2019,8000000,700261,0,700261,5,-7299739,-10.42431179,-0.912467375,0,2019 El Chicano,5.274,5/3/2019,en,9,1,"Drama,Action,Crime",1,0,0,0,1,0,1,0,0,0,0,0,0,0,0,0,0,0,0,FALSE
London Fields,2018,8000000,252676,181056,433732,10,-7566268,-17.44456946,-0.9457835,0.4174374959652504,2018 London Fields,8.557,10/26/2018,en,5.3,59,"Crime,Mystery,Thriller,Drama",0,0,0,0,1,0,1,0,0,0,0,0,1,0,0,0,1,0,0,FALSE
Restless,2011,8000000,163753,2608758,2772511,9,-5227489,-1.885470968,-0.653436125,0.9409369340644635,2011 Restless,7.268,9/16/2011,en,6.4,258,"Drama,Romance",0,0,0,0,0,0,1,0,0,0,0,0,0,1,0,0,0,0,0,FALSE
Wild Target,2010,8000000,109338,5204856,5314194,10,-2685806,-0.505402324,-0.33572575,0.9794252900816192,2010 Wild Target,9.355,10/29/2010,en,6.4,356,"Action,Comedy",1,0,0,1,0,0,0,0,0,0,0,0,0,0,0,0,0,0,0,FALSE
Wuthering Heights,2012,8000000,100915,2620619,2721534,10,-5278466,-1.939518669,-0.65980825,0.9629198091958432,2012 Wuthering Heights,7.61,4/9/2012,en,6.1,115,"Drama,Romance",0,0,0,0,0,0,1,0,0,0,0,0,0,1,0,0,0,0,0,FALSE
A Street Cat Named Bob,2016,8000000,82703,17299990,17382693,11,9382693,0.5397721170131694,1.172836625,0.9952422216741676,2016 A Street Cat Named Bob,7.12,11/18/2016,en,7.5,500,"Drama,Family,Comedy",0,0,0,1,0,0,1,1,0,0,0,0,0,0,0,0,0,0,0,FALSE
Aloft,2015,8000000,53086,184602,237688,5,-7762312,-32.6575679,-0.970289,0.7766567937800815,2015 Aloft,4.944,5/22/2015,en,5.5,61,Drama,0,0,0,0,0,0,1,0,0,0,0,0,0,0,0,0,0,0,0,FALSE
Fireflies in the Garden,2011,8000000,36884,3550307,3587191,10,-4412809,-1.230157246,-0.551601125,0.9897178600191626,2011 Fireflies in the Garden,5.121,10/11/2011,en,6.3,96,Drama,0,0,0,0,0,0,1,0,0,0,0,0,0,0,0,0,0,0,0,FALSE
Swelter,2014,8000000,0,44197,44197,8,-7955803,-180.0077607,-0.994475375,1,2014 Swelter,5.232,4/20/2014,en,5.1,44,"Action,Drama,Thriller",1,0,0,0,0,0,1,0,0,0,0,0,0,0,0,0,1,0,0,FALSE
Code of Honor,2016,8000000,0,0,0,5,,,,0,2016 Code of Honor,4.408,5/6/2016,en,4.2,36,"Action,Crime,Thriller",1,0,0,0,1,0,0,0,0,0,0,0,0,0,0,0,1,0,0,TRUE
Loin des hommes,2015,7700000,5336,1075092,1080428,4,-6619572,-6.126805303,-0.859684675,0.995061216,2015 Loin des hommes,3.157,5/1/2015,fr,6.9,64,"Drama,War",0,0,0,0,0,0,1,0,0,0,0,0,0,0,0,0,0,1,0,FALSE
Albert Nobbs,2011,7500000,3014696,5524307,8539003,12,1039003,0.1216773199400445,0.1385337333333333,0.646949884,2011 Albert Nobbs,6.277,12/21/2011,en,6.3,227,Drama,0,0,0,0,0,0,1,0,0,0,0,0,0,0,0,0,0,0,0,FALSE
The Neon Demon,2016,7500000,1333124,2226679,3559803,6,-3940197,-1.10685816,-0.5253596,0.6255062429016437,2016 The Neon Demon,11.787,6/14/2016,en,6.6,2005,"Thriller,Horror,Mystery",0,0,0,0,0,0,0,0,0,0,1,0,1,0,0,0,1,0,0,FALSE
Pound of Flesh,2015,7500000,0,0,0,5,,,,0,2015 Pound of Flesh,6.921,5/7/2015,en,5.4,95,Action,1,0,0,0,0,0,0,0,0,0,0,0,0,0,0,0,0,0,0,TRUE
The Bye Bye Man,2017,7400000,22395806,8791921,31187727,1,23787727,0.7627271779055909,3.214557702702703,0.2819032307163648,2017 The Bye Bye Man,9.847,1/13/2017,en,5.1,678,"Horror,Thriller",0,0,0,0,0,0,0,0,0,0,1,0,0,0,0,0,1,0,0,FALSE
Harry Brown,2010,7300000,1818681,10204925,12023606,4,4723606,0.3928610102493378,0.6470693150684932,0.8487408020522296,2010 Harry Brown,10.555,4/30/2010,en,6.8,505,"Thriller,Crime,Drama,Action",1,0,0,0,1,0,1,0,0,0,0,0,0,0,0,0,1,0,0,FALSE
Magic Mike,2012,7000000,113721571,56828182,170549753,6,163549753,0.9589562583535376,23.364250428571427,0.3332058886065933,2012 Magic Mike,13.7,6/29/2012,en,6.1,1850,"Drama,Comedy",0,0,0,1,0,0,1,0,0,0,0,0,0,0,0,0,0,0,0,FALSE
I Can Only Imagine,2018,7000000,83482352,2121869,85604221,3,78604221,0.9182283312875424,11.22917442857143,0.024786967,2018 I Can Only Imagine,9.7,3/16/2018,en,7.6,155,"Drama,Family,Music",0,0,0,0,0,0,1,1,0,0,0,1,0,0,0,0,0,0,0,FALSE
Jumping the Broom,2011,7000000,37295394,863207,38158601,5,31158601,0.8165551195128983,4.4512287142857145,0.022621558,2011 Jumping the Broom,8.477,5/6/2011,en,6,103,Comedy,0,0,0,1,0,0,0,0,0,0,0,0,0,0,0,0,0,0,0,FALSE
Desperado,1995,7000000,25532388,0,25532388,8,18532388,0.7258384135475303,2.647484,0,1995 Desperado,14.712,8/25/1995,en,6.8,1440,"Thriller,Action,Crime",1,0,0,0,1,0,0,0,0,0,0,0,0,0,0,0,1,0,0,FALSE
Gifted,2017,7000000,24801212,12163444,36964656,4,29964656,0.810629916,4.280665142857143,0.3290560583060749,2017 Gifted,16.745,4/12/2017,en,7.9,2035,"Drama,Family,Comedy",0,0,0,1,0,0,1,1,0,0,0,0,0,0,0,0,0,0,0,FALSE
Action Jackson,1988,7000000,20257000,0,20257000,2,13257000,0.6544404403416103,1.893857142857143,0,1988 Action Jackson,6.744,2/12/1988,en,5.2,81,"Action,Adventure,Comedy,Crime,Drama",1,1,0,1,1,0,1,0,0,0,0,0,0,0,0,0,0,0,0,FALSE
Dope,2015,7000000,17506470,684361,18190831,6,11190831,0.6151907518683452,1.598690142857143,0.037621206,2015 Dope,9.246,6/19/2015,en,7.2,954,"Crime,Drama,Comedy",0,0,0,1,1,0,1,0,0,0,0,0,0,0,0,0,0,0,0,FALSE
Devil's Due,2014,7000000,15821461,20324626,36146087,1,29146087,0.8063414167071529,4.163726714285715,0.562291182,2014 Devil's Due,5.893,1/17/2014,en,4.5,303,Horror,0,0,0,0,0,0,0,0,0,0,1,0,0,0,0,0,0,0,0,FALSE
Beyond the Lights,2014,7000000,14618727,0,14618727,11,7618727,0.5211621367578723,1.0883895714285714,0,2014 Beyond the Lights,7.717,11/14/2014,en,7,238,"Romance,Drama",0,0,0,0,0,0,1,0,0,0,0,0,0,1,0,0,0,0,0,FALSE
Get Low,2010,7000000,9176933,1651372,10828305,7,3828305,0.3535460997820065,0.5469007142857143,0.1525051243015412,2010 Get Low,8.215,1/22/2010,en,6.7,135,"Comedy,Drama,Mystery",0,0,0,1,0,0,1,0,0,0,0,0,1,0,0,0,0,0,0,FALSE
Cyrus,2010,7000000,7468936,2593960,10062896,6,3062896,0.3043752017311915,0.4375565714285714,0.2577747002453369,2010 Cyrus,7.735,6/18/2010,en,6,201,"Comedy,Drama,Romance",0,0,0,1,0,0,1,0,0,0,0,0,0,1,0,0,0,0,0,FALSE
Somewhere,2010,7000000,1785645,15237476,17023121,12,10023121,0.5887945577077199,1.4318744285714289,0.895104723,2010 Somewhere,7.596,12/22/2010,en,6.1,376,"Comedy,Drama",0,0,0,1,0,0,1,0,0,0,0,0,0,0,0,0,0,0,0,FALSE
The Christmas Candle,2013,7000000,1632000,301829,1933829,11,-5066171,-2.619761623,-0.723738714,0.1560784329948511,2013 The Christmas Candle,1.4,11/22/2013,en,6,15,"Drama,Family",0,0,0,0,0,0,1,1,0,0,0,0,0,0,0,0,0,0,0,FALSE
Freeheld,2015,7000000,546201,1186027,1732228,10,-5267772,-3.041038478,-0.752538857,0.6846829632126948,2015 Freeheld,7.313,10/2/2015,en,7.3,360,"Romance,Drama",0,0,0,0,0,0,1,0,0,0,0,0,0,1,0,0,0,0,0,FALSE
Dom Hemingway,2014,7000000,523511,1333947,1857458,4,-5142542,-2.768591268,-0.734648857,0.7181572880786538,2014 Dom Hemingway,7.254,4/3/2014,en,5.8,302,"Comedy,Crime,Drama",0,0,0,1,1,0,1,0,0,0,0,0,0,0,0,0,0,0,0,FALSE
The Extra Man,2010,7000000,453377,38731,492108,7,-6507892,-13.22451982,-0.929698857,0.078704268,2010 The Extra Man,5.056,8/1/2010,en,5.9,46,Comedy,0,0,0,1,0,0,0,0,0,0,0,0,0,0,0,0,0,0,0,FALSE
Ca$h,2010,7000000,46488,0,46488,3,-6953512,-149.5764929,-0.993358857,0,2010 Ca$h,8.503,1/1/2010,en,5.8,112,"Crime,Thriller,Comedy,Mystery",0,0,0,1,1,0,0,0,0,0,0,0,1,0,0,0,1,0,0,FALSE
Criminal Activities,2015,7000000,0,386744,386744,11,-6613256,-17.09982831,-0.944750857,1,2015 Criminal Activities,7.914,11/20/2015,en,5.9,166,"Thriller,Crime,Drama",0,0,0,0,1,0,1,0,0,0,0,0,0,0,0,0,1,0,0,FALSE
House at the End of the Street,2012,6900000,31611916,12492066,44103982,9,37203982,0.8435515414458495,5.391881449275362,0.2832412275154656,2012 House at the End of the Street,8.72,9/21/2012,en,5.8,1033,"Horror,Thriller",0,0,0,0,0,0,0,0,0,0,1,0,0,0,0,0,1,0,0,FALSE
Incendies,2010,6800000,6857096,9181247,16038343,9,9238343,0.5760160510346986,1.3585798529411766,0.5724560822773275,2010 Incendies,8.973,9/4/2010,fr,8.1,1034,"Drama,War,Mystery",0,0,0,0,0,0,1,0,0,0,0,0,1,0,0,0,0,1,0,FALSE
Annabelle,2014,6500000,84273813,172589107,256862920,10,250362920,0.974694674,38.51737230769231,0.6719113330954892,2014 Annabelle,13.989,10/3/2014,en,5.6,3357,Horror,0,0,0,0,0,0,0,0,0,0,1,0,0,0,0,0,0,0,0,FALSE
Dressed to Kill,1980,6500000,31899000,0,31899000,1,25399000,0.7962318567980188,3.907538461538461,0,1980 Dressed to Kill,12.481,6/25/1980,en,6.8,300,"Mystery,Thriller",0,0,0,0,0,0,0,0,0,0,0,0,1,0,0,0,1,0,0,FALSE
Same Kind of Different as Me,2017,6500000,6423605,0,6423605,10,-76395,-0.011892855,-0.011753077,0,2017 Same Kind of Different as Me,8.756,10/20/2017,en,6.8,103,Drama,0,0,0,0,0,0,1,0,0,0,0,0,0,0,0,0,0,0,0,FALSE
Shame,2011,6500000,4002293,16410548,20412841,12,13912841,0.6815729863373746,2.1404370769230767,0.8039325834164877,2011 Shame,13.152,12/2/2011,en,7,1607,Drama,0,0,0,0,0,0,1,0,0,0,0,0,0,0,0,0,0,0,0,FALSE
The East,2013,6500000,2274649,753307,3027956,5,-3472044,-1.146662633,-0.534160615,0.2487839981822721,2013 The East,8.044,5/31/2013,en,6.6,438,"Drama,Thriller",0,0,0,0,0,0,1,0,0,0,0,0,0,0,0,0,1,0,0,FALSE
Breaking In,2018,6000000,46840590,4571030,51411620,5,45411620,0.8832948660244513,7.568603333333333,0.088910445,2018 Breaking In,12.188,5/13/2018,en,5.9,290,"Thriller,Crime,Action",1,0,0,0,1,0,0,0,0,0,0,0,0,0,0,0,1,0,0,FALSE
The Possession of Hannah Grace,2018,6000000,14836174,27949213,42785387,11,36785387,0.8597652044143016,6.130897833333333,0.6532420286393577,2018 The Possession of Hannah Grace,20.263,11/30/2018,en,5.1,393,"Horror,Drama",0,0,0,0,0,0,1,0,0,0,1,0,0,0,0,0,0,0,0,FALSE
The Words,2012,6000000,11494838,4874870,16369708,9,10369708,0.6334693325012273,1.7282846666666667,0.297798226,2012 The Words,7.201,9/7/2012,en,6.6,628,"Drama,Thriller",0,0,0,0,0,0,1,0,0,0,0,0,0,0,0,0,1,0,0,FALSE
Bernie,2012,6000000,9204489,902486,10106975,4,4106975,0.4063505648327021,0.6844958333333333,0.089293384,2012 Bernie,7.518,4/27/2012,en,6.6,503,"Comedy,Crime,Drama",0,0,0,1,1,0,1,0,0,0,0,0,0,0,0,0,0,0,0,FALSE
The Guard,2011,6000000,5359774,15837680,21197454,7,15197454,0.716947139,2.532909,0.7471501058570524,2011 The Guard,10.177,7/29/2011,en,6.9,563,"Action,Comedy,Thriller,Crime",1,0,0,1,1,0,0,0,0,0,0,0,0,0,0,0,1,0,0,FALSE
Wish I Was Here,2014,6000000,3591299,3000066,6591365,7,591365,0.089718139,0.098560833,0.4551509436967911,2014 Wish I Was Here,7.845,1/18/2014,en,6.6,440,"Drama,Comedy",0,0,0,1,0,0,1,0,0,0,0,0,0,0,0,0,0,0,0,FALSE
Veronica Mars,2014,6000000,3322127,163256,3485383,3,-2514617,-0.721475086,-0.419102833,0.046840189,2014 Veronica Mars,7.821,3/14/2014,en,6.7,699,"Comedy,Drama,Crime",0,0,0,1,1,0,1,0,0,0,0,0,0,0,0,0,0,0,0,FALSE
Snow Flower and the Secret Fan,2011,6000000,1348205,10000000,11348205,7,5348205,0.4712820221347781,0.8913675,0.8811966297753697,2011 Snow Flower and the Secret Fan,4.519,7/15/2011,en,5.9,39,"Drama,History",0,0,0,0,0,0,1,0,0,1,0,0,0,0,0,0,0,0,0,FALSE
Mandy,2018,6000000,1214525,213131,1427656,9,-4572344,-3.202693086,-0.762057333,0.1492873633424298,2018 Mandy,16.24,9/13/2018,en,6.2,618,"Action,Thriller,Horror,Fantasy,Mystery",1,0,0,0,0,0,0,0,1,0,1,0,1,0,0,0,1,0,0,FALSE
The 5th Quarter,2011,6000000,408159,0,408159,3,-5591841,-13.70015362,-0.9319735,0,2011 The 5th Quarter,2.142,3/25/2011,en,4.7,15,Drama,0,0,0,0,0,0,1,0,0,0,0,0,0,0,0,0,0,0,0,FALSE
Deadfall,2012,6000000,66351,1607284,1673635,12,-4326365,-2.585011069,-0.721060833,0.9603551550965412,2012 Deadfall,9.491,12/7/2012,en,5.9,357,"Crime,Drama,Thriller",0,0,0,0,1,0,1,0,0,0,0,0,0,0,0,0,1,0,0,FALSE
Song One,2015,6000000,32251,404838,437089,1,-5562911,-12.72718142,-0.927151833,0.9262141120000732,2015 Song One,6.206,1/23/2015,en,5.6,126,Drama,0,0,0,0,0,0,1,0,0,0,0,0,0,0,0,0,0,0,0,FALSE
Icarus,2010,6000000,0,0,0,2,,,,0,2010 Icarus,5.002,9/10/2010,en,5.2,42,"Action,Drama,Thriller",1,0,0,0,0,0,1,0,0,0,0,0,0,0,0,0,1,0,0,TRUE
The Hit List,2011,6000000,0,0,0,5,,,,0,2011 The Hit List,6.241,4/3/2011,en,5.4,116,"Action,Thriller",1,0,0,0,0,0,0,0,0,0,0,0,0,0,0,0,1,0,0,TRUE
Valhalla Rising,2010,5700000,30638,700975,731613,7,-4968387,-6.79100426,-0.871646842,0.9581226686786594,2010 Valhalla Rising,11.26,7/16/2010,en,6,582,"Adventure,Drama,Action,Fantasy",1,1,0,0,0,0,1,0,1,0,0,0,0,0,0,0,0,0,0,FALSE
Standing Ovation,2010,5600000,531806,0,531806,7,-5068194,-9.530155733,-0.905034643,0,2010 Standing Ovation,1.224,7/16/2010,en,4.3,12,"Comedy,Music,Family",0,0,0,1,0,0,0,1,0,0,0,1,0,0,0,0,0,0,0,FALSE
Khiladi 786,2012,5600000,385422,14298341,14683763,12,9083763,0.6186263698208695,1.6221005357142857,0.9737518236980536,2012 Khiladi 786,1.824,12/7/2012,en,4.7,16,"Action,Comedy",1,0,0,1,0,0,0,0,0,0,0,0,0,0,0,0,0,0,0,FALSE
Don Jon,2013,5500000,24477704,16790875,41268579,9,35768579,0.8667266929641556,6.503378,0.4068682616864515,2013 Don Jon,12.78,9/27/2013,en,5.9,2709,"Romance,Comedy,Drama",0,0,0,1,0,0,1,0,0,0,0,0,0,1,0,0,0,0,0,FALSE
Hell Fest,2018,5500000,11107431,7011800,18119231,9,12619231,0.6964551089392259,2.2944056363636363,0.3869811031163519,2018 Hell Fest,12.955,9/28/2018,en,5.5,273,Horror,0,0,0,0,0,0,0,0,0,0,1,0,0,0,0,0,0,0,0,FALSE
Le Havre,2011,5500000,611709,12868487,13480196,10,7980196,0.5919940629943363,1.4509447272727272,0.9546216538691276,2011 Le Havre,5.973,10/21/2011,fr,6.9,169,"Drama,Comedy",0,0,0,1,0,0,1,0,0,0,0,0,0,0,0,0,0,0,0,FALSE
Salvation Boulevard,2011,5500000,28468,0,28468,7,-5471532,-192.1993818,-0.994824,0,2011 Salvation Boulevard,6.507,7/15/2011,en,5.4,38,"Comedy,Thriller,Action,Drama",1,0,0,1,0,0,1,0,0,0,0,0,0,0,0,0,1,0,0,FALSE
Grabbers,2013,5300000,0,440821,440821,7,-4859179,-11.02302068,-0.916826226,1,2013 Grabbers,7.117,7/19/2013,en,6.1,202,"Science Fiction,Comedy,Thriller,Horror,Mystery",0,0,0,1,0,0,0,0,0,0,1,0,1,0,1,0,1,0,0,FALSE
Get Out,2017,5000000,176040665,79327286,255367951,2,250367951,0.980420409,50.0735902,0.3106391608240613,2017 Get Out,24.739,2/24/2017,en,7.5,8760,"Mystery,Thriller,Horror",0,0,0,0,0,0,0,0,0,0,1,0,1,0,0,0,1,0,0,FALSE
Paranormal Activity 3,2011,5000000,104028807,103011037,207039844,10,202039844,0.9758500590833136,40.4079688,0.4975420914633224,2011 Paranormal Activity 3,9.669,10/21/2011,en,5.9,1197,Horror,0,0,0,0,0,0,0,0,0,0,1,0,0,0,0,0,0,0,0,FALSE
10 Cloverfield Lane,2016,5000000,72082999,36203423,108286422,3,103286422,0.953826159,20.6572844,0.3343302173193976,2016 10 Cloverfield Lane,17.892,3/11/2016,en,6.9,4629,"Thriller,Science Fiction,Drama",0,0,0,0,0,0,1,0,0,0,0,0,0,0,1,0,1,0,0,FALSE
Lights Out,2016,5000000,67268835,81537675,148806510,7,143806510,0.966399319,28.761302,0.5479442734057804,2016 Lights Out,12.408,7/22/2016,en,6.3,2220,"Thriller,Mystery,Horror",0,0,0,0,0,0,0,0,0,0,1,0,1,0,0,0,1,0,0,FALSE
The Visit,2015,5000000,65206105,33471711,98677816,9,93677816,0.9493300500286712,18.7355632,0.3392019843649559,2015 The Visit,10.196,9/11/2015,en,6.2,2634,"Horror,Thriller,Mystery",0,0,0,0,0,0,0,0,0,0,1,0,1,0,0,0,1,0,0,FALSE
Happy Death Day,2017,5000000,55683845,69326415,125010260,10,120010260,0.960003283,24.002052,0.5545658012390343,2017 Happy Death Day,21.23,10/13/2017,en,6.6,3211,"Horror,Mystery,Thriller",0,0,0,0,0,0,0,0,0,0,1,0,1,0,0,0,1,0,0,FALSE
Paranormal Activity 4,2012,5000000,53900335,88917657,142817992,10,137817992,0.9649904054105451,27.5635984,0.6225942246828396,2012 Paranormal Activity 4,8.965,10/19/2012,en,5.4,1026,Horror,0,0,0,0,0,0,0,0,0,0,1,0,0,0,0,0,0,0,0,FALSE
Ouija,2014,5000000,50856010,52444622,103300632,10,98300632,0.9515975855791472,19.6601264,0.5076892656377939,2014 Ouija,15.389,10/24/2014,en,5.1,1670,Horror,0,0,0,0,0,0,0,0,0,0,1,0,0,0,0,0,0,0,0,FALSE
No se Aceptan Devoluciones,2013,5000000,44467206,56019410,100486616,8,95486616,0.9502421297578576,19.0973232,0.557481307,2013 No se Aceptan Devoluciones,6.842,8/30/2013,es,7.6,339,"Comedy,Drama",0,0,0,1,0,0,1,0,0,0,0,0,0,0,0,0,0,0,0,FALSE
The Gift,2015,5000000,43787265,15191212,58978477,8,53978477,0.9152233110393814,10.7956954,0.2575721309317634,2015 The Gift,12.097,8/7/2015,en,6.7,1797,"Thriller,Mystery",0,0,0,0,0,0,0,0,0,0,0,0,1,0,0,0,1,0,0,FALSE
The Big Sick,2017,5000000,42872467,11100393,53972860,6,48972860,0.9073608476556552,9.794572,0.2056661996418199,2017 The Big Sick,12.322,6/23/2017,en,7.4,1302,"Comedy,Drama,Romance",0,0,0,1,0,0,1,0,0,0,0,0,0,1,0,0,0,0,0,FALSE
Paranormal Activity: The Marked Ones,2014,5000000,32462372,58442482,90904854,1,85904854,0.944997437,17.1809708,0.6428972648699265,2014 Paranormal Activity: The Marked Ones,9.446,1/3/2014,en,5.3,752,"Horror,Thriller",0,0,0,0,0,0,0,0,0,0,1,0,0,0,0,0,1,0,0,FALSE
Oculus,2014,5000000,27695246,16420250,44115496,4,39115496,0.8866611405661177,7.8230992,0.3722104813238414,2014 Oculus,10.841,4/3/2014,en,6.4,1747,Horror,0,0,0,0,0,0,0,0,0,0,1,0,0,0,0,0,0,0,0,FALSE
Dallas Buyers Club,2013,5000000,27298285,33313560,60611845,11,55611845,0.9175078732548068,11.122369,0.5496212827707192,2013 Dallas Buyers Club,12.389,11/22/2013,en,7.9,4961,"Drama,History",0,0,0,0,0,0,1,0,0,1,0,0,0,0,0,0,0,0,0,FALSE
No Escape,2015,5000000,27288872,15555644,42844516,8,37844516,0.8832989500920024,7.5689032,0.3630719973590086,2015 No Escape,19.005,8/26/2015,en,6.8,1296,"Action,Thriller",1,0,0,0,0,0,0,0,0,0,0,0,0,0,0,0,1,0,0,FALSE
The Lazarus Effect,2015,5000000,25801570,12557740,38359310,2,33359310,0.8696535469485766,6.671862,0.3273713734683965,2015 The Lazarus Effect,10.157,2/27/2015,en,5.1,825,"Thriller,Horror",0,0,0,0,0,0,0,0,0,0,1,0,0,0,0,0,1,0,0,FALSE
Our Idiot Brother,2011,5000000,24814830,1046419,25861249,8,20861249,0.8066605367745386,4.1722498,0.040462818,2011 Our Idiot Brother,8.523,8/26/2011,en,6.1,527,"Comedy,Drama",0,0,0,1,0,0,1,0,0,0,0,0,0,0,0,0,0,0,0,FALSE
The Strangers: Prey at Night,2018,5000000,24431472,5528579,29960051,3,24960051,0.8331110985091448,4.9920102,0.1845316952230822,2018 The Strangers: Prey at Night,13.31,3/9/2018,en,5.4,621,"Horror,Thriller",0,0,0,0,0,0,0,0,0,0,1,0,0,0,0,0,1,0,0,FALSE
The Way Way Back,2013,5000000,21502690,5351120,26853810,7,21853810,0.8138066814355207,4.370762,0.1992685581673513,2013 The Way Way Back,9.977,7/5/2013,en,7.1,1043,"Comedy,Drama",0,0,0,1,0,0,1,0,0,0,0,0,0,0,0,0,0,0,0,FALSE
"As Above, So Below",2014,5000000,21222315,20601751,41824066,8,36824066,0.880451604,7.3648132,0.4925812569251397,"2014 As Above, So Below",10.613,8/29/2014,en,6.2,1321,"Horror,Thriller",0,0,0,0,0,0,0,0,0,0,1,0,0,0,0,0,1,0,0,FALSE
Race,2016,5000000,19115191,4630581,23745772,2,18745772,0.7894361994211011,3.7491544,0.1950065468496876,2016 Race,8.705,2/19/2016,en,7.2,910,"Action,Drama",1,0,0,0,0,0,1,0,0,0,0,0,0,0,0,0,0,0,0,FALSE
Apollo 18,2011,5000000,17686929,8830890,26517819,9,21517819,0.8114475402370006,4.3035638,0.3330172062792947,2011 Apollo 18,8.384,9/2/2011,en,5,486,"Horror,Thriller,Science Fiction",0,0,0,0,0,0,0,0,0,0,1,0,0,0,1,0,1,0,0,FALSE
"Paul, Apostle of Christ",2018,5000000,17547999,7981499,25529498,3,20529498,0.8041481270019489,4.1058996,0.3126383056964144,"2018 Paul, Apostle of Christ",12.005,3/28/2018,en,7.1,98,History,0,0,0,0,0,0,0,0,0,1,0,0,0,0,0,0,0,0,0,FALSE
Addicted,2014,5000000,17390770,108472,17499242,10,12499242,0.7142733382394506,2.4998484,0.006198668,2014 Addicted,8.295,10/10/2014,en,5.3,103,"Drama,Thriller",0,0,0,0,0,0,1,0,0,0,0,0,0,0,0,0,1,0,0,FALSE
Spring Breakers,2013,5000000,14124286,17024965,31149251,3,26149251,0.8394824967059401,5.2298502,0.546560975,2013 Spring Breakers,10.691,3/15/2013,en,5,2495,"Drama,Crime",0,0,0,0,1,0,1,0,0,0,0,0,0,0,0,0,0,0,0,FALSE
It Comes at Night,2017,5000000,13985117,5735086,19720203,6,14720203,0.7464529143031641,2.9440406,0.2908228683041447,2017 It Comes at Night,12.337,6/9/2017,en,5.8,1141,Horror,0,0,0,0,0,0,0,0,0,0,1,0,0,0,0,0,0,0,0,FALSE
Before I Fall,2017,5000000,12241072,6704610,18945682,3,13945682,0.7360876214432397,2.7891364,0.3538859144790882,2017 Before I Fall,14.584,3/3/2017,en,7,2135,"Drama,Mystery,Thriller,Fantasy",0,0,0,0,0,0,1,0,1,0,0,0,1,0,0,0,1,0,0,FALSE
Fifty Shades of Black,2016,5000000,11686940,10426135,22113075,1,17113075,0.77388943,3.422615,0.4714918662375088,2016 Fifty Shades of Black,8.784,1/29/2016,en,4.4,677,"Romance,Comedy",0,0,0,1,0,0,0,0,0,0,0,0,0,1,0,0,0,0,0,FALSE
The Perfect Match,2016,5000000,9669521,512529,10182050,3,5182050,0.5089397518181505,1.03641,0.050336524,2016 The Perfect Match,6.875,3/11/2016,en,5.5,78,"Comedy,Romance",0,0,0,1,0,0,0,0,0,0,0,0,0,1,0,0,0,0,0,FALSE
Fahrenheit 11/9,2018,5000000,6352306,301409,6653715,9,1653715,0.2485401012817651,0.330743,0.045299355,2018 Fahrenheit 11/9,10.003,9/10/2018,en,7.1,142,Documentary,0,0,0,0,0,1,0,0,0,0,0,0,0,0,0,0,0,0,0,FALSE
Sea Rex 3D: Journey to a Prehistoric World,2010,5000000,6096582,10418621,16515203,5,11515203,0.6972486502285198,2.3030406,0.6308503141014978,2010 Sea Rex 3D: Journey to a Prehistoric World,2.746,5/14/2010,en,7.4,12,Documentary,0,0,0,0,0,1,0,0,0,0,0,0,0,0,0,0,0,0,0,FALSE
90 Minutes in Heaven,2015,5000000,4816142,0,4816142,9,-183858,-0.038175369,-0.0367716,0,2015 90 Minutes in Heaven,5.798,9/11/2015,en,5.3,63,Drama,0,0,0,0,0,0,1,0,0,0,0,0,0,0,0,0,0,0,0,FALSE
Incarnate,2016,5000000,4799774,4571262,9371036,12,4371036,0.4664410637201692,0.8742072,0.4878075380352823,2016 Incarnate,7.137,12/2/2016,en,5.2,314,"Horror,Thriller",0,0,0,0,0,0,0,0,0,0,1,0,0,0,0,0,1,0,0,FALSE
Table 19,2017,5000000,3614896,1005503,4620399,3,-379601,-0.082157623,-0.0759202,0.217622547,2017 Table 19,7.551,3/3/2017,en,6,604,"Comedy,Drama",0,0,0,1,0,0,1,0,0,0,0,0,0,0,0,0,0,0,0,FALSE
Green Room,2016,5000000,3220371,587132,3807503,4,-1192497,-0.313196602,-0.2384994,0.1542039494125152,2016 Green Room,9.943,4/15/2016,en,6.8,1314,"Horror,Crime,Thriller",0,0,0,0,1,0,0,0,0,0,1,0,0,0,0,0,1,0,0,FALSE
Thoroughbreds,2018,5000000,3072605,114697,3187302,3,-1812698,-0.568724896,-0.3625396,0.035985608,2018 Thoroughbreds,11.241,3/9/2018,en,6.3,398,"Drama,Thriller",0,0,0,0,0,0,1,0,0,0,0,0,0,0,0,0,1,0,0,FALSE
The Other Side of the Door,2016,5000000,3000342,9904765,12905107,3,7905107,0.6125564863584626,1.5810214,0.7675073906787445,2016 The Other Side of the Door,9.078,3/11/2016,en,5.3,470,"Thriller,Horror",0,0,0,0,0,0,0,0,0,0,1,0,0,0,0,0,1,0,0,FALSE
Everything Must Go,2011,5000000,2712131,108879,2821010,5,-2178990,-0.772414844,-0.435798,0.038595751,2011 Everything Must Go,7.493,5/13/2011,en,6,301,"Comedy,Drama,Romance",0,0,0,1,0,0,1,0,0,0,0,0,0,1,0,0,0,0,0,FALSE
Kill the Messenger,2014,5000000,2450846,4205859,6656705,10,1656705,0.2488776354067064,0.331341,0.631822951,2014 Kill the Messenger,10.062,10/10/2014,en,6.6,507,"Thriller,Crime,Drama,Mystery",0,0,0,0,1,0,1,0,0,0,0,0,1,0,0,0,1,0,0,FALSE
Rabbit Hole,2010,5000000,2229058,3975976,6205034,12,1205034,0.1942026425640858,0.2410068,0.6407661908057233,2010 Rabbit Hole,9.389,12/16/2010,en,6.8,292,Drama,0,0,0,0,0,0,1,0,0,0,0,0,0,0,0,0,0,0,0,FALSE
Jem and the Holograms,2015,5000000,2184640,184297,2368937,10,-2631063,-1.110651317,-0.5262126,0.077797341,2015 Jem and the Holograms,7.942,10/23/2015,en,5.4,241,"Drama,Fantasy,Music",0,0,0,0,0,0,1,0,1,0,0,1,0,0,0,0,0,0,0,FALSE
Paterson,2016,5000000,2141423,8586113,10727536,12,5727536,0.5339097440456038,1.1455072,0.8003807211646737,2016 Paterson,9.486,12/28/2016,en,7.1,736,"Comedy,Drama,Romance",0,0,0,1,0,0,1,0,0,0,0,0,0,1,0,0,0,0,0,FALSE
Ain't Them Bodies Saints,2013,5000000,391611,683398,1075009,8,-3924991,-3.651123851,-0.7849982,0.6357137475128115,2013 Ain't Them Bodies Saints,8.166,8/16/2013,en,6.2,217,"Crime,Drama,Romance,Western",0,0,0,0,1,0,1,0,0,0,0,0,0,1,0,0,0,0,1,FALSE
Cop Car,2015,5000000,134552,9106,143658,8,-4856342,-33.80488382,-0.9712684,0.063386654,2015 Cop Car,11.414,8/7/2015,en,5.8,452,Thriller,0,0,0,0,0,0,0,0,0,0,0,0,0,0,0,0,1,0,0,FALSE
Rudderless,2014,5000000,56001,511218,567219,10,-4432781,-7.81493744,-0.8865562,0.9012709376801552,2014 Rudderless,8.03,10/17/2014,en,7.4,149,"Music,Drama,Comedy",0,0,0,1,0,0,1,0,0,0,0,1,0,0,0,0,0,0,0,FALSE
Area 51,2015,5000000,7556,0,7556,5,-4992444,-660.7257808,-0.9984888,0,2015 Area 51,6.794,5/15/2015,en,4.4,248,"Horror,Thriller,Science Fiction",0,0,0,0,0,0,0,0,0,0,1,0,0,0,1,0,1,0,0,FALSE
Dying of the Light,2014,5000000,0,74639,74639,12,-4925361,-65.98910757,-0.9850722,1,2014 Dying of the Light,9.064,12/4/2014,en,4.6,174,"Thriller,Drama",0,0,0,0,0,0,1,0,0,0,0,0,0,0,0,0,1,0,0,FALSE
Yoga Hosers,2016,5000000,0,22958,22958,9,-4977042,-216.789006,-0.9954084,1,2016 Yoga Hosers,8.05,9/2/2016,en,4.5,221,"Comedy,Fantasy,Horror",0,0,0,1,0,0,0,0,1,0,1,0,0,0,0,0,0,0,0,FALSE
Reach Me,2014,5000000,0,0,0,11,,,,0,2014 Reach Me,4.659,3/14/2014,en,5.2,48,Drama,0,0,0,0,0,0,1,0,0,0,0,0,0,0,0,0,0,0,0,TRUE
Henry & Me,2014,5000000,0,0,0,8,,,,0,2014 Henry & Me,0.6,8/18/2014,en,4.7,3,"Family,Animation",0,0,1,0,0,0,0,1,0,0,0,0,0,0,0,0,0,0,0,TRUE
We Have Your Husband,2011,5000000,0,0,0,12,,,,0,2011 We Have Your Husband,0.698,11/12/2011,en,5,3,"TV Movie,Crime,Drama,Thriller",0,0,0,0,1,0,1,0,0,0,0,0,0,0,0,1,1,0,0,TRUE
Only God Forgives,2013,4800000,775849,3718711,4494560,7,-305440,-0.067957709,-0.063633333,0.8273804332348439,2013 Only God Forgives,10.196,7/19/2013,en,5.8,1396,"Drama,Thriller,Crime",0,0,0,0,1,0,1,0,0,0,0,0,0,0,0,0,1,0,0,FALSE
Take Shelter,2011,4750000,1728953,3243063,4972016,9,222016,0.044653115,0.046740211,0.6522631866027784,2011 Take Shelter,11.236,9/30/2011,en,7.2,787,"Thriller,Drama",0,0,0,0,0,0,1,0,0,0,0,0,0,0,0,0,1,0,0,FALSE
Without Men,2011,4700000,0,0,0,12,,,,0,2011 Without Men,2.312,6/29/2011,en,4.5,13,"Comedy,Romance",0,0,0,1,0,0,0,0,0,0,0,0,0,1,0,0,0,0,0,TRUE
Treading Water,2015,4700000,0,0,0,3,,,,0,2015 Treading Water,1.39,3/13/2015,en,6.2,7,"Drama,Comedy",0,0,0,1,0,0,1,0,0,0,0,0,0,0,0,0,0,0,0,TRUE
Fast Times at Ridgemont High,1982,4500000,27092880,0,27092880,8,22592880,0.8339047011613383,5.02064,0,1982 Fast Times at Ridgemont High,10.705,8/13/1982,en,6.9,563,"Comedy,Drama",0,0,0,1,0,0,1,0,0,0,0,0,0,0,0,0,0,0,0,FALSE
The Lobster,2016,4500000,9196278,8823556,18019834,3,13519834,0.7502751690165403,3.0044075555555554,0.4896580068384648,2016 The Lobster,15.64,5/13/2016,en,6.9,2895,"Thriller,Comedy,Drama,Romance,Science Fiction",0,0,0,1,0,0,1,0,0,0,0,0,0,1,1,0,1,0,0,FALSE
Blackthorn,2011,4500000,200558,1016749,1217307,10,-3282693,-2.696684567,-0.729487333,0.8352445192543869,2011 Blackthorn,7.548,10/7/2011,en,6.7,111,"Adventure,Action,Western",1,1,0,0,0,0,0,0,0,0,0,0,0,0,0,0,0,0,1,FALSE
Maggie,2015,4500000,187112,840648,1027760,5,-3472240,-3.378454114,-0.771608889,0.8179419319685529,2015 Maggie,13,5/8/2015,en,5.3,958,"Horror,Drama,Mystery",0,0,0,0,0,0,1,0,0,0,1,0,1,0,0,0,0,0,0,FALSE
The Sweeney,2013,4500000,26345,7974021,8000366,3,3500366,0.4375257331977062,0.7778591111111111,0.9967070256535764,2013 The Sweeney,6.4,3/1/2013,en,5.9,142,"Action,Crime",1,0,0,0,1,0,0,0,0,0,0,0,0,0,0,0,0,0,0,FALSE
Falcon Rising,2014,4500000,11774,0,11774,9,-4488226,-381.1980635,-0.997383556,0,2014 Falcon Rising,10.059,9/5/2014,en,5.8,126,"Adventure,Action",1,1,0,0,0,0,0,0,0,0,0,0,0,0,0,0,0,0,0,FALSE
Zipper,2015,4500000,0,0,0,8,,,,0,2015 Zipper,9.373,8/28/2015,en,5.7,85,"Thriller,Drama",0,0,0,0,0,0,1,0,0,0,0,0,0,0,0,0,1,0,0,TRUE
The Final Girls,2015,4500000,0,0,0,11,,,,0,2015 The Final Girls,8.362,10/9/2015,en,6.5,619,"Comedy,Horror",0,0,0,1,0,0,0,0,0,0,1,0,0,0,0,0,0,0,0,TRUE
R.L. Stine's Monsterville: The Cabinet of Souls,2015,4400000,0,0,0,9,,,,0,2015 R.L. Stine's Monsterville: The Cabinet of Souls,4.297,9/29/2015,en,6.7,72,"Comedy,Horror",0,0,0,1,0,0,0,0,0,0,1,0,0,0,0,0,0,0,0,TRUE
Snabba Cash,2012,4300000,188870,10023533,10212403,7,5912403,0.5789433691561134,1.3749774418604652,0.9815058218912824,2012 Snabba Cash,7.438,7/11/2012,sv,6.6,99,"Drama,Thriller,Crime",0,0,0,0,1,0,1,0,0,0,0,0,0,0,0,0,1,0,0,FALSE
Animal Kingdom,2010,4200000,1044039,7034644,8078683,8,3878683,0.4801132808404538,0.9234959523809524,0.8707661880036635,2010 Animal Kingdom,10.188,8/13/2010,en,6.8,399,"Drama,Thriller,Crime,Mystery",0,0,0,0,1,0,1,0,0,0,0,0,1,0,0,0,1,0,0,FALSE
Cargo,2011,4200000,0,313230,313230,10,-3886770,-12.40867733,-0.925421429,1,2011 Cargo,1.925,10/21/2011,en,4.4,7,"Drama,Thriller",0,0,0,0,0,0,1,0,0,0,0,0,0,0,0,0,1,0,0,FALSE
The Boy Next Door,2015,4000000,36006065,17395873,53401938,1,49401938,0.9250963513721168,12.3504845,0.3257535896918198,2015 The Boy Next Door,7.062,1/23/2015,en,4.4,1382,Thriller,0,0,0,0,0,0,0,0,0,0,0,0,0,0,0,0,1,0,0,FALSE
Boyhood,2014,4000000,25379975,31893074,57273049,7,53273049,0.930159122,13.31826225,0.5568600686860586,2014 Boyhood,11.141,7/11/2014,en,7.5,3097,Drama,0,0,0,0,0,0,1,0,0,0,0,0,0,0,0,0,0,0,0,FALSE
The Kids Are All Right,2010,4000000,20811365,15464104,36275469,7,32275469,0.8897326454966027,8.06886725,0.4262964594613511,2010 The Kids Are All Right,8.426,7/9/2010,en,6.6,854,"Comedy,Drama",0,0,0,1,0,0,1,0,0,0,0,0,0,0,0,0,0,0,0,FALSE
A Haunted House 2,2014,4000000,17329487,3877374,21206861,4,17206861,0.811381798,4.30171525,0.1828358284613644,2014 A Haunted House 2,6.948,4/18/2014,en,5.5,597,"Comedy,Horror",0,0,0,1,0,0,0,0,0,0,1,0,0,0,0,0,0,0,0,FALSE
The Last Exorcism Part II,2013,4000000,15179303,10269404,25448707,3,21448707,0.8428210910676129,5.36217675,0.4035334290264727,2013 The Last Exorcism Part II,7.561,3/1/2013,en,4.5,297,"Horror,Thriller,Drama",0,0,0,0,0,0,1,0,0,0,1,0,0,0,0,0,1,0,0,FALSE
The Darkness,2016,4000000,10753574,144719,10898293,5,6898293,0.6329700440243257,1.72457325,0.013279052,2016 The Darkness,8.357,5/13/2016,en,4.8,347,"Horror,Thriller",0,0,0,0,0,0,0,0,0,0,1,0,0,0,0,0,1,0,0,FALSE
Samsara,2012,4000000,2672413,3294258,5966671,8,1966671,0.3296094254233223,0.49166775,0.5521098783559543,2012 Samsara,6.015,8/22/2012,en,8.2,276,"Drama,Documentary",0,0,0,0,0,1,1,0,0,0,0,0,0,0,0,0,0,0,0,FALSE
The Art of Getting By,2011,4000000,1430241,558794,1989035,6,-2010965,-1.011025447,-0.50274125,0.2809372384095805,2011 The Art of Getting By,8.695,6/17/2011,en,6.5,752,"Drama,Romance",0,0,0,0,0,0,1,0,0,0,0,0,0,1,0,0,0,0,0,FALSE
Red State,2011,4000000,1065429,918167,1983596,9,-2016404,-1.016539658,-0.504101,0.462880042,2011 Red State,7.816,9/23/2011,en,6.1,472,"Horror,Action,Thriller",1,0,0,0,0,0,0,0,0,0,1,0,0,0,0,0,1,0,0,FALSE
Holy Motors,2012,4000000,641054,3589372,4230426,10,230426,0.054468746,0.0576065,0.8484658519023852,2012 Holy Motors,5.31,10/17/2012,fr,7,431,"Drama,Fantasy",0,0,0,0,0,0,1,0,1,0,0,0,0,0,0,0,0,0,0,FALSE
The Signal,2014,4000000,600896,2064426,2665322,6,-1334678,-0.500756757,-0.3336695,0.7745503169973459,2014 The Signal,10.032,6/13/2014,en,5.9,901,"Thriller,Science Fiction",0,0,0,0,0,0,0,0,0,0,0,0,0,0,1,0,1,0,0,FALSE
The Face of Love,2014,4000000,385069,773808,1158877,3,-2841123,-2.451617385,-0.71028075,0.6677222863168395,2014 The Face of Love,5.519,3/7/2014,en,6.1,68,"Drama,Romance",0,0,0,0,0,0,1,0,0,0,0,0,0,1,0,0,0,0,0,FALSE
Joe,2014,4000000,373375,0,373375,4,-3626625,-9.713090057,-0.90665625,0,2014 Joe,8.57,4/11/2014,en,6.6,514,Drama,0,0,0,0,0,0,1,0,0,0,0,0,0,0,0,0,0,0,0,FALSE
Desert Dancer,2015,4000000,155271,441064,596335,4,-3403665,-5.707639163,-0.85091625,0.7396245398978762,2015 Desert Dancer,1.508,3/20/2015,en,6.9,33,Drama,0,0,0,0,0,0,1,0,0,0,0,0,0,0,0,0,0,0,0,FALSE
Manglehorn,2015,4000000,132270,665169,797439,6,-3202561,-4.016057655,-0.80064025,0.8341315135076163,2015 Manglehorn,7.661,6/19/2015,en,5.4,94,Drama,0,0,0,0,0,0,1,0,0,0,0,0,0,0,0,0,0,0,0,FALSE
Trust,2011,4000000,120016,0,120016,4,-3879984,-32.32888948,-0.969996,0,2011 Trust,7.805,4/1/2011,en,6.6,556,"Crime,Drama,Thriller",0,0,0,0,1,0,1,0,0,0,0,0,0,0,0,0,1,0,0,FALSE
Praia do Futuro,2015,4000000,20620,740058,760678,2,-3239322,-4.258466789,-0.8098305,0.972892604,2015 Praia do Futuro,3.415,2/27/2015,pt,6.4,43,Drama,0,0,0,0,0,0,1,0,0,0,0,0,0,0,0,0,0,0,0,FALSE
13 Sins,2014,4000000,9134,38418,47552,4,-3952448,-83.11843876,-0.988112,0.8079155450874832,2014 13 Sins,10.899,4/18/2014,en,6.3,576,"Horror,Thriller",0,0,0,0,0,0,0,0,0,0,1,0,0,0,0,0,1,0,0,FALSE
Another Happy Day,2011,4000000,9120,969407,978527,11,-3021473,-3.087776832,-0.75536825,0.9906798688232414,2011 Another Happy Day,5.473,11/18/2011,en,6.1,60,"Comedy,Drama",0,0,0,1,0,0,1,0,0,0,0,0,0,0,0,0,0,0,0,FALSE
Inescapable,2013,4000000,4327,0,4327,2,-3995673,-923.4280102,-0.99891825,0,2013 Inescapable,6.122,2/22/2013,en,5.2,27,"Thriller,Romance",0,0,0,0,0,0,0,0,0,0,0,0,0,1,0,0,1,0,0,FALSE
How to Fall in Love,2012,4000000,0,0,0,12,,,,0,2012 How to Fall in Love,2.808,7/21/2012,en,5.9,35,"Comedy,Romance,TV Movie",0,0,0,1,0,0,0,0,0,0,0,0,0,1,0,1,0,0,0,TRUE
Chain of Command,2015,4000000,0,0,0,9,,,,0,2015 Chain of Command,3.767,9/8/2015,en,5,20,"Thriller,Adventure,Action",1,1,0,0,0,0,0,0,0,0,0,0,0,0,0,0,1,0,0,TRUE
The Good Heart,2010,3800000,20930,320000,340930,4,-3459070,-10.14598305,-0.910281579,0.938609099,2010 The Good Heart,2.321,4/30/2010,en,6.4,30,"Drama,Comedy,Romance",0,0,0,1,0,0,1,0,0,0,0,0,0,1,0,0,0,0,0,FALSE
Hevi reissu,2018,3800000,10153,0,10153,10,-3789847,-373.2736137,-0.997328158,0,2018 Hevi reissu,8.996,10/5/2018,fi,7,43,"Comedy,Music",0,0,0,1,0,0,0,0,0,0,0,1,0,0,0,0,0,0,0,FALSE
Four Lions,2010,3750000,310007,2126104,2436111,11,-1313889,-0.539338725,-0.3503704,0.8727451253247491,2010 Four Lions,9.968,11/5/2010,en,7,621,"Comedy,Crime,Drama",0,0,0,1,1,0,1,0,0,0,0,0,0,0,0,0,0,0,0,FALSE
Defendor,2010,3750000,44462,0,44462,2,-3705538,-83.34168503,-0.988143467,0,2010 Defendor,7.863,2/26/2010,en,6.4,295,"Drama,Action,Comedy,Crime",1,0,0,1,1,0,1,0,0,0,0,0,0,0,0,0,0,0,0,FALSE
Truth or Dare,2018,3500000,41411015,53716329,95127344,4,91627344,0.9632072141108028,26.179241142857144,0.5646781119001913,2018 Truth or Dare,14.354,4/13/2018,en,6,2005,"Thriller,Horror",0,0,0,0,0,0,0,0,0,0,1,0,0,0,0,0,1,0,0,FALSE
The Witch,2016,3500000,25138705,15315815,40454520,2,36954520,0.9134830916298105,10.558434285714286,0.3785934179913641,2016 The Witch,13.493,2/19/2016,en,6.6,2931,"Mystery,Horror",0,0,0,0,0,0,0,0,0,0,1,0,1,0,0,0,0,0,0,FALSE
Winchester,2018,3500000,25091816,19286224,44378040,2,40878040,0.9211321635655834,11.67944,0.4345893599627203,2018 Winchester,12.44,2/2/2018,en,5.7,884,"Fantasy,Mystery,Thriller,Horror",0,0,0,0,0,0,0,0,1,0,1,0,1,0,0,0,1,0,0,FALSE
Dark Skies,2013,3500000,17418667,10285444,27704111,2,24204111,0.8736649589658373,6.9154602857142855,0.371260569,2013 Dark Skies,11.582,2/22/2013,en,6.1,1004,"Science Fiction,Thriller,Horror",0,0,0,0,0,0,0,0,0,0,1,0,0,0,1,0,1,0,0,FALSE
Forever My Girl,2018,3500000,16376066,0,16376066,1,12876066,0.786273455,3.678876,0,2018 Forever My Girl,15.953,1/26/2018,en,7.4,406,"Romance,Drama,Music",0,0,0,0,0,0,1,0,0,0,0,1,0,1,0,0,0,0,0,FALSE
El secreto de sus ojos,2010,3500000,6391436,34136283,40527719,4,37027719,0.9136393538456976,10.579348285714286,0.8422947020531799,2010 El secreto de sus ojos,12.531,4/16/2010,es,7.9,1141,"Crime,Drama,Mystery,Romance",0,0,0,0,1,0,1,0,0,0,0,0,1,1,0,0,0,0,0,FALSE
First Reformed,2018,3500000,3448256,426516,3874772,5,374772,0.096721046,0.1070777142857142,0.1100751218394269,2018 First Reformed,12.943,5/18/2018,en,6.9,446,Drama,0,0,0,0,0,0,1,0,0,0,0,0,0,0,0,0,0,0,0,FALSE
Believe,2016,3500000,890303,0,890303,12,-2609697,-2.931245879,-0.745627714,0,2016 Believe,1.536,12/2/2016,en,6.5,11,Drama,0,0,0,0,0,0,1,0,0,0,0,0,0,0,0,0,0,0,0,FALSE
American Honey,2016,3500000,663247,1948503,2611750,9,-888250,-0.340097636,-0.253785714,0.7460526466928304,2016 American Honey,8.778,9/30/2016,en,6.7,417,Drama,0,0,0,0,0,0,1,0,0,0,0,0,0,0,0,0,0,0,0,FALSE
The Bronze,2016,3500000,615816,0,615816,3,-2884184,-4.683515855,-0.824052571,0,2016 The Bronze,8.328,3/18/2016,en,5.8,186,"Drama,Comedy",0,0,0,1,0,0,1,0,0,0,0,0,0,0,0,0,0,0,0,FALSE
Trolljegeren,2011,3500000,253444,5453194,5706638,6,2206638,0.3866791620565383,0.630468,0.9555878610137878,2011 Trolljegeren,8.221,6/10/2011,nb,6.7,806,"Fantasy,Horror",0,0,0,0,0,0,0,0,1,0,1,0,0,0,0,0,0,0,0,FALSE
The Masked Saint,2016,3500000,182695,0,182695,1,-3317305,-18.15761241,-0.947801429,0,2016 The Masked Saint,1.42,1/8/2016,en,3.5,16,"Crime,Action",1,0,0,0,1,0,0,0,0,0,0,0,0,0,0,0,0,0,0,FALSE
"Batman: The Dark Knight Returns, Part 2",2013,3500000,0,0,0,1,,,,0,"2013 Batman: The Dark Knight Returns, Part 2",13.326,1/29/2013,en,7.9,689,"Action,Animation,Mystery",1,0,1,0,0,0,0,0,0,0,0,0,1,0,0,0,0,0,0,TRUE
In the Name of the King III,2014,3500000,0,0,0,3,,,,0,2014 In the Name of the King III,5.988,3/11/2014,en,3.5,31,"Action,Adventure,Drama,Fantasy",1,1,0,0,0,0,1,0,1,0,0,0,0,0,0,0,0,0,0,TRUE
Wicked Blood,2014,3500000,0,0,0,3,,,,0,2014 Wicked Blood,7.043,3/4/2014,en,5.5,52,"Action,Drama,Thriller",1,0,0,0,0,0,1,0,0,0,0,0,0,0,0,0,1,0,0,TRUE
Dawn Patrol,2015,3500000,0,0,0,6,,,,0,2015 Dawn Patrol,1.772,6/5/2015,en,5.1,15,Drama,0,0,0,0,0,0,1,0,0,0,0,0,0,0,0,0,0,0,0,TRUE
Jagten,2013,3450000,687185,17622608,18309793,5,14859793,0.8115762422873923,4.307186376811594,0.9624689913206556,2013 Jagten,13.774,7/12/2013,da,8,1634,Drama,0,0,0,0,0,0,1,0,0,0,0,0,0,0,0,0,0,0,0,FALSE
Margin Call,2011,3400000,5353586,15079641,20433227,10,17033227,0.833604354,5.009772647058823,0.7379960590659518,2011 Margin Call,9.498,10/21/2011,en,6.8,856,"Thriller,Drama",0,0,0,0,0,0,1,0,0,0,0,0,0,0,0,0,1,0,0,FALSE
Whiplash,2014,3300000,13092006,25877031,38969037,10,35669037,0.9153173839014804,10.80879909090909,0.6640408127098445,2014 Whiplash,28.784,10/10/2014,en,8.4,7908,"Drama,Music",0,0,0,0,0,0,1,0,0,0,0,1,0,0,0,0,0,0,0,FALSE
Sorry to Bother You,2018,3200000,17493096,792464,18285560,7,15085560,0.8249985234250414,4.7142375,0.043338241,2018 Sorry to Bother You,15.887,7/6/2018,en,6.9,481,"Fantasy,Science Fiction,Comedy",0,0,0,1,0,0,0,0,1,0,0,0,0,0,1,0,0,0,0,FALSE
Beginners,2011,3200000,5790894,8523513,14314407,6,11114407,0.7764489999480942,3.473252188,0.5954499547204435,2011 Beginners,10.322,6/17/2011,en,6.9,532,"Drama,Romance,Comedy",0,0,0,1,0,0,1,0,0,0,0,0,0,1,0,0,0,0,0,FALSE
The Meddler,2016,3200000,4267219,1259723,5526942,4,2326942,0.4210179878855251,0.727169375,0.2279240491396508,2016 The Meddler,7.725,4/22/2016,en,5.8,186,"Comedy,Drama",0,0,0,1,0,0,1,0,0,0,0,0,0,0,0,0,0,0,0,FALSE
Antiviral,2013,3100000,0,123407,123407,4,-2976593,-24.12013095,-0.96019129,1,2013 Antiviral,6.33,4/12/2013,en,5.8,152,"Science Fiction,Horror",0,0,0,0,0,0,0,0,0,0,1,0,0,0,1,0,0,0,0,FALSE
Paranormal Activity 2,2010,3000000,84752907,92759125,177512032,10,174512032,0.9830997371490852,58.17067733333333,0.5225511981069543,2010 Paranormal Activity 2,8.163,10/21/2010,en,5.7,1342,"Horror,Thriller",0,0,0,0,0,0,0,0,0,0,1,0,0,0,0,0,1,0,0,FALSE
War Room,2015,3000000,67790117,6185122,73975239,8,70975239,0.9594458897253444,23.658413,0.083610707,2015 War Room,7.419,8/28/2015,en,7.5,171,"Drama,Romance",0,0,0,0,0,0,1,0,0,0,0,0,0,1,0,0,0,0,0,FALSE
The Purge,2013,3000000,64473115,26793466,91266581,6,88266581,0.9671292605997808,29.422193666666665,0.2935736795048781,2013 The Purge,24.364,6/6/2013,en,6.2,4797,"Science Fiction,Horror,Thriller",0,0,0,0,0,0,0,0,0,0,1,0,0,0,1,0,1,0,0,FALSE
Sinister,2012,3000000,48086903,39640904,87727807,10,84727807,0.9658033170714048,28.24260233333333,0.4518624750302945,2012 Sinister,13.117,10/12/2012,en,6.8,2935,"Horror,Thriller,Mystery",0,0,0,0,0,0,0,0,0,0,1,0,1,0,0,0,1,0,0,FALSE
Upgrade,2018,3000000,11977130,4576155,16553285,6,13553285,0.8187670906409211,4.517761666666667,0.2764499614426985,2018 Upgrade,21.413,6/1/2018,en,7.4,1326,"Action,Thriller,Science Fiction",1,0,0,0,0,0,0,0,0,0,0,0,0,0,1,0,1,0,0,FALSE
Before Midnight,2013,3000000,8110621,15141309,23251930,5,20251930,0.8709784521112871,6.7506433333333336,0.6511850414137665,2013 Before Midnight,11.765,6/14/2013,en,7.4,1039,"Romance,Drama",0,0,0,0,0,0,1,0,0,0,0,0,0,1,0,0,0,0,0,FALSE
Let There Be Light,2017,3000000,7233471,7838,7241309,10,4241309,0.5857102631582218,1.4137696666666666,0.001082401,2017 Let There Be Light,2.01,10/27/2017,en,6.2,23,Drama,0,0,0,0,0,0,1,0,0,0,0,0,0,0,0,0,0,0,0,FALSE
Swiss Army Man,2016,3000000,4210454,1626657,5837111,6,2837111,0.4860471215983386,0.9457036666666668,0.2786750157740704,2016 Swiss Army Man,10,6/24/2016,en,6.9,1789,"Comedy,Drama,Romance,Fantasy,Adventure",0,1,0,1,0,0,1,0,1,0,0,0,0,1,0,0,0,0,0,FALSE
Frances Ha,2013,3000000,4067398,7195371,11262769,5,8262769,0.7336356627752909,2.754256333333333,0.6388634091669642,2013 Frances Ha,9.42,5/17/2013,en,7.4,624,"Comedy,Drama",0,0,0,1,0,0,1,0,0,0,0,0,0,0,0,0,0,0,0,FALSE
Please Give,2010,3000000,4033574,536604,4570178,4,1570178,0.3435704254845216,0.5233926666666666,0.1174142451344345,2010 Please Give,5.945,1/22/2010,en,6.3,81,"Comedy,Drama",0,0,0,1,0,0,1,0,0,0,0,0,0,0,0,0,0,0,0,FALSE
Compadres,2016,3000000,3127773,4317271,7445044,4,4445044,0.5970473780947433,1.4816813333333334,0.5798852229751765,2016 Compadres,1.927,4/22/2016,es,5.1,21,"Action,Comedy",1,0,0,1,0,0,0,0,0,0,0,0,0,0,0,0,0,0,0,FALSE
Letters to God,2010,3000000,2848587,388865,3237452,4,237452,0.073345335,0.079150667,0.1201145221612552,2010 Letters to God,4.242,4/9/2010,en,6.9,71,"Drama,Family",0,0,0,0,0,0,1,1,0,0,0,0,0,0,0,0,0,0,0,FALSE
Tusk,2014,3000000,1821983,65571,1887554,9,-1112446,-0.589358503,-0.370815333,0.034738609,2014 Tusk,8.655,9/19/2014,en,5.3,601,"Comedy,Horror,Drama,Thriller",0,0,0,1,0,0,1,0,0,0,1,0,0,0,0,0,1,0,0,FALSE
The Wall,2017,3000000,1803064,2692198,4495262,5,1495262,0.3326306675784414,0.4984206666666667,0.5988967940022183,2017 The Wall,8.142,5/12/2017,en,6.1,407,"Thriller,War,Drama",0,0,0,0,0,0,1,0,0,0,0,0,0,0,0,0,1,1,0,FALSE
Damsels in Distress,2012,3000000,1007535,316764,1324299,4,-1675701,-1.265349441,-0.558567,0.2391937168267891,2012 Damsels in Distress,6.625,4/6/2012,en,5.5,103,"Comedy,Romance",0,0,0,1,0,0,0,0,0,0,0,0,0,1,0,0,0,0,0,FALSE
Hobo with a Shotgun,2011,3000000,703372,131581,834953,5,-2165047,-2.593016613,-0.721682333,0.1575909063144871,2011 Hobo with a Shotgun,8.844,5/6/2011,en,5.9,300,"Crime,Action,Thriller",1,0,0,0,1,0,0,0,0,0,0,0,0,0,0,0,1,0,0,FALSE
The D Train,2015,3000000,669688,102678,772366,5,-2227634,-2.884168904,-0.742544667,0.1329395649212938,2015 The D Train,6.465,5/8/2015,en,4.6,125,"Drama,Comedy",0,0,0,1,0,0,1,0,0,0,0,0,0,0,0,0,0,0,0,FALSE
Bachelorette,2012,3000000,446770,12130631,12577401,9,9577401,0.761476954,3.192467,0.9644783528806944,2012 Bachelorette,7.05,9/6/2012,en,5.4,755,"Comedy,Romance",0,0,0,1,0,0,0,0,0,0,0,0,0,1,0,0,0,0,0,FALSE
Creature,2011,3000000,331000,0,331000,9,-2669000,-8.063444109,-0.889666667,0,2011 Creature,5.121,9/9/2011,en,4.1,23,Horror,0,0,0,0,0,0,0,0,0,0,1,0,0,0,0,0,0,0,0,FALSE
The Bounce Back,2016,3000000,321910,99494,421404,12,-2578596,-6.119059145,-0.859532,0.236101224,2016 The Bounce Back,2.494,2/26/2016,en,6.1,31,Romance,0,0,0,0,0,0,0,0,0,0,0,0,0,1,0,0,0,0,0,FALSE
Chain Letter,2010,3000000,205842,816611,1022453,10,-1977547,-1.934120199,-0.659182333,0.7986782766542814,2010 Chain Letter,6.44,10/1/2010,en,4.1,63,"Horror,Thriller",0,0,0,0,0,0,0,0,0,0,1,0,0,0,0,0,1,0,0,FALSE
Tim and Eric's Billion Dollar Movie,2012,3000000,201436,22216,223652,3,-2776348,-12.41369628,-0.925449333,0.099332892,2012 Tim and Eric's Billion Dollar Movie,4.946,3/2/2012,en,5.7,61,Comedy,0,0,0,1,0,0,0,0,0,0,0,0,0,0,0,0,0,0,0,FALSE
Fort McCoy,2014,3000000,78948,0,78948,8,-2921052,-36.999696,-0.973684,0,2014 Fort McCoy,0.669,1/1/2014,en,6.3,2,"War,Drama,History",0,0,0,0,0,0,1,0,0,1,0,0,0,0,0,0,0,1,0,FALSE
Before We Go,2015,3000000,37151,446787,483938,9,-2516062,-5.199141212,-0.838687333,0.9232319016072308,2015 Before We Go,8.233,5/21/2015,en,6.5,985,"Drama,Romance,Comedy",0,0,0,1,0,0,1,0,0,0,0,0,0,1,0,0,0,0,0,FALSE
Tanner Hall,2011,3000000,5073,0,5073,9,-2994927,-590.3660556,-0.998309,0,2011 Tanner Hall,5.821,9/9/2011,en,5.9,66,Drama,0,0,0,0,0,0,1,0,0,0,0,0,0,0,0,0,0,0,0,FALSE
They Came Together,2014,3000000,0,82780,82780,6,-2917220,-35.24063784,-0.972406667,1,2014 They Came Together,7.353,6/27/2014,en,5.5,226,Comedy,0,0,0,1,0,0,0,0,0,0,0,0,0,0,0,0,0,0,0,FALSE
Open Road,2013,3000000,0,47469,47469,5,-2952531,-62.19914049,-0.984177,1,2013 Open Road,3.271,5/21/2013,en,5.1,20,"Action,Drama,Thriller",1,0,0,0,0,0,1,0,0,0,0,0,0,0,0,0,1,0,0,FALSE
Barry Munday,2010,3000000,0,0,0,10,,,,0,2010 Barry Munday,5.141,3/13/2010,en,6,37,"Comedy,Drama,Romance",0,0,0,1,0,0,1,0,0,0,0,0,0,1,0,0,0,0,0,TRUE
Never Back Down 2: The Beatdown,2011,3000000,0,0,0,9,,,,0,2011 Never Back Down 2: The Beatdown,13.06,9/13/2011,en,6,257,"Drama,Action",1,0,0,0,0,0,1,0,0,0,0,0,0,0,0,0,0,0,0,TRUE
AWOL-72,2015,3000000,0,0,0,12,,,,0,2015 AWOL-72,4.2,8/7/2015,en,3.8,22,Thriller,0,0,0,0,0,0,0,0,0,0,0,0,0,0,0,0,1,0,0,TRUE
Amnesiac,2015,3000000,0,0,0,8,,,,0,2015 Amnesiac,6.144,8/14/2015,en,4.5,95,"Thriller,Mystery,Drama,Horror",0,0,0,0,0,0,1,0,0,0,1,0,1,0,0,0,1,0,0,TRUE
Unnatural,2015,3000000,0,0,0,12,,,,0,2015 Unnatural,4.652,10/16/2015,en,4.3,22,"Action,Horror,Thriller",1,0,0,0,0,0,0,0,0,0,1,0,0,0,0,0,1,0,0,TRUE
Close Range,2015,3000000,0,0,0,12,,,,0,2015 Close Range,6.604,12/11/2015,en,5.2,87,"Action,Crime",1,0,0,0,1,0,0,0,0,0,0,0,0,0,0,0,0,0,0,TRUE
Freakonomics,2010,2900000,101270,71597,172867,10,-2727133,-15.77590286,-0.94039069,0.4141739024799412,2010 Freakonomics,5.705,10/1/2010,en,6.6,57,Documentary,0,0,0,0,0,1,0,0,0,0,0,0,0,0,0,0,0,0,0,FALSE
Griff the Invisible,2011,2900000,20778,5157,25935,8,-2874065,-110.8180066,-0.991056897,0.1988432620011567,2011 Griff the Invisible,3.519,8/19/2011,en,6,44,"Romance,Comedy,Drama",0,0,0,1,0,0,1,0,0,0,0,0,0,1,0,0,0,0,0,FALSE
Indivisible,2018,2700000,3511417,76888,3588305,10,888305,0.2475556007641491,0.3290018518518519,0.021427387,2018 Indivisible,5.599,10/26/2018,en,5.4,13,"Drama,War",0,0,0,0,0,0,1,0,0,0,0,0,0,0,0,0,0,1,0,FALSE
Ida,2014,2600000,3827060,11471295,15298355,5,12698355,0.8300470867619427,4.8839826923076926,0.7498384630242925,2014 Ida,7.568,5/2/2014,pl,7.3,455,Drama,0,0,0,0,0,0,1,0,0,0,0,0,0,0,0,0,0,0,0,FALSE
A Haunted House,2013,2500000,40041683,19880875,59922558,1,57422558,0.9582794846641894,22.9690232,0.3317761401307334,2013 A Haunted House,6.909,1/11/2013,en,5.5,871,"Comedy,Horror",0,0,0,1,0,0,0,0,0,0,1,0,0,0,0,0,0,0,0,FALSE
Kevin Hart: Let Me Explain,2013,2500000,32244051,83204,32327255,7,29827255,0.9226658743527714,11.930902,0.002573803,2013 Kevin Hart: Let Me Explain,8.476,7/3/2013,en,6.9,142,"Comedy,Documentary",0,0,0,1,0,1,0,0,0,0,0,0,0,0,0,0,0,0,0,FALSE
The Spectacular Now,2013,2500000,6852971,63980,6916951,8,4416951,0.6385690747267112,1.7667804,0.00924974,2013 The Spectacular Now,13.679,9/13/2013,en,6.6,1801,"Comedy,Drama,Romance",0,0,0,1,0,0,1,0,0,0,0,0,0,1,0,0,0,0,0,FALSE
Hunt for the Wilderpeople,2016,2500000,5205471,18640062,23845533,6,21345533,0.8951585607249793,8.5382132,0.7817003713022477,2016 Hunt for the Wilderpeople,12.545,6/24/2016,en,7.8,915,"Adventure,Comedy,Drama",0,1,0,1,0,0,1,0,0,0,0,0,0,0,0,0,0,0,0,FALSE
Robot & Frank,2012,2500000,3317468,1616888,4934356,8,2434356,0.4933482707773821,0.9737424,0.3276796404637201,2012 Robot & Frank,7.485,8/16/2012,en,6.9,620,"Science Fiction,Comedy,Drama,Crime",0,0,0,1,1,0,1,0,0,0,0,0,0,0,1,0,0,0,0,FALSE
The Lost Medallion: The Adventures of Billy Stone,2013,2500000,549632,0,549632,3,-1950368,-3.548497904,-0.7801472,0,2013 The Lost Medallion: The Adventures of Billy Stone,2.164,3/1/2013,en,5.5,21,"Adventure,Family",0,1,0,0,0,0,0,1,0,0,0,0,0,0,0,0,0,0,0,FALSE
Super,2011,2500000,327716,266217,593933,4,-1906067,-3.209228987,-0.7624268,0.4482273253043694,2011 Super,11.36,3/31/2011,en,6.6,726,"Comedy,Action,Drama",1,0,0,1,0,0,1,0,0,0,0,0,0,0,0,0,0,0,0,FALSE
8: The Mormon Proposition,2010,2500000,100280,0,100280,6,-2399720,-23.93019545,-0.959888,0,2010 8: The Mormon Proposition,2.19,1/1/2010,en,6.2,11,Documentary,0,0,0,0,0,1,0,0,0,0,0,0,0,0,0,0,0,0,0,FALSE
Underdogs,2013,2500000,35017,1357632,1392649,8,-1107351,-0.795140053,-0.4429404,0.9748558323023244,2013 Underdogs,1.4,4/6/2013,en,5.5,16,"Drama,Family",0,0,0,0,0,0,1,1,0,0,0,0,0,0,0,0,0,0,0,FALSE
Christmas Mail,2010,2500000,0,0,0,12,,,,0,2010 Christmas Mail,3.793,12/1/2010,en,5.4,29,"Comedy,Family",0,0,0,1,0,0,0,1,0,0,0,0,0,0,0,0,0,0,0,TRUE
Stung,2015,2500000,0,0,0,7,,,,0,2015 Stung,6.573,7/3/2015,en,5.1,91,"Comedy,Horror",0,0,0,1,0,0,0,0,0,0,1,0,0,0,0,0,0,0,0,TRUE
Antibirth,2016,2500000,0,0,0,9,,,,0,2016 Antibirth,5.716,9/2/2016,en,4.8,66,Horror,0,0,0,0,0,0,0,0,0,0,1,0,0,0,0,0,0,0,0,TRUE
Do You Believe?,2015,2300000,12985600,1319331,14304931,3,12004931,0.8392162814347025,5.2195352173913045,0.092229106,2015 Do You Believe?,5.599,3/20/2015,en,7,72,"Fantasy,Drama",0,0,0,0,0,0,1,0,1,0,0,0,0,0,0,0,0,0,0,FALSE
Frontera,2014,2300000,59696,0,59696,9,-2240304,-37.52854463,-0.974045217,0,2014 Frontera,9.723,9/5/2014,en,6.3,80,"Western,Drama",0,0,0,0,0,0,1,0,0,0,0,0,0,0,0,0,0,0,1,FALSE
Redemption Road,2011,2300000,29384,0,29384,8,-2270616,-77.27389055,-0.987224348,0,2011 Redemption Road,1.128,8/26/2011,en,4.7,6,Drama,0,0,0,0,0,0,1,0,0,0,0,0,0,0,0,0,0,0,0,FALSE
The Best Years of Our Lives,1946,2100000,23600000,0,23600000,11,21500000,0.9110169491525424,10.238095238095235,0,1946 The Best Years of Our Lives,9.647,12/25/1946,en,7.8,243,"Drama,History,Romance",0,0,0,0,0,0,1,0,0,1,0,0,0,1,0,0,0,0,0,FALSE
Infected,2012,2100000,0,0,0,12,,,,0,2012 Infected,2.168,10/31/2012,en,2.4,8,Horror,0,0,0,0,0,0,0,0,0,0,1,0,0,0,0,0,0,0,0,TRUE
Lies in Plain Sight,2010,2100000,0,0,0,12,,,,0,2010 Lies in Plain Sight,1.4,10/3/2010,en,6,4,"Drama,Mystery,Thriller",0,0,0,0,0,0,1,0,0,0,0,0,1,0,0,0,1,0,0,TRUE
Courageous,2011,2000000,34522221,663663,35185884,9,33185884,0.9431590236584648,16.592942,0.018861626,2011 Courageous,7.406,9/30/2011,en,7,128,Drama,0,0,0,0,0,0,1,0,0,0,0,0,0,0,0,0,0,0,0,FALSE
It Follows,2015,2000000,14674077,8576678,23250755,3,21250755,0.9139812879194676,10.6253775,0.3688773977447184,2015 It Follows,18.419,3/27/2015,en,6.5,3485,"Horror,Thriller",0,0,0,0,0,0,0,0,0,0,1,0,0,0,0,0,1,0,0,FALSE
Eighth Grade,2018,2000000,13539710,801306,14341016,7,12341016,0.8605398669104057,6.170508,0.055875121,2018 Eighth Grade,14.777,7/13/2018,en,7.4,519,"Comedy,Drama",0,0,0,1,0,0,1,0,0,0,0,0,0,0,0,0,0,0,0,FALSE
Hardcore Henry,2016,2000000,9252038,7935396,17187434,4,15187434,0.8836359167982841,7.593717,0.4616975401912816,2016 Hardcore Henry,10.459,4/6/2016,en,6.2,1294,"Action,Adventure,Science Fiction",1,1,0,0,0,0,0,0,0,0,0,0,0,0,1,0,0,0,0,FALSE
Winter's Bone,2010,2000000,6531503,9600048,16131551,6,14131551,0.8760193610645375,7.0657755,0.5951100424255548,2010 Winter's Bone,9.824,6/11/2010,en,6.9,931,Drama,0,0,0,0,0,0,1,0,0,0,0,0,0,0,0,0,0,0,0,FALSE
The Florida Project,2017,2000000,5904366,5390958,11295324,10,9295324,0.8229355793600963,4.647662,0.477273427,2017 The Florida Project,11.597,10/6/2017,en,7.4,1125,Drama,0,0,0,0,0,0,1,0,0,0,0,0,0,0,0,0,0,0,0,FALSE
All Saints,2017,2000000,5802208,139786,5941994,8,3941994,0.6634126523857143,1.970997,0.023525099,2017 All Saints,4.042,8/25/2017,en,6.1,25,"Drama,Comedy",0,0,0,1,0,0,1,0,0,0,0,0,0,0,0,0,0,0,0,FALSE
Inside Job,2010,2000000,4311834,3487423,7799257,10,5799257,0.7435653165423322,2.8996285,0.4471481065439951,2010 Inside Job,9.514,10/8/2010,en,7.8,466,Documentary,0,0,0,0,0,1,0,0,0,0,0,0,0,0,0,0,0,0,0,FALSE
We Are Your Friends,2015,2000000,3591417,6561998,10153415,8,8153415,0.8030219389239975,4.0767075,0.6462848214123031,2015 We Are Your Friends,10.809,8/28/2015,en,6.3,1241,"Drama,Music,Romance,Comedy",0,0,0,1,0,0,1,0,0,0,0,1,0,1,0,0,0,0,0,FALSE
Captive,2015,2000000,2583301,208672,2791973,9,791973,0.2836606944264862,0.3959865,0.074739978,2015 Captive,6.474,9/18/2015,en,5.6,127,"Crime,Drama,Thriller",0,0,0,0,1,0,1,0,0,0,0,0,0,0,0,0,1,0,0,FALSE
Hearts Beat Loud,2018,2000000,2386254,34708,2420962,6,420962,0.1738821179349366,0.210481,0.01433645,2018 Hearts Beat Loud,13.201,6/8/2018,en,7.4,87,"Drama,Music,Comedy",0,0,0,1,0,0,1,0,0,0,0,1,0,0,0,0,0,0,0,FALSE
The Resurrection of Gavin Stone,2017,2000000,2303792,0,2303792,1,303792,0.1318660712425427,0.151896,0,2017 The Resurrection of Gavin Stone,1.509,1/20/2017,en,6.7,10,"Comedy,Drama",0,0,0,1,0,0,1,0,0,0,0,0,0,0,0,0,0,0,0,FALSE
The Diary of a Teenage Girl,2015,2000000,1477002,802957,2279959,8,279959,0.1227912431758641,0.1399795,0.3521804558766188,2015 The Diary of a Teenage Girl,9.382,8/28/2015,en,6.7,460,"Drama,Romance",0,0,0,0,0,0,1,0,0,0,0,0,0,1,0,0,0,0,0,FALSE
Locke,2014,2000000,1370646,717744,2088390,4,88390,0.04232447,0.044195,0.3436829327855429,2014 Locke,9.128,4/25/2014,en,6.9,1370,"Drama,Thriller",0,0,0,0,0,0,1,0,0,0,0,0,0,0,0,0,1,0,0,FALSE
The Babadook,2014,2000000,950792,6531595,7482387,11,5482387,0.7327056192094848,2.7411935,0.8729293205497123,2014 The Babadook,11.502,11/28/2014,en,6.4,3528,"Drama,Horror",0,0,0,0,0,0,1,0,0,0,1,0,0,0,0,0,0,0,0,FALSE
The Virginity Hit,2010,2000000,636706,0,636706,9,-1363294,-2.141167195,-0.681647,0,2010 The Virginity Hit,4.834,9/10/2010,en,4.6,35,Comedy,0,0,0,1,0,0,0,0,0,0,0,0,0,0,0,0,0,0,0,FALSE
The Last Five Years,2015,2000000,147299,57999,205298,2,-1794702,-8.741936112,-0.897351,0.2825112762910501,2015 The Last Five Years,5.079,2/13/2015,en,5.9,230,"Comedy,Drama,Music,Romance",0,0,0,1,0,0,1,0,0,0,0,1,0,1,0,0,0,0,0,FALSE
Lost River,2015,2000000,45431,1964213,2009644,4,9644,0.00479886,0.004822,0.9773935085020032,2015 Lost River,7.029,4/10/2015,en,5.8,352,"Fantasy,Thriller,Drama",0,0,0,0,0,0,1,0,1,0,0,0,0,0,0,0,1,0,0,FALSE
Knock Knock,2015,2000000,36336,6292180,6328516,10,4328516,0.6839701440274466,2.164258,0.9942583695766908,2015 Knock Knock,17.867,10/9/2015,en,5,1490,"Drama,Thriller",0,0,0,0,0,0,1,0,0,0,0,0,0,0,0,0,1,0,0,FALSE
The First Time,2012,2000000,17061,0,17061,10,-1982939,-116.2264228,-0.9914695,0,2012 The First Time,11.25,10/19/2012,en,7,1426,"Drama,Comedy,Romance",0,0,0,1,0,0,1,0,0,0,0,0,0,1,0,0,0,0,0,FALSE
Circle,2010,2000000,10024,0,10024,8,-1989976,-198.5211492,-0.994988,0,2010 Circle,2.587,9/11/2010,en,3.8,6,"Horror,Thriller",0,0,0,0,0,0,0,0,0,0,1,0,0,0,0,0,1,0,0,FALSE
Plush,2013,2000000,3080,25784,28864,9,-1971136,-68.29046563,-0.985568,0.8932926829268293,2013 Plush,6.09,9/13/2013,en,5.7,64,Thriller,0,0,0,0,0,0,0,0,0,0,0,0,0,0,0,0,1,0,0,FALSE
Grave Encounters,2011,2000000,0,2151887,2151887,9,151887,0.070583167,0.0759435,1,2011 Grave Encounters,8.475,9/9/2011,en,6.2,700,"Thriller,Horror",0,0,0,0,0,0,0,0,0,0,1,0,0,0,0,0,1,0,0,FALSE
Bone Tomahawk,2015,2000000,0,475846,475846,10,-1524154,-3.203040479,-0.762077,1,2015 Bone Tomahawk,11.891,10/23/2015,en,6.8,905,"Horror,Western",0,0,0,0,0,0,0,0,0,0,1,0,0,0,0,0,0,0,1,FALSE
Straight A's,2013,2000000,0,0,0,3,,,,0,2013 Straight A's,5.307,3/19/2013,en,5.3,71,"Comedy,Drama",0,0,0,1,0,0,1,0,0,0,0,0,0,0,0,0,0,0,0,TRUE
Highway,2012,2000000,0,0,0,12,,,,0,2012 Highway,2.409,9/9/2012,en,2.7,3,Unknown,0,0,0,0,0,0,0,0,0,0,0,0,0,0,0,0,0,0,0,TRUE
Coffee Town,2013,2000000,0,0,0,7,,,,0,2013 Coffee Town,4.758,7/9/2013,en,6.7,56,Comedy,0,0,0,1,0,0,0,0,0,0,0,0,0,0,0,0,0,0,0,TRUE
Lucky Dog,2014,2000000,0,0,0,12,,,,0,2014 Lucky Dog,0.628,1/1/2014,en,4,1,Unknown,0,0,0,0,0,0,0,0,0,0,0,0,0,0,0,0,0,0,0,TRUE
The Curse of Downers Grove,2015,2000000,0,0,0,8,,,,0,2015 The Curse of Downers Grove,3.674,8/21/2015,en,4.7,42,"Thriller,Mystery,Horror,Drama",0,0,0,0,0,0,1,0,0,0,1,0,1,0,0,0,1,0,0,TRUE
Wind Walkers,2015,2000000,0,0,0,12,,,,0,2015 Wind Walkers,1.388,10/16/2015,en,6,8,"Action,Horror,Thriller",1,0,0,0,0,0,0,0,0,0,1,0,0,0,0,0,1,0,0,TRUE
The Dog Lover,2016,2000000,0,0,0,7,,,,0,2016 The Dog Lover,1.61,7/8/2016,en,5.9,11,Drama,0,0,0,0,0,0,1,0,0,0,0,0,0,0,0,0,0,0,0,TRUE
Shark Lake,2015,2000000,0,0,0,12,,,,0,2015 Shark Lake,3.521,10/2/2015,en,3.9,31,Thriller,0,0,0,0,0,0,0,0,0,0,0,0,0,0,0,0,1,0,0,TRUE
Buried,2010,1987650,1044143,20226147,21270290,9,19282640,0.9065527550400112,9.701225064774986,0.9509107304131724,2010 Buried,10.888,9/24/2010,en,6.6,1487,"Drama,Thriller,Mystery",0,0,0,0,0,0,1,0,0,0,0,0,1,0,0,0,1,0,0,FALSE
Nowhere Boy,2010,1900000,1445366,6339863,7785229,10,5885229,0.755948091,3.097488947368421,0.8143450886287352,2010 Nowhere Boy,7.099,1/27/2010,en,7.3,469,Drama,0,0,0,0,0,0,1,0,0,0,0,0,0,0,0,0,0,0,0,FALSE
Brotherly Love,2015,1900000,478595,0,478595,4,-1421405,-2.969953719,-0.748107895,0,2015 Brotherly Love,2.157,4/24/2015,en,6.8,53,Drama,0,0,0,0,0,0,1,0,0,0,0,0,0,0,0,0,0,0,0,FALSE
Submarine,2011,1900000,467602,4114335,4581937,6,2681937,0.5853282138100109,1.4115457894736845,0.8979466544389414,2011 Submarine,7.412,6/3/2011,en,7.4,770,"Drama,Comedy,Romance",0,0,0,1,0,0,1,0,0,0,0,0,0,1,0,0,0,0,0,FALSE
Stranded,2013,1900000,0,285593,285593,7,-1614407,-5.652824124,-0.849687895,1,2013 Stranded,6.563,7/26/2013,en,3.6,73,"Horror,Science Fiction",0,0,0,0,0,0,0,0,0,0,1,0,0,0,1,0,0,0,0,FALSE
The Last Exorcism,2010,1800000,41034350,29131550,70165900,8,68365900,0.9743465130497864,37.98105555555556,0.4151810209802767,2010 The Last Exorcism,9.35,8/27/2010,en,5.6,519,"Horror,Drama,Thriller",0,0,0,0,0,0,1,0,0,0,1,0,0,0,0,0,1,0,0,FALSE
Carrie,1976,1800000,25878153,0,25878153,11,24078153,0.9304432584504776,13.376751666666667,0,1976 Carrie,9.467,11/3/1976,en,7.1,1766,"Horror,Thriller",0,0,0,0,0,0,0,0,0,0,1,0,0,0,0,0,1,0,0,FALSE
Beasts of the Southern Wild,2012,1800000,12795746,10469386,23265132,6,21465132,0.9226309999014836,11.925073333333334,0.4500032924807819,2012 Beasts of the Southern Wild,7.53,6/29/2012,en,6.9,605,"Drama,Fantasy,Adventure",0,1,0,0,0,0,1,0,1,0,0,0,0,0,0,0,0,0,0,FALSE
Higher Ground,2011,1800000,841056,1637,842693,8,-957307,-1.136009199,-0.531837222,0.001942582,2011 Higher Ground,4.545,8/26/2011,en,5.9,21,"Drama,Thriller",0,0,0,0,0,0,1,0,0,0,0,0,0,0,0,0,1,0,0,FALSE
Dysfunctional Friends,2012,1800000,0,0,0,2,,,,0,2012 Dysfunctional Friends,1.392,2/3/2012,en,5.3,6,"Comedy,Romance",0,0,0,1,0,0,0,0,0,0,0,0,0,1,0,0,0,0,0,TRUE
Independence Daysaster,2013,1800000,0,0,0,12,,,,0,2013 Independence Daysaster,3.562,6/27/2013,en,4.2,35,"Action,Science Fiction",1,0,0,0,0,0,0,0,0,0,0,0,0,0,1,0,0,0,0,TRUE
Against the Wild,2014,1800000,0,0,0,3,,,,0,2014 Against the Wild,1.842,3/11/2014,en,5.2,27,"Adventure,Family",0,1,0,0,0,0,0,1,0,0,0,0,0,0,0,0,0,0,0,TRUE
I Spit on Your Grave,2010,1750000,93051,1185420,1278471,10,-471529,-0.368822601,-0.269445143,0.9272169646397924,2010 I Spit on Your Grave,13.102,10/8/2010,en,6.3,977,"Thriller,Crime,Horror",0,0,0,0,1,0,0,0,0,0,1,0,0,0,0,0,1,0,0,FALSE
The Lunchbox,2014,1700000,4231500,8000000,12231500,2,10531500,0.8610145934676859,6.195,0.6540489719167722,2014 The Lunchbox,5.888,2/28/2014,hi,7.3,350,"Drama,Romance",0,0,0,0,0,0,1,0,0,0,0,0,0,1,0,0,0,0,0,FALSE
Grace Unplugged,2013,1700000,2507159,0,2507159,10,807159,0.3219416877828649,0.4747994117647058,0,2013 Grace Unplugged,1.957,10/4/2013,en,6.3,38,"Drama,Music",0,0,0,0,0,0,1,0,0,0,0,1,0,0,0,0,0,0,0,FALSE
Saul fia,2015,1700000,1777043,7919494,9696537,12,7996537,0.8246796768784567,4.703845294117647,0.8167342629641902,2015 Saul fia,8.758,12/18/2015,hu,7.2,506,"War,Drama,Thriller",0,0,0,0,0,0,1,0,0,0,0,0,0,0,0,0,1,1,0,FALSE
Braid,2019,1660000,0,80745,80745,2,-1579255,-19.55854852,-0.951358434,1,2019 Braid,5.972,2/1/2019,en,6.4,18,"Thriller,Drama,Horror",0,0,0,0,0,0,1,0,0,0,1,0,0,0,0,0,1,0,0,FALSE
N-Secure,2010,1600000,2595644,0,2595644,10,995644,0.3835826484679717,0.6222775,0,2010 N-Secure,1.132,10/15/2010,en,4.8,6,"Drama,Crime,Thriller",0,0,0,0,1,0,1,0,0,0,0,0,0,0,0,0,1,0,0,FALSE
Two Night Stand,2014,1600000,15600,852481,868081,9,-731919,-0.843145974,-0.457449375,0.982029327,2014 Two Night Stand,9.191,9/26/2014,en,6.5,1241,"Romance,Comedy",0,0,0,1,0,0,0,0,0,0,0,0,0,1,0,0,0,0,0,FALSE
Insidious,2011,1500000,54009150,45861736,99870886,4,98370886,0.984980608,65.58059066666667,0.4592102647412179,2011 Insidious,16.197,4/1/2011,en,6.9,3582,"Horror,Thriller",0,0,0,0,0,0,0,0,0,0,1,0,0,0,0,0,1,0,0,FALSE
Moonlight,2016,1500000,27854931,37390581,65245512,10,63745512,0.9770099129576912,42.497008,0.5730751411683305,2016 Moonlight,15.948,10/21/2016,en,7.4,3893,Drama,0,0,0,0,0,0,1,0,0,0,0,0,0,0,0,0,0,0,0,FALSE
Unsane,2018,1500000,7690044,6554887,14244931,3,12744931,0.894699385,8.496620666666667,0.4601557564582096,2018 Unsane,16.316,3/23/2018,en,6.2,667,"Horror,Thriller",0,0,0,0,0,0,0,0,0,0,1,0,0,0,0,0,1,0,0,FALSE
The To Do List,2013,1500000,3491669,637159,4128828,7,2628828,0.6367007780416137,1.752552,0.1543195793091889,2013 The To Do List,7.33,7/26/2013,en,5.5,534,"Comedy,Romance",0,0,0,1,0,0,0,0,0,0,0,0,0,1,0,0,0,0,0,FALSE
The Gatekeepers,2013,1500000,2408553,183755,2592308,2,1092308,0.4213650538439105,0.7282053333333334,0.07088471,2013 The Gatekeepers,4.534,2/1/2013,en,7.2,51,Documentary,0,0,0,0,0,1,0,0,0,0,0,0,0,0,0,0,0,0,0,FALSE
Blood Simple,1985,1500000,1690913,1039964,2730877,1,1230877,0.4507259023383331,0.8205846666666666,0.3808168584670785,1985 Blood Simple,10.374,1/18/1985,en,7.4,554,"Crime,Drama,Thriller",0,0,0,0,1,0,1,0,0,0,0,0,0,0,0,0,1,0,0,FALSE
The Lords of Salem,2013,1500000,1165881,375250,1541131,4,41131,0.026688841,0.027420667,0.2434900083120773,2013 The Lords of Salem,8.434,4/19/2013,en,5.3,445,"Horror,Thriller",0,0,0,0,0,0,0,0,0,0,1,0,0,0,0,0,1,0,0,FALSE
31,2016,1500000,779820,142907,922727,10,-577273,-0.625616244,-0.384848667,0.154874627,2016 31,8.683,10/21/2016,en,5.2,370,"Horror,Thriller,Mystery",0,0,0,0,0,0,0,0,0,0,1,0,1,0,0,0,1,0,0,FALSE
Amigo,2011,1500000,184705,0,184705,8,-1315295,-7.121057903,-0.876863333,0,2011 Amigo,0.84,8/19/2011,en,4.8,4,"Drama,History,War",0,0,0,0,0,0,1,0,0,1,0,0,0,0,0,0,0,1,0,FALSE
The Disappearance of Alice Creed,2010,1500000,166980,1438159,1605139,8,105139,0.065501492,0.070092667,0.895971626,2010 The Disappearance of Alice Creed,9.087,4/30/2010,en,6.6,280,"Crime,Drama,Thriller",0,0,0,0,1,0,1,0,0,0,0,0,0,0,0,0,1,0,0,FALSE
The Square,2013,1500000,124244,52018,176262,10,-1323738,-7.51005889,-0.882492,0.2951174955464025,2013 The Square,5.596,10/25/2013,ar,7.8,84,"Documentary,Drama,History",0,0,0,0,0,1,1,0,0,1,0,0,0,0,0,0,0,0,0,FALSE
Road Hard,2015,1500000,113169,0,113169,3,-1386831,-12.25451316,-0.924554,0,2015 Road Hard,1.08,3/6/2015,en,6.6,12,Comedy,0,0,0,1,0,0,0,0,0,0,0,0,0,0,0,0,0,0,0,FALSE
Housebound,2014,1500000,0,236863,236863,10,-1263137,-5.332774642,-0.842091333,1,2014 Housebound,8.455,10/17/2014,en,6.6,505,"Horror,Comedy,Thriller",0,0,0,1,0,0,0,0,0,0,1,0,0,0,0,0,1,0,0,FALSE
Teefa in Trouble,2018,1500000,0,98806,98806,7,-1401194,-14.1812643,-0.934129333,1,2018 Teefa in Trouble,4.486,7/20/2018,ur,7.6,11,"Drama,Comedy,Action,Crime",1,0,0,1,1,0,1,0,0,0,0,0,0,0,0,0,0,0,0,FALSE
The Lion of Judah,2011,1500000,0,0,0,6,,,,0,2011 The Lion of Judah,1.4,6/3/2011,en,4.5,3,"Adventure,Animation,Comedy,Family",0,1,1,1,0,0,0,1,0,0,0,0,0,0,0,0,0,0,0,TRUE
#Horror,2015,1500000,0,0,0,11,,,,0,2015 #Horror,6.099,11/20/2015,de,3.3,102,"Drama,Mystery,Horror,Thriller",0,0,0,0,0,0,1,0,0,0,1,0,1,0,0,0,1,0,0,TRUE
Checkmate,2015,1500000,0,0,0,9,,,,0,2015 Checkmate,3.764,7/3/2015,en,4.2,20,"Thriller,Action,Crime",1,0,0,0,1,0,0,0,0,0,0,0,0,0,0,0,1,0,0,TRUE
Mustang,2015,1400000,845464,4707120,5552584,11,4152584,0.7478651381050696,2.9661314285714284,0.8477350365163319,2015 Mustang,7.459,11/20/2015,tr,8,755,Drama,0,0,0,0,0,0,1,0,0,0,0,0,0,0,0,0,0,0,0,FALSE
La chambre bleue,2014,1400000,260441,1684979,1945420,10,545420,0.2803610531401959,0.3895857142857143,0.8661260807434898,2014 La chambre bleue,3.824,10/3/2014,fr,6.6,52,"Drama,Crime,Thriller",0,0,0,0,1,0,1,0,0,0,0,0,0,0,0,0,1,0,0,FALSE
Eddie: The Sleepwalking Cannibal,2013,1400000,1632,0,1632,4,-1398368,-856.8431373,-0.998834286,0,2013 Eddie: The Sleepwalking Cannibal,2.586,4/5/2013,en,6.2,33,"Horror,Comedy",0,0,0,1,0,0,0,0,0,0,1,0,0,0,0,0,0,0,0,FALSE
My Girlfriend's Boyfriend,2010,1400000,0,0,0,5,,,,0,2010 My Girlfriend's Boyfriend,4.378,4/22/2010,en,5.9,68,Comedy,0,0,0,1,0,0,0,0,0,0,0,0,0,0,0,0,0,0,0,TRUE
House at the End of the Drive,2014,1400000,0,0,0,12,,,,0,2014 House at the End of the Drive,1.4,1/11/2014,en,8,1,"Thriller,Horror",0,0,0,0,0,0,0,0,0,0,1,0,0,0,0,0,1,0,0,TRUE
Above and Beyond,2015,1300000,288751,0,288751,1,-1011249,-3.50214891,-0.777883846,0,2015 Above and Beyond,0.782,1/30/2015,en,8,5,"War,Documentary,Adventure,History",0,1,0,0,0,1,0,0,0,1,0,0,0,0,0,0,0,1,0,FALSE
The Algerian,2015,1300000,0,0,0,6,,,,0,2015 The Algerian,0.911,8/7/2015,en,4.5,2,"Action,Thriller",1,0,0,0,0,0,0,0,0,0,0,0,0,0,0,0,1,0,0,TRUE
Dear White People,2014,1250000,4404154,999617,5403771,10,4153771,0.7686800569454183,3.3230168,0.1849850780131134,2014 Dear White People,7.455,10/17/2014,en,6.1,296,"Comedy,Drama",0,0,0,1,0,0,1,0,0,0,0,0,0,0,0,0,0,0,0,FALSE
Filly Brown,2013,1250000,2850357,90054,2940411,4,1690411,0.5748893607050171,1.3523288,0.030626331,2013 Filly Brown,1.31,4/19/2013,en,6.5,10,Drama,0,0,0,0,0,0,1,0,0,0,0,0,0,0,0,0,0,0,0,FALSE
Saw,2004,1200000,55968727,47911300,103880027,10,102680027,0.9884482124749544,85.56668916666666,0.461217631,2004 Saw,19.127,10/29/2004,en,7.4,4795,"Horror,Mystery,Crime",0,0,0,0,1,0,0,0,0,0,1,0,1,0,0,0,0,0,0,FALSE
Home Run,2013,1200000,2859955,0,2859955,4,1659955,0.5804129785258859,1.3832958333333334,0,2013 Home Run,3.843,4/19/2013,en,6.3,33,Drama,0,0,0,0,0,0,1,0,0,0,0,0,0,0,0,0,0,0,0,FALSE
Blue Like Jazz,2012,1200000,595018,0,595018,4,-604982,-1.016745712,-0.504151667,0,2012 Blue Like Jazz,3.253,4/13/2012,en,5.9,35,"Drama,Comedy",0,0,0,1,0,0,1,0,0,0,0,0,0,0,0,0,0,0,0,FALSE
Que Horas Ela Volta?,2015,1200000,376976,2872065,3249041,8,2049041,0.6306602471313844,1.7075341666666666,0.883973148,2015 Que Horas Ela Volta?,7.04,8/28/2015,pt,8,351,Drama,0,0,0,0,0,0,1,0,0,0,0,0,0,0,0,0,0,0,0,FALSE
"Pink Ribbons, Inc.",2012,1200000,26608,0,26608,6,-1173392,-44.09921828,-0.977826667,0,"2012 Pink Ribbons, Inc.",1.4,4/21/2012,en,6.8,6,Documentary,0,0,0,0,0,1,0,0,0,0,0,0,0,0,0,0,0,0,0,FALSE
Crowsnest,2012,1200000,0,0,0,9,,,,0,2012 Crowsnest,1.755,1/1/2012,en,4.9,18,Unknown,0,0,0,0,0,0,0,0,0,0,0,0,0,0,0,0,0,0,0,TRUE
Serbuan maut,2012,1100000,4105123,5192284,9297407,3,8197407,0.8816874425310197,7.452188181818181,0.5584658174047883,2012 Serbuan maut,11.15,4/13/2012,id,7.4,1626,"Action,Thriller,Crime",1,0,0,0,1,0,0,0,0,0,0,0,0,0,0,0,1,0,0,FALSE
The Sleepwalker,2014,1100000,2636,0,2636,11,-1097364,-416.2989378,-0.997603636,0,2014 The Sleepwalker,2.659,1/20/2014,en,4.1,9,Drama,0,0,0,0,0,0,1,0,0,0,0,0,0,0,0,0,0,0,0,FALSE
The Dead Undead,2010,1100000,0,0,0,12,,,,0,2010 The Dead Undead,3.127,5/13/2010,en,3.1,9,"Horror,Science Fiction,Action",1,0,0,0,0,0,0,0,0,0,1,0,0,0,1,0,0,0,0,TRUE
The Vatican Exorcisms,2013,1100000,0,0,0,12,,,,0,2013 The Vatican Exorcisms,0.819,5/29/2013,en,4.2,14,"Horror,Documentary,Mystery",0,0,0,0,0,1,0,0,0,0,1,0,1,0,0,0,0,0,0,TRUE
The Devil Inside,2012,1000000,53262945,48496545,101759490,1,100759490,0.9901729067234908,100.75949,0.4765800713034234,2012 The Devil Inside,7.403,1/6/2012,en,4.7,441,"Thriller,Horror",0,0,0,0,0,0,0,0,0,0,1,0,0,0,0,0,1,0,0,FALSE
Unfriended,2015,1000000,32789645,31574553,64364198,4,63364198,0.984463412,63.364198,0.4905608083549802,2015 Unfriended,8.12,4/17/2015,en,5.4,2019,"Horror,Thriller",0,0,0,0,0,0,0,0,0,0,1,0,0,0,0,0,1,0,0,FALSE
You're Next,2013,1000000,18494006,8393171,26887177,8,25887177,0.962807549,25.887177,0.3121625970625328,2013 You're Next,11.45,8/23/2013,en,6.6,1258,"Horror,Thriller,Mystery",0,0,0,0,0,0,0,0,0,0,1,0,1,0,0,0,1,0,0,FALSE
Chernobyl Diaries,2012,1000000,18119640,24292081,42411721,5,41411721,0.9764216123179722,41.411721,0.5727681034212216,2012 Chernobyl Diaries,14.658,5/25/2012,en,5,842,"Horror,Thriller",0,0,0,0,0,0,0,0,0,0,1,0,0,0,0,0,1,0,0,FALSE
Blue Valentine,2010,1000000,9737892,6828348,16566240,12,15566240,0.9396362723225063,15.56624,0.4121845391591574,2010 Blue Valentine,8.994,12/29/2010,en,6.9,1677,"Drama,Romance",0,0,0,0,0,0,1,0,0,0,0,0,0,1,0,0,0,0,0,FALSE
Unfriended: Dark Web,2018,1000000,8866745,7567843,16434588,7,15434588,0.9391527186443616,15.434588,0.4604826722762992,2018 Unfriended: Dark Web,17.861,7/20/2018,en,6.1,365,Horror,0,0,0,0,0,0,0,0,0,0,1,0,0,0,0,0,0,0,0,FALSE
I Am Not Your Negro,2017,1000000,7123919,2493483,9617402,2,8617402,0.8960218154549431,8.617402,0.2592678355339622,2017 I Am Not Your Negro,7.026,2/3/2017,en,8.1,196,Documentary,0,0,0,0,0,1,0,0,0,0,0,0,0,0,0,0,0,0,0,FALSE
The Sessions,2012,1000000,6002451,5492753,11495204,10,10495204,0.9130071984803402,10.495204,0.4778299715255162,2012 The Sessions,6.46,10/18/2012,en,6.9,296,"Drama,Romance,Comedy",0,0,0,1,0,0,1,0,0,0,0,0,0,1,0,0,0,0,0,FALSE
The Skeleton Twins,2014,1000000,5284309,512883,5797192,9,4797192,0.8275026944079134,4.797192,0.088470936,2014 The Skeleton Twins,10.341,9/12/2014,en,6.7,394,Drama,0,0,0,0,0,0,1,0,0,0,0,0,0,0,0,0,0,0,0,FALSE
Obvious Child,2014,1000000,3122616,201454,3324070,6,2324070,0.6991639766912249,2.32407,0.06060462,2014 Obvious Child,8.232,6/6/2014,en,6.7,256,"Comedy,Romance",0,0,0,1,0,0,0,0,0,0,0,0,0,1,0,0,0,0,0,FALSE
Martha Marcy May Marlene,2011,1000000,2981038,2457873,5438911,10,4438911,0.8161396647233242,4.438911,0.451905354,2011 Martha Marcy May Marlene,9.477,10/21/2011,en,6.7,413,"Drama,Thriller",0,0,0,0,0,0,1,0,0,0,0,0,0,0,0,0,1,0,0,FALSE
Patti Cake$,2017,1000000,800148,670942,1471090,8,471090,0.3202319368631423,0.47109,0.4560849438171696,2017 Patti Cake$,6.934,8/18/2017,en,7,122,Drama,0,0,0,0,0,0,1,0,0,0,0,0,0,0,0,0,0,0,0,FALSE
Palo Alto,2014,1000000,767732,388577,1156309,5,156309,0.1351792643661858,0.156309,0.3360494469903806,2014 Palo Alto,7.262,5/9/2014,en,6.4,528,Drama,0,0,0,0,0,0,1,0,0,0,0,0,0,0,0,0,0,0,0,FALSE
The Future,2011,1000000,568662,670512,1239174,7,239174,0.1930108281807074,0.239174,0.5410959235748974,2011 The Future,3.836,7/29/2011,en,5.8,38,"Comedy,Drama",0,0,0,1,0,0,1,0,0,0,0,0,0,0,0,0,0,0,0,FALSE
23 Blast,2014,1000000,549185,0,549185,10,-450815,-0.820880031,-0.450815,0,2014 23 Blast,2.213,10/24/2014,en,6.5,31,Drama,0,0,0,0,0,0,1,0,0,0,0,0,0,0,0,0,0,0,0,FALSE
I Origins,2014,1000000,336472,515927,852399,7,-147601,-0.173159518,-0.147601,0.6052646706530627,2014 I Origins,8.459,7/18/2014,en,7.6,1814,"Science Fiction,Drama",0,0,0,0,0,0,1,0,0,0,0,0,0,0,1,0,0,0,0,FALSE
Hardflip,2012,1000000,96734,0,96734,6,-903266,-9.337626894,-0.903266,0,2012 Hardflip,1.186,6/1/2012,en,5,7,"Drama,Action",1,0,0,0,0,0,1,0,0,0,0,0,0,0,0,0,0,0,0,FALSE
Creative Control,2016,1000000,63014,0,63014,3,-936986,-14.86948932,-0.936986,0,2016 Creative Control,3.35,3/11/2016,en,5.6,36,"Drama,Science Fiction",0,0,0,0,0,0,1,0,0,0,0,0,0,0,1,0,0,0,0,FALSE
Camp X-Ray,2014,1000000,9837,91216,101053,10,-898947,-8.895797255,-0.898947,0.9026550424034911,2014 Camp X-Ray,15.237,10/17/2014,en,6.8,618,Drama,0,0,0,0,0,0,1,0,0,0,0,0,0,0,0,0,0,0,0,FALSE
The Sisterhood of Night,2015,1000000,6870,0,6870,4,-993130,-144.5604076,-0.99313,0,2015 The Sisterhood of Night,3.314,4/10/2015,en,6.4,51,"Mystery,Drama,Thriller",0,0,0,0,0,0,1,0,0,0,0,0,1,0,0,0,1,0,0,FALSE
Childless,2015,1000000,1036,0,1036,5,-998964,-964.2509653,-0.998964,0,2015 Childless,0.66,4/3/2015,en,4.5,2,Unknown,0,0,0,0,0,0,0,0,0,0,0,0,0,0,0,0,0,0,0,FALSE
Heli,2013,1000000,0,552614,552614,12,-447386,-0.809581371,-0.447386,1,2013 Heli,3.01,10/19/2013,es,6.4,46,"Crime,Drama,Romance",0,0,0,0,1,0,1,0,0,0,0,0,0,1,0,0,0,0,0,FALSE
American Hero,2015,1000000,0,26,26,12,-999974,-38460.53846,-0.999974,1,2015 American Hero,6.56,12/11/2015,en,5,93,"Action,Comedy,Science Fiction",1,0,0,1,0,0,0,0,0,0,0,0,0,0,1,0,0,0,0,FALSE
Snow White: A Deadly Summer,2012,1000000,0,0,0,3,,,,0,2012 Snow White: A Deadly Summer,3.595,3/16/2012,en,4.1,14,"Horror,Thriller",0,0,0,0,0,0,0,0,0,0,1,0,0,0,0,0,1,0,0,TRUE
Doc Holliday's Revenge,2014,1000000,0,0,0,12,,,,0,2014 Doc Holliday's Revenge,0.84,6/1/2014,en,3.2,3,Western,0,0,0,0,0,0,0,0,0,0,0,0,0,0,0,0,0,0,1,TRUE
Hush,2016,1000000,0,0,0,4,,,,0,2016 Hush,12.194,3/12/2016,en,6.8,2147,"Horror,Thriller",0,0,0,0,0,0,0,0,0,0,1,0,0,0,0,0,1,0,0,TRUE
Chemical Cut,2016,1000000,0,0,0,12,,,,0,2016 Chemical Cut,0.639,1/24/2016,en,10,1,"Comedy,Drama",0,0,0,1,0,0,1,0,0,0,0,0,0,0,0,0,0,0,0,TRUE
Lowriders,2017,916000,6179955,8466,6188421,5,5272421,0.8519816282699577,5.755918122270742,0.001368039,2017 Lowriders,4.958,5/12/2017,en,6.5,46,Drama,0,0,0,0,0,0,1,0,0,0,0,0,0,0,0,0,0,0,0,FALSE
Fruitvale Station,2013,900000,16098998,1450647,17549645,7,16649645,0.9487169113677228,18.499605555555554,0.082659621,2013 Fruitvale Station,9.587,7/26/2013,en,7.4,645,Drama,0,0,0,0,0,0,1,0,0,0,0,0,0,0,0,0,0,0,0,FALSE
Meet the Blacks,2016,900000,9097072,0,9097072,4,8197072,0.901067069,9.107857777777776,0,2016 Meet the Blacks,6.131,4/1/2016,en,4.4,139,"Comedy,Horror",0,0,0,1,0,0,0,0,0,0,1,0,0,0,0,0,0,0,0,FALSE
Circumstance,2011,900000,454121,504857,958978,8,58978,0.061500889,0.065531111,0.5264531615949479,2011 Circumstance,2.86,8/26/2011,fa,6.9,45,Drama,0,0,0,0,0,0,1,0,0,0,0,0,0,0,0,0,0,0,0,FALSE
The Giant Mechanical Man,2012,900000,7396,0,7396,4,-892604,-120.6873986,-0.991782222,0,2012 The Giant Mechanical Man,5.945,4/27/2012,en,6.3,70,"Comedy,Drama,Romance",0,0,0,1,0,0,1,0,0,0,0,0,0,1,0,0,0,0,0,FALSE
The Brass Teapot,2013,900000,6997,406736,413733,4,-486267,-1.175315965,-0.540296667,0.9830881268837632,2013 The Brass Teapot,6.495,4/5/2013,en,6,240,"Comedy,Fantasy,Thriller",0,0,0,1,0,0,0,0,1,0,0,0,0,0,0,0,1,0,0,FALSE
Windsor Drive,2015,850000,3256,0,3256,8,-846744,-260.0565111,-0.996169412,0,2015 Windsor Drive,1.608,6/26/2015,en,2.5,4,"Thriller,Mystery",0,0,0,0,0,0,0,0,0,0,0,0,1,0,0,0,1,0,0,FALSE
Not Cool,2014,800000,35688,0,35688,9,-764312,-21.41649854,-0.95539,0,2014 Not Cool,2.246,9/23/2014,en,4.2,50,Comedy,0,0,0,1,0,0,0,0,0,0,0,0,0,0,0,0,0,0,0,FALSE
Kill List,2012,800000,29063,433143,462206,2,-337794,-0.730829976,-0.4222425,0.9371211105005128,2012 Kill List,7.036,1/4/2012,en,6.1,332,"Horror,Thriller,Crime",0,0,0,0,1,0,0,0,0,0,1,0,0,0,0,0,1,0,0,FALSE
Kevin Hart: Laugh at My Pain,2011,750000,7706436,6000,7712436,9,6962436,0.9027544604584076,9.283248,0.000777964,2011 Kevin Hart: Laugh at My Pain,6.558,9/9/2011,en,7.4,76,"Comedy,Documentary",0,0,0,1,0,1,0,0,0,0,0,0,0,0,0,0,0,0,0,FALSE
Safety Not Guaranteed,2012,750000,4010957,411361,4422318,6,3672318,0.8304056831733946,4.896424,0.093019317,2012 Safety Not Guaranteed,9.214,6/8/2012,en,6.9,792,"Comedy,Romance,Science Fiction,Drama",0,0,0,1,0,0,1,0,0,0,0,0,0,1,1,0,0,0,0,FALSE
All the Boys Love Mandy Lane,2013,750000,0,1960521,1960521,10,1210521,0.6174486271761435,1.614028,1,2013 All the Boys Love Mandy Lane,10.03,10/11/2013,en,5.5,326,"Horror,Mystery,Thriller",0,0,0,0,0,0,0,0,0,0,1,0,1,0,0,0,1,0,0,FALSE
Adulterers,2016,750000,0,0,0,1,,,,0,2016 Adulterers,8.058,1/5/2016,en,5.2,29,"Thriller,Crime,Drama",0,0,0,0,1,0,1,0,0,0,0,0,0,0,0,0,1,0,0,TRUE
Columbus,2017,700000,1017107,93404,1110511,8,410511,0.3696595531246426,0.5864442857142858,0.084109027,2017 Columbus,8.964,8/4/2017,en,7.3,130,Drama,0,0,0,0,0,0,1,0,0,0,0,0,0,0,0,0,0,0,0,FALSE
Walter,2015,700000,0,0,0,3,,,,0,2015 Walter,3.277,3/13/2015,en,5.5,31,"Drama,Comedy",0,0,0,1,0,0,1,0,0,0,0,0,0,0,0,0,0,0,0,TRUE
Escape from Tomorrow,2013,650000,171962,0,171962,10,-478038,-2.779904863,-0.735443077,0,2013 Escape from Tomorrow,5.743,10/11/2013,en,4.8,117,"Horror,Fantasy",0,0,0,0,0,0,0,0,1,0,1,0,0,0,0,0,0,0,0,FALSE
After,2012,650000,0,0,0,12,,,,0,2012 After,7.712,9/14/2012,en,5.7,86,"Mystery,Thriller",0,0,0,0,0,0,0,0,0,0,0,0,1,0,0,0,1,0,0,TRUE
Treachery,2013,625000,0,0,0,12,,,,0,2013 Treachery,1.874,12/4/2013,en,4.8,5,Drama,0,0,0,0,0,0,1,0,0,0,0,0,0,0,0,0,0,0,0,TRUE
Water & Power,2014,600000,42557,0,42557,5,-557443,-13.09873816,-0.929071667,0,2014 Water & Power,0.628,5/2/2014,en,3,1,"Crime,Drama",0,0,0,0,1,0,1,0,0,0,0,0,0,0,0,0,0,0,0,FALSE
Drunk Wedding,2015,600000,3301,0,3301,5,-596699,-180.7631021,-0.994498333,0,2015 Drunk Wedding,1.4,5/22/2015,en,3.9,15,Comedy,0,0,0,1,0,0,0,0,0,0,0,0,0,0,0,0,0,0,0,FALSE
The Maid's Room,2014,600000,0,0,0,8,,,,0,2014 The Maid's Room,0.849,8/8/2014,en,4.8,6,Thriller,0,0,0,0,0,0,0,0,0,0,0,0,0,0,0,0,1,0,0,TRUE
High Road,2012,546173,0,0,0,3,,,,0,2012 High Road,3.38,3/6/2012,en,5.6,38,Comedy,0,0,0,1,0,0,0,0,0,0,0,0,0,0,0,0,0,0,0,TRUE
Drinking Buddies,2013,500000,343706,63394,407100,8,-92900,-0.22819946,-0.1858,0.1557209530827806,2013 Drinking Buddies,8.997,8/23/2013,en,6,528,"Romance,Drama",0,0,0,0,0,0,1,0,0,0,0,0,0,1,0,0,0,0,0,FALSE
Monsters,2010,500000,237301,5402429,5639730,10,5139730,0.9113432735255056,10.27946,0.95792334,2010 Monsters,10.175,10/29/2010,en,6.2,848,"Drama,Thriller,Science Fiction",0,0,0,0,0,0,1,0,0,0,0,0,0,0,1,0,1,0,0,FALSE
O Menino e o Mundo,2015,500000,129479,151488,280967,12,-219033,-0.779568419,-0.438066,0.5391665213352458,2015 O Menino e o Mundo,6.352,12/11/2015,pt,7.3,114,"Animation,Adventure,Family,Science Fiction",0,1,1,0,0,0,0,1,0,0,0,0,0,0,1,0,0,0,0,FALSE
Born to Fly: Elizabeth Streb vs. Gravity,2014,500000,1822,0,1822,9,-498178,-273.4237102,-0.996356,0,2014 Born to Fly: Elizabeth Streb vs. Gravity,0.6,3/8/2014,en,5.5,2,Documentary,0,0,0,0,0,1,0,0,0,0,0,0,0,0,0,0,0,0,0,FALSE
Higher Power,2018,500000,528,0,528,5,-499472,-945.969697,-0.998944,0,2018 Higher Power,7.544,5/11/2018,en,4.9,43,"Action,Science Fiction,Thriller",1,0,0,0,0,0,0,0,0,0,0,0,0,0,1,0,1,0,0,FALSE
Drones,2010,500000,0,0,0,12,,,,0,2010 Drones,1.421,1/23/2010,en,5.2,5,"Comedy,Science Fiction",0,0,0,1,0,0,0,0,0,0,0,0,0,0,1,0,0,0,0,TRUE
Girls Gone Dead,2012,500000,0,0,0,7,,,,0,2012 Girls Gone Dead,5.405,3/28/2012,en,3.5,20,"Horror,Comedy",0,0,0,1,0,0,0,0,0,0,1,0,0,0,0,0,0,0,0,TRUE
Subconscious,2015,500000,0,0,0,3,,,,0,2015 Subconscious,0.855,3/10/2015,en,3.1,7,"Action,Thriller,Mystery",1,0,0,0,0,0,0,0,0,0,0,0,1,0,0,0,1,0,0,TRUE
As It Is in Heaven,2014,450000,13486,0,13486,7,-436514,-32.36793712,-0.970031111,0,2014 As It Is in Heaven,0.629,8/15/2014,en,8,1,Drama,0,0,0,0,0,0,1,0,0,0,0,0,0,0,0,0,0,0,0,FALSE
Blue Ruin,2014,420000,258384,178618,437002,4,17002,0.038906,0.040480952,0.4087349714646615,2014 Blue Ruin,7.983,4/25/2014,en,6.9,736,"Crime,Thriller",0,0,0,0,1,0,0,0,0,0,0,0,0,0,0,0,1,0,0,FALSE
I Want Your Money,2010,400000,433588,0,433588,10,33588,0.077465244,0.08397,0,2010 I Want Your Money,0.744,7/6/2010,en,4.2,5,Documentary,0,0,0,0,0,1,0,0,0,0,0,0,0,0,0,0,0,0,0,FALSE
Rotor DR1,2015,350000,0,0,0,10,,,,0,2015 Rotor DR1,1.247,10/20/2015,en,4.3,4,"Science Fiction,Family",0,0,0,0,0,0,0,1,0,0,0,0,0,0,1,0,0,0,0,TRUE
Locker 13,2014,300000,3496,0,3496,3,-296504,-84.81235698,-0.988346667,0,2014 Locker 13,0.732,3/29/2014,en,6.4,4,"Horror,Drama,Thriller",0,0,0,0,0,0,1,0,0,0,1,0,0,0,0,0,1,0,0,FALSE
The Looking Glass,2015,300000,1711,0,1711,10,-298289,-174.3360608,-0.994296667,0,2015 The Looking Glass,0.6,10/23/2015,en,6.5,2,Unknown,0,0,0,0,0,0,0,0,0,0,0,0,0,0,0,0,0,0,0,FALSE
Some Guy Who Kills People,2012,300000,0,0,0,7,,,,0,2012 Some Guy Who Kills People,5.908,10/5/2012,en,6.1,59,"Comedy,Horror,Thriller",0,0,0,1,0,0,0,0,0,0,1,0,0,0,0,0,1,0,0,TRUE
Teeth and Blood,2015,300000,0,0,0,3,,,,0,2015 Teeth and Blood,0.6,3/10/2015,en,3,1,"Horror,Action",1,0,0,0,0,0,0,0,0,0,1,0,0,0,0,0,0,0,0,TRUE
Anderson's Cross,2010,300000,0,0,0,12,,,,0,2010 Anderson's Cross,0.6,5/20/2010,en,5,1,"Romance,Comedy,Drama",0,0,0,1,0,0,1,0,0,0,0,0,0,1,0,0,0,0,0,TRUE
Compliance,2012,270000,319285,511415,830700,8,560700,0.6749729144095341,2.0766666666666667,0.615643433,2012 Compliance,6.93,8/24/2012,en,6.4,340,"Drama,Thriller,Crime,Mystery",0,0,0,0,1,0,1,0,0,0,0,0,1,0,0,0,1,0,0,FALSE
Sleight,2017,250000,3930990,3460,3934450,4,3684450,0.9364587172285834,14.7378,0.000879411,2017 Sleight,5.664,4/28/2017,en,5.3,367,"Drama,Thriller,Action,Science Fiction",1,0,0,0,0,0,1,0,0,0,0,0,0,0,1,0,1,0,0,FALSE
Like Crazy,2011,250000,3395391,333009,3728400,10,3478400,0.9329471086793264,13.9136,0.089316865,2011 Like Crazy,10.091,10/28/2011,en,6.5,638,"Drama,Romance",0,0,0,0,0,0,1,0,0,0,0,0,0,1,0,0,0,0,0,FALSE
The Canyons,2013,250000,59671,2704,62375,8,-187625,-3.008016032,-0.7505,0.043350701,2013 The Canyons,6.937,7/29/2013,en,4.3,134,"Thriller,Drama",0,0,0,0,0,0,1,0,0,0,0,0,0,0,0,0,1,0,0,FALSE
Test,2014,250000,18823,0,18823,6,-231177,-12.28162355,-0.924708,0,2014 Test,0.6,9/27/2014,en,8,1,"Drama,Science Fiction",0,0,0,0,0,0,1,0,0,0,0,0,0,0,1,0,0,0,0,FALSE
Rust,2010,250000,0,0,0,10,,,,0,2010 Rust,0.66,10/7/2010,en,8,1,Drama,0,0,0,0,0,0,1,0,0,0,0,0,0,0,0,0,0,0,0,TRUE
The Christmas Bunny,2010,250000,0,0,0,12,,,,0,2010 The Christmas Bunny,1.4,11/28/2010,en,6.1,11,"Drama,Family,TV Movie",0,0,0,0,0,0,1,1,0,0,0,0,0,0,0,1,0,0,0,TRUE
The Frozen,2012,250000,0,0,0,12,,,,0,2012 The Frozen,1.928,10/10/2012,en,4.2,20,"Horror,Thriller",0,0,0,0,0,0,0,0,0,0,1,0,0,0,0,0,1,0,0,TRUE
Butterfly,2010,250000,0,0,0,12,,,,0,2010 Butterfly,0.6,10/31/2010,en,5.5,2,"Thriller,Horror",0,0,0,0,0,0,0,0,0,0,1,0,0,0,0,0,1,0,0,TRUE
Rock the House,2011,250000,0,0,0,12,,,,0,2011 Rock the House,0.753,6/18/2011,en,5,4,"Family,Comedy,Drama",0,0,0,1,0,0,1,1,0,0,0,0,0,0,0,0,0,0,0,TRUE
Burn,2012,225000,1109276,0,1109276,7,884276,0.7971649977102182,3.930115555555556,0,2012 Burn,1.958,11/1/2012,en,7.1,14,Documentary,0,0,0,0,0,1,0,0,0,0,0,0,0,0,0,0,0,0,0,FALSE
The Grace Card,2011,200000,2430735,0,2430735,2,2230735,0.9177203603025422,11.153675,0,2011 The Grace Card,2.142,2/25/2011,en,6.5,18,Drama,0,0,0,0,0,0,1,0,0,0,0,0,0,0,0,0,0,0,0,FALSE
The Overnight,2015,200000,1109808,56188,1165996,6,965996,0.8284728249496568,4.82998,0.048188845,2015 The Overnight,6.576,6/19/2015,en,6,200,"Mystery,Comedy",0,0,0,1,0,0,0,0,0,0,0,0,1,0,0,0,0,0,0,FALSE
Middle of Nowhere,2012,200000,236806,0,236806,10,36806,0.1554268050640608,0.18403,0,2012 Middle of Nowhere,1.62,1/20/2012,en,6.5,11,Drama,0,0,0,0,0,0,1,0,0,0,0,0,0,0,0,0,0,0,0,FALSE
H.,2014,200000,0,0,0,12,,,,0,2014 H.,2.157,9/7/2014,en,6.3,8,"Thriller,Drama,Science Fiction",0,0,0,0,0,0,1,0,0,0,0,0,0,0,1,0,1,0,0,TRUE
Weekend,2011,190000,484592,1092993,1577585,9,1387585,0.8795627493922673,7.303078947368421,0.6928266939657768,2011 Weekend,8.326,9/22/2011,en,7.5,287,"Drama,Romance",0,0,0,0,0,0,1,0,0,0,0,0,0,1,0,0,0,0,0,FALSE
Arrowhead,2017,180000,0,0,0,6,,,,0,2017 Arrowhead,3.552,6/23/2017,en,4.9,58,"Action,Adventure,Mystery,Science Fiction",1,1,0,0,0,0,0,0,0,0,0,0,1,0,1,0,0,0,0,TRUE
Another Earth,2011,175000,1321194,781585,2102779,7,1927779,0.9167767987030496,11.01588,0.3716914616324397,2011 Another Earth,10.03,7/22/2011,en,6.7,853,"Drama,Science Fiction",0,0,0,0,0,0,1,0,0,0,0,0,0,0,1,0,0,0,0,FALSE
Sparrows Dance,2013,175000,2602,0,2602,8,-172398,-66.25595696,-0.985131429,0,2013 Sparrows Dance,0.968,8/23/2013,en,7.4,6,"Drama,Comedy,Romance",0,0,0,1,0,0,1,0,0,0,0,0,0,1,0,0,0,0,0,FALSE
The Fits,2016,170000,166425,2817,169242,6,-758,-0.004478794,-0.004458824,0.016644804,2016 The Fits,4.938,1/22/2016,en,6.6,66,Drama,0,0,0,0,0,0,1,0,0,0,0,0,0,0,0,0,0,0,0,FALSE
Speak No Evil,2013,150000,0,32927,32927,12,-117073,-3.555531934,-0.780486667,1,2013 Speak No Evil,2.443,5/24/2013,en,3.6,19,Horror,0,0,0,0,0,0,0,0,0,0,1,0,0,0,0,0,0,0,0,FALSE
Aroused,2013,150000,0,0,0,5,,,,0,2013 Aroused,2.017,2/20/2013,en,6.6,18,Documentary,0,0,0,0,0,1,0,0,0,0,0,0,0,0,0,0,0,0,0,TRUE
Your Sister's Sister,2012,120000,1597486,1493107,3090593,6,2970593,0.9611725,24.754941666666667,0.483113435,2012 Your Sister's Sister,7.115,6/14/2012,en,6.6,192,"Drama,Comedy",0,0,0,1,0,0,1,0,0,0,0,0,0,0,0,0,0,0,0,FALSE
The Gallows,2015,100000,22764410,18892064,41656474,7,41556474,0.9975994127587468,415.56474,0.4535204779934086,2015 The Gallows,9.166,7/10/2015,en,4.8,591,"Horror,Thriller",0,0,0,0,0,0,0,0,0,0,1,0,0,0,0,0,1,0,0,FALSE
A Ghost Story,2017,100000,1594798,1174984,2769782,7,2669782,0.963896076,26.69782,0.4242153353585228,2017 A Ghost Story,11.886,7/7/2017,en,7,906,"Drama,Fantasy,Romance",0,0,0,0,0,0,1,0,1,0,0,0,0,1,0,0,0,0,0,FALSE
Indie Game: The Movie,2012,100000,0,0,0,5,,,,0,2012 Indie Game: The Movie,6.202,5/18/2012,en,7.8,259,Documentary,0,0,0,0,0,1,0,0,0,0,0,0,0,0,0,0,0,0,0,TRUE
The Night Visitor,2015,100000,0,0,0,11,,,,0,2015 The Night Visitor,0.671,11/22/2015,en,4.5,2,Horror,0,0,0,0,0,0,0,0,0,0,1,0,0,0,0,0,0,0,0,TRUE
Queen Crab,2015,75000,0,0,0,9,,,,0,2015 Queen Crab,1.252,9/29/2015,en,3.2,5,"Science Fiction,Horror",0,0,0,0,0,0,0,0,0,0,1,0,0,0,1,0,0,0,0,TRUE
Happy Christmas,2014,70000,30312,0,30312,7,-39688,-1.309316442,-0.566971429,0,2014 Happy Christmas,5.767,6/26/2014,en,5.1,95,"Comedy,Drama",0,0,0,1,0,0,1,0,0,0,0,0,0,0,0,0,0,0,0,FALSE
Absentia,2011,70000,0,8555,8555,12,-61445,-7.182349503,-0.877785714,1,2011 Absentia,10.357,3/3/2011,en,5.9,175,"Mystery,Horror,Thriller",0,0,0,0,0,0,0,0,0,0,1,0,1,0,0,0,1,0,0,FALSE
Hayride,2012,60000,0,0,0,12,,,,0,2012 Hayride,2.914,10/13/2012,en,4.6,10,"Thriller,Horror",0,0,0,0,0,0,0,0,0,0,1,0,0,0,0,0,1,0,0,TRUE
The Dirties,2013,55000,0,0,0,10,,,,0,2013 The Dirties,2.971,10/4/2013,en,6.1,57,"Drama,Crime",0,0,0,0,1,0,1,0,0,0,0,0,0,0,0,0,0,0,0,TRUE
Tiny Furniture,2010,50000,391674,32475,424149,11,374149,0.8821168975996643,7.48298,0.076565075,2010 Tiny Furniture,6.695,11/12/2010,en,5.9,82,"Romance,Comedy,Drama",0,0,0,1,0,0,1,0,0,0,0,0,0,1,0,0,0,0,0,FALSE
Counting,2015,50000,8374,0,8374,7,-41626,-4.970862193,-0.83252,0,2015 Counting,0.6,7/31/2015,en,8.3,3,Documentary,0,0,0,0,0,1,0,0,0,0,0,0,0,0,0,0,0,0,0,FALSE
Down and Dangerous,2014,50000,0,0,0,2,,,,0,2014 Down and Dangerous,2.621,2/14/2014,en,4.3,9,"Crime,Thriller,Drama",0,0,0,0,1,0,1,0,0,0,0,0,0,0,0,0,1,0,0,TRUE
"Run, Hide, Die",2015,50000,0,0,0,9,,,,0,"2015 Run, Hide, Die",0.6,9/1/2015,en,3.5,2,"Thriller,Horror",0,0,0,0,0,0,0,0,0,0,1,0,0,0,0,0,1,0,0,TRUE
A True Story,2013,45000,0,0,0,10,,,,0,2013 A True Story,1.218,9/20/2013,en,6.6,4,Comedy,0,0,0,1,0,0,0,0,0,0,0,0,0,0,0,0,0,0,0,TRUE
This Is Martin Bonner,2013,42000,0,0,0,6,,,,0,2013 This Is Martin Bonner,1.897,6/28/2013,en,5.7,9,Drama,0,0,0,0,0,0,1,0,0,0,0,0,0,0,0,0,0,0,0,TRUE
Raymond Did It,2011,40000,3632,0,3632,2,-36368,-10.01321586,-0.9092,0,2011 Raymond Did It,1.675,3/27/2011,en,3.7,8,Horror,0,0,0,0,0,0,0,0,0,0,1,0,0,0,0,0,0,0,0,FALSE
Foreign Letters,2012,40000,0,0,0,3,,,,0,2012 Foreign Letters,0.6,4/22/2012,en,5.3,3,Unknown,0,0,0,0,0,0,0,0,0,0,0,0,0,0,0,0,0,0,0,TRUE
Her Cry: La Llorona Investigation,2013,35000,0,0,0,10,,,,0,2013 Her Cry: La Llorona Investigation,0.6,4/19/2013,en,5,2,Horror,0,0,0,0,0,0,0,0,0,0,1,0,0,0,0,0,0,0,0,TRUE
Krisha,2016,30000,144822,0,144822,3,114822,0.7928491527530348,3.8274,0,2016 Krisha,5.288,3/18/2016,en,6.8,86,Drama,0,0,0,0,0,0,1,0,0,0,0,0,0,0,0,0,0,0,0,FALSE
Exeter,2015,25000,0,489792,489792,9,464792,0.9489579249967331,18.59168,1,2015 Exeter,5.934,3/26/2015,en,4.7,121,"Thriller,Horror",0,0,0,0,0,0,0,0,0,0,1,0,0,0,0,0,1,0,0,FALSE
All Superheroes Must Die,2013,20000,0,0,0,1,,,,0,2013 All Superheroes Must Die,2.078,1/4/2013,en,3.9,19,"Science Fiction,Thriller",0,0,0,0,0,0,0,0,0,0,0,0,0,0,1,0,1,0,0,TRUE
